bytearray(b'\xef\xbf\xbdreceived from UR: s -> s (0,1)\r\n*** STATUS ***\r\nid        :         2 -\r\nstep      :         0 steps\r\nspeed     :      1500 msteps/s\r\nmspeed    :      1000 msteps/s\r\nsg-thrs   :        80 -\r\ndefault   :     12000 \xc2\xb5m\r\ndispense  :     33765 \xc2\xb5m\r\nblowout   :     36000 \xc2\xb5m\r\nd-offset  :        20 \xc2\xb5m\r\nur0       :         1 -\r\nur1       :         1 -\r\nhomed     :         1 -\r\nreturn;s;0\r\n'), 14:15:10
bytearray(b'\xef\xbf\xbdreceived from UR: find -> find (0,1)\r\nSTEPPER: Moving to mstep: 5200 with speed [msteps/sec]: 4000 in SpreadCycle.\r\n'), 14:15:12
bytearray(b'STEPPER: Moved 5200.00 msteps (ramp: 35%) in 1607.744 ms -> average speed [msteps/sec]: 3234.35\r\nSTEPPER: Moving to mstep: 7200 with speed [msteps/sec]: 1000 in StealthChop.\r\n'), 14:15:13
bytearray(b'STEPPER: Estimate 1: [msteps] 6636\r\nSTEPPER: buffer (5200,126;5204,298;5208,254;5213,312;5217,288;5221,316;5226,300;5230,314;5234,300;5239,312;5243,318;5247,304;5252,318;5256,302;5260,316;5265,294;5269,320;5274,292;5278,320;5282,290;5287,318;5291,310;5295,308;5300,322;5304,306;5308,320;5313,306;5317,310;5321,280;5326,308;5330,294;5334,306;5339,278;5343,312;5348,310;5352,296;5356,308;5361,308;5365,314;5369,284;5374,312;5378,284;5382,310;5387,282;5391,302;5395,314;5400,298;5404,312;5408,312;5413,304;5417,288;5422,316;5426,286;5430,314;5435,298;5439,304;5443,304;5448,288;5452,316;5456,300;5461,314;5465,290;5469,318;5474,290;5478,316;5482,288;5487,308;5491,320;5496,306;5500,318;5504,304;5509,316;5513,280;5517,308;5522,278;5526,306;5530,290;5535,304;5539,322;5543,306;5548,308;5552,306;5557,318;5561,296;5565,308;5570,294;5574,308;5578,292;5583,320;5587,312;5591,310;5596,322;5600,294;5604,334;5609,284;5613,310;5617,296;5622,308;5626,280;5631,306;5635,314;5639,298;5644,310;5648,296;5652,310;5657,294;5661,314;5665,300;5670,312;5674,298;5678,310;5683,282;5687,316;5691,314;5696,300;5700,326;5705,312;5709,304;5713,274;5718,302;5722,286;5726,314;5731,284;5735,304;5739,318;5744,302;5748,316;5752,300;5757,314;5761,292;5765,306;5770,290;5774,304;5779,288;5783,308;5787,322;5792,292;5796,320;5800,304;5805,318;5809,280;5813,308;5818,278;5822,306;5826,276;5831,304;5835,310;5839,296;5844,322;5848,306;5853,306;5857,298;5861,324;5866,296;5870,308;5874,280;5879,306;5883,300;5887,296;5892,310;5896,296;5900,322;5905,284;5909,312;5913,282;5918,298;5922,280;5927,308;5931,314;5935,298;5940,312;5944,310;5948,310;5953,294;5957,314;5961,284;5966,312;5970,296;5974,310;5979,294;5983,286;5988,312;5992,298;5996,312;6001,296;6005,314;6009,286;6014,312;6018,284;6022,310;6027,280;6031,302;6035,314;6040,300;6044,312;6048,310;6053,310;6057,286;6062,312;6066,298;6070,312;6075,296;6079,300;6083,314;6088,300;6092,312;6096,312;6101,310;6105,288;6109,300;6114,286;6118,300;6123,284;6127,304;6131,316;6136,302;6140,314;6144,300;6149,312;6153,288;6157,302;6162,288;6166,314;6170,300;6175,290;6179,318;6183,290;6188,316;6192,302;6197,328;6201,278;6205,304;6210,290;6214,302;6218,286;6223,300;6227,320;6231,304;6236,318;6240,302;6244,316;6249,278;6253,306;6257,276;6262,304;6266,288;6271,316;6275,308;6279,292;6284,306;6288,304;6292,318;6297,302;6301,306;6305,278;6310,306;6314,290;6318,318;6323,288;6327,294;6331,320;6336,306;6340,318;6345,304;6349,310;6353,280;6358,308;6362,292;6366,306;6371,290;6375,296;6379,322;6384,294;6388,320;6392,306;6397,320;6401,282;6405,308;6410,292;6414,306;6419,276;6423,310;6427,310;6432,308;6436,322;6440,308;6445,320;6449,282;6453,310;6458,294;6462,308;6466,280;6471,300;6475,312;6480,298;6484,310;6488,296;6493,310;6497,286;6501,314;6506,284;6510,312;6514,282;6519,308;6523,314;6527,298;6532,312;6536,298;6540,310;6545,286;6549,300;6554,284;6558,298;6562,282;6567,310;6571,302;6575,300;6580,312;6584,298;6588,312;6593,274;6597,300;6601,284;6606,298;6610,268;6614,296;6619,300;6623,286;6628,312;6632,284;6636,296;6641,260;6645,286;6649,270;6654,284;6658,268;6662,282;6667,288;6671,258;6675,286;6680,270;6684,284;6689,254;6693,274;6697,258;6702,272;6706,256;6710,268;6715,254;6719,288;6723,286;6728,258;6732,298;6736,256;6741,286;6745,272;6749,286;6754,272;6758,284;6763,254;6767,260;6771,288;6776,258;6780,284;6784,256;6789,282;6793,260;6797,286;6802,242;6806,270;6810,254;6815,260;6819,288;6823,272;6828,284;6832,268;6837,282;6841,244;6845,272;6850,242;6854,284;6858,254;6863,258;6867,272;6871,258;6876,270;6880,254;6884,282;6889,260;6893,272;6897,256;6902,270;6906,254;6911,280;6915,286;6919,272;6924,284;6928,268;6932,282;6937,258;6941,284;6945,256;6950,282;6954,266;6958,280;6963,284;6967,268;6971,282;6976,266;6980,280;6985,250;6989,268;6993,238;6998,280;7002,250;7006,278;7011,234;7015,282;7019,280;7024,278;7028,278;7032,262;7037,266;7041,238;7045,278;7050,248;7054,274;7059,246;7063,266;7067,278;7072,250;7076,290;7080,260;7085,266;7089,250;7093,262;7098,248;7102,288;7106,258;7111,250;7115,290;7120,262;7124,288;7128,258;7133,284;7137,262;7141,274;7146,244;7150,270;7154,256;7159,276;7163,288;7167,258;7172,272;7176,256;7180,284;7185,246;7189,288;7194,258;7198,270;) of size 460\r\nSTEPPER: Moving to mstep: 5200 with speed [msteps/sec]: 4000 in SpreadCycle.\r\n'), 14:15:16
bytearray(b'STEPPER: Moved 2000.00 msteps (ramp: 35%) in 699.756 ms -> average speed [msteps/sec]: 2858.14\r\nSTEPPER: Moving to mstep: 7200 with speed [msteps/sec]: 1000 in StealthChop.\r\n'), 14:15:17
bytearray(b'STEPPER: Estimate 2: [msteps] 6667\r\nSTEPPER: buffer (5200,288;5204,302;5208,288;5213,314;5217,290;5221,302;5226,288;5230,314;5234,298;5239,312;5243,316;5247,286;5252,312;5256,298;5260,310;5265,300;5269,300;5274,298;5278,310;5282,294;5287,306;5291,312;5295,310;5300,308;5304,306;5308,306;5313,304;5317,308;5321,294;5326,306;5330,292;5334,318;5339,288;5343,294;5348,306;5352,290;5356,304;5361,288;5365,308;5369,306;5374,306;5378,290;5382,302;5387,286;5391,306;5395,320;5400,290;5404,316;5408,286;5413,306;5417,292;5422,318;5426,290;5430,302;5435,286;5439,306;5443,318;5448,304;5452,302;5456,288;5461,314;5465,292;5469,304;5474,290;5478,302;5482,286;5487,294;5491,306;5496,292;5500,304;5504,302;5509,316;5513,294;5517,306;5522,292;5526,304;5530,290;5535,304;5539,310;5543,280;5548,306;5552,292;5557,304;5561,310;5565,310;5570,294;5574,322;5578,292;5583,306;5587,310;5591,296;5596,308;5600,294;5604,320;5609,296;5613,310;5617,280;5622,294;5626,278;5631,304;5635,310;5639,294;5644,308;5648,292;5652,306;5657,304;5661,310;5665,294;5670,308;5674,292;5678,306;5683,304;5687,294;5691,308;5696,292;5700,304;5705,304;5709,310;5713,294;5718,320;5722,292;5726,318;5731,290;5735,308;5739,308;5744,306;5748,306;5752,290;5757,304;5761,294;5766,294;5770,292;5774,306;5779,290;5783,294;5787,308;5792,292;5796,320;5800,292;5805,318;5809,294;5813,308;5818,292;5822,304;5826,304;5831,296;5835,308;5840,294;5844,306;5848,290;5853,318;5857,294;5861,306;5866,292;5870,318;5874,288;5879,316;5883,308;5887,278;5892,304;5896,304;5900,316;5905,280;5909,306;5914,290;5918,302;5922,288;5927,300;5931,306;5935,304;5940,318;5944,302;5948,314;5953,286;5957,318;5961,290;5966,302;5970,300;5975,312;5979,318;5983,304;5988,316;5992,300;5996,312;6001,296;6005,316;6009,286;6014,300;6018,284;6022,310;6027,294;6031,300;6035,314;6040,298;6044,310;6049,310;6053,316;6057,284;6062,312;6066,282;6070,308;6075,294;6079,314;6083,310;6088,310;6092,308;6096,306;6101,298;6105,296;6109,308;6114,294;6118,292;6123,290;6127,296;6131,308;6136,292;6140,306;6144,304;6149,318;6153,294;6157,306;6162,290;6166,304;6170,288;6175,294;6179,306;6184,290;6188,304;6192,304;6197,316;6201,292;6205,306;6210,290;6214,304;6218,288;6223,316;6227,306;6231,306;6236,318;6240,302;6244,316;6249,292;6253,306;6258,290;6262,318;6266,288;6271,314;6275,306;6279,304;6284,304;6288,288;6292,314;6297,284;6301,304;6305,288;6310,302;6314,286;6318,312;6323,284;6327,302;6332,316;6336,286;6340,314;6345,312;6349,304;6353,302;6358,314;6362,300;6366,312;6371,296;6375,302;6379,314;6384,284;6388,312;6392,296;6397,302;6401,286;6406,312;6410,284;6414,310;6419,282;6423,300;6427,314;6432,284;6436,310;6440,310;6445,308;6449,286;6453,312;6458,298;6462,310;6467,296;6471,286;6475,314;6480,298;6484,312;6488,296;6493,308;6497,300;6501,312;6506,298;6510,310;6514,280;6519,306;6523,312;6527,298;6532,310;6536,296;6541,308;6545,300;6549,312;6554,296;6558,294;6562,294;6567,306;6571,312;6575,282;6580,310;6584,294;6588,306;6593,298;6597,310;6601,294;6606,308;6610,278;6615,304;6619,310;6623,294;6628,308;6632,292;6636,304;6641,302;6645,308;6649,278;6654,306;6658,276;6662,302;6667,294;6671,250;6675,290;6680,290;6684,288;6689,286;6693,278;6697,262;6702,274;6706,260;6710,272;6715,258;6719,276;6723,290;6728,274;6732,286;6736,244;6741,262;6745,262;6750,274;6754,260;6758,272;6763,258;6767,262;6771,276;6776,232;6780,288;6784,274;6789,286;6793,262;6797,290;6802,260;6806,274;6810,258;6815,278;6819,290;6824,276;6828,288;6832,244;6837,286;6841,264;6845,290;6850,276;6854,274;6858,274;6863,286;6867,292;6871,262;6876,276;6880,274;6884,288;6889,264;6893,278;6898,262;6902,262;6906,260;6911,274;6915,266;6919,266;6924,292;6928,262;6932,290;6937,252;6941,278;6945,264;6950,276;6954,248;6958,276;6963,280;6967,238;6972,280;6976,278;6980,292;6985,254;6989,268;6993,254;6998,266;7002,264;7006,278;7011,270;7015,270;7019,282;7024,254;7028,280;7032,266;7037,270;7041,256;7046,282;7050,266;7054,280;7059,266;7063,272;7067,284;7072,270;7076,268;7080,266;7085,272;7089,258;7093,270;7098,256;7102,268;7107,254;7111,260;7115,286;7120,270;7124,270;7128,240;7133,268;7137,260;7141,270;7146,256;7150,270;7154,268;7159,274;7163,286;7167,270;7172,284;7176,256;7181,268;7185,260;7189,286;7194,258;7198,270;) of size 460\r\nSTEPPER: Moving to mstep: 5200 with speed [msteps/sec]: 4000 in SpreadCycle.\r\n'), 14:15:19
bytearray(b'STEPPER: Moved 2000.00 msteps (ramp: 35%) in 699.756 ms -> average speed [msteps/sec]: 2858.14\r\nSTEPPER: Moving to mstep: 7200 with speed [msteps/sec]: 1000 in StealthChop.\r\n'), 14:15:20
bytearray(b'STEPPER: Estimate 3: [msteps] 6645\r\nSTEPPER: buffer (5200,282;5204,310;5208,268;5213,310;5217,298;5221,312;5226,284;5230,310;5234,296;5239,310;5243,314;5247,298;5252,310;5256,296;5260,308;5265,298;5269,312;5274,296;5278,310;5282,294;5287,322;5291,298;5295,298;5300,310;5304,296;5308,322;5313,284;5317,310;5321,282;5326,308;5330,278;5334,306;5339,312;5343,296;5348,308;5352,308;5356,308;5361,292;5365,312;5369,282;5374,308;5378,280;5382,306;5387,278;5391,296;5395,310;5400,296;5404,322;5408,294;5413,312;5417,282;5422,310;5426,280;5430,306;5435,278;5439,296;5443,310;5448,308;5452,308;5456,292;5461,306;5465,296;5469,324;5474,294;5478,306;5482,292;5487,298;5491,310;5496,308;5500,322;5504,306;5509,320;5513,282;5517,310;5522,280;5526,306;5530,278;5535,304;5539,310;5543,294;5548,306;5552,306;5557,318;5561,294;5565,308;5570,292;5574,306;5578,290;5583,316;5587,322;5591,294;5596,320;5600,304;5604,318;5609,280;5613,306;5617,278;5622,304;5626,276;5631,316;5635,286;5639,306;5644,306;5648,304;5652,316;5657,302;5661,322;5665,290;5670,318;5674,290;5678,316;5683,286;5687,306;5691,318;5696,302;5700,316;5705,314;5709,304;5713,276;5718,304;5722,288;5726,302;5731,286;5735,306;5739,304;5744,302;5748,316;5752,300;5757,314;5761,290;5765,304;5770,288;5774,314;5779,284;5783,304;5787,318;5792,302;5796,316;5800,302;5805,314;5809,278;5813,306;5818,276;5822,302;5826,274;5831,308;5835,308;5840,306;5844,318;5848,304;5853,304;5857,280;5861,308;5866,278;5870,306;5874,290;5879,304;5883,308;5887,308;5892,306;5896,306;5900,318;5905,282;5909,308;5914,280;5918,306;5922,292;5927,304;5931,310;5935,296;5940,308;5944,292;5948,306;5953,290;5957,310;5961,296;5966,308;5970,280;5974,306;5979,312;5983,310;5988,320;5992,294;5996,320;6001,304;6005,310;6009,282;6014,308;6018,278;6022,306;6027,290;6031,296;6035,310;6040,294;6044,320;6048,306;6053,310;6057,282;6062,308;6066,280;6070,306;6075,292;6079,298;6083,310;6088,296;6092,308;6096,306;6101,318;6105,282;6109,308;6114,280;6118,306;6122,276;6127,296;6131,308;6136,294;6140,306;6144,292;6149,304;6153,282;6157,308;6162,292;6166,304;6170,290;6175,302;6179,322;6183,292;6188,320;6192,304;6197,318;6201,280;6205,306;6210,290;6214,318;6218,274;6223,302;6227,322;6231,306;6236,318;6240,304;6244,302;6249,292;6253,320;6257,290;6262,316;6266,286;6271,314;6275,318;6279,304;6284,316;6288,302;6292,314;6297,276;6301,304;6305,288;6310,302;6314,286;6318,312;6323,304;6327,302;6332,316;6336,300;6340,314;6345,298;6349,304;6353,288;6358,316;6362,286;6366,312;6371,284;6375,302;6379,316;6384,300;6388,314;6392,298;6397,304;6401,288;6406,314;6410,286;6414,312;6419,282;6423,302;6427,316;6432,300;6436,312;6440,298;6445,310;6449,302;6453,314;6458,298;6462,312;6466,282;6471,302;6475,314;6480,298;6484,312;6488,310;6493,310;6497,286;6501,300;6506,284;6510,312;6514,282;6519,308;6523,314;6527,298;6532,312;6536,296;6540,310;6545,300;6549,312;6554,298;6558,310;6562,280;6567,308;6571,314;6575,298;6580,310;6584,296;6588,322;6593,292;6597,312;6601,282;6606,310;6610,294;6614,308;6619,312;6623,298;6628,310;6632,296;6636,308;6641,308;6645,312;6649,268;6654,296;6658,266;6662,294;6667,264;6671,270;6675,296;6680,282;6684,294;6688,266;6693,270;6697,254;6702,268;6706,252;6710,266;6715,250;6719,270;6723,298;6728,282;6732,282;6736,252;6741,270;6745,256;6749,268;6754,254;6758,292;6763,264;6767,256;6771,284;6776,254;6780,282;6784,252;6789,292;6793,256;6797,268;6802,240;6806,280;6810,250;6815,256;6819,284;6823,254;6828,282;6832,266;6837,292;6841,242;6845,284;6850,268;6854,282;6858,250;6863,270;6867,298;6871,268;6876,282;6880,266;6884,292;6889,256;6893,282;6898,254;6902,266;6906,236;6911,292;6915,284;6919,270;6924,282;6928,236;6932,292;6937,270;6941,282;6945,266;6950,280;6954,266;6958,278;6963,284;6967,254;6972,294;6976,266;6980,278;6985,264;6989,282;6993,252;6998,266;7002,236;7006,278;7011,248;7015,254;7019,280;7024,266;7028,278;7032,248;7037,282;7041,252;7046,280;7050,264;7054,292;7059,262;7063,268;7067,280;7072,250;7076,278;7080,250;7085,268;7089,252;7093,266;7098,250;7102,276;7106,248;7111,254;7115,280;7120,264;7124,278;7128,248;7133,276;7137,254;7141,280;7146,250;7150,278;7154,248;7159,254;7163,280;7167,280;7172,278;7176,264;7180,276;7185,268;7189,282;7194,266;7198,280;) of size 460\r\nSTEPPER: Moving to mstep: 5200 with speed [msteps/sec]: 4000 in SpreadCycle.\r\n'), 14:15:22
bytearray(b'STEPPER: Moved 2000.00 msteps (ramp: 35%) in 699.756 ms -> average speed [msteps/sec]: 2858.14\r\nSTEPPER: Moving to mstep: 7200 with speed [msteps/sec]: 1000 in StealthChop.\r\n'), 14:15:23
bytearray(b'STEPPER: Estimate 4: [msteps] 6662\r\nSTEPPER: buffer (5200,294;5204,302;5208,274;5213,316;5217,292;5221,304;5226,290;5230,316;5234,288;5239,314;5243,306;5247,304;5252,304;5256,302;5260,302;5265,292;5269,306;5274,290;5278,316;5282,302;5287,316;5291,306;5295,292;5300,306;5304,304;5308,316;5313,302;5317,308;5321,292;5326,306;5330,304;5334,316;5339,302;5343,294;5348,308;5352,292;5356,306;5361,290;5365,310;5369,296;5374,322;5378,294;5382,320;5387,306;5391,296;5395,310;5400,294;5404,322;5408,292;5413,306;5417,298;5422,310;5426,296;5430,310;5435,294;5439,300;5443,312;5448,298;5452,310;5456,282;5461,310;5465,288;5469,314;5474,300;5478,312;5482,296;5487,290;5491,302;5496,302;5500,314;5504,300;5509,312;5513,290;5517,304;5522,302;5526,316;5530,300;5535,312;5539,306;5543,304;5548,316;5552,286;5557,300;5561,304;5565,318;5570,302;5574,316;5578,300;5583,312;5587,316;5591,302;5596,314;5600,286;5604,312;5609,288;5613,302;5617,300;5622,314;5626,298;5631,310;5635,314;5639,300;5644,312;5648,298;5652,310;5657,294;5661,314;5665,300;5670,326;5674,296;5678,310;5683,294;5687,300;5691,312;5696,298;5700,310;5705,296;5709,314;5713,298;5718,312;5722,296;5726,310;5731,294;5735,300;5739,312;5744,298;5748,310;5752,296;5757,300;5761,284;5766,312;5770,296;5774,310;5779,294;5783,298;5787,312;5792,296;5796,324;5800,294;5805,322;5809,298;5813,312;5818,296;5822,308;5826,294;5831,298;5835,312;5840,296;5844,308;5848,294;5853,306;5857,298;5861,326;5866,296;5870,308;5874,292;5879,308;5883,312;5887,296;5892,308;5896,294;5900,306;5905,298;5909,310;5914,296;5918,308;5922,292;5927,320;5931,312;5935,296;5940,310;5944,294;5948,306;5953,292;5957,312;5961,310;5966,308;5970,292;5974,306;5979,304;5983,294;5988,308;5992,292;5996,320;6001,304;6005,310;6009,294;6014,308;6018,292;6022,306;6027,304;6031,296;6035,308;6040,294;6044,306;6048,304;6053,304;6057,296;6062,308;6066,292;6070,306;6075,304;6079,294;6083,308;6088,292;6092,306;6096,304;6101,318;6105,296;6109,308;6114,292;6118,306;6123,304;6127,296;6131,310;6136,294;6140,306;6144,306;6149,306;6153,296;6157,308;6162,294;6166,308;6170,306;6175,284;6179,298;6183,296;6188,308;6192,294;6197,308;6201,298;6205,310;6210,296;6214,308;6218,294;6223,320;6227,312;6231,296;6236,308;6240,294;6244,306;6249,284;6253,310;6257,294;6262,308;6266,294;6271,320;6275,312;6279,296;6284,308;6288,308;6292,320;6297,306;6301,310;6305,282;6310,308;6314,294;6318,320;6323,290;6327,310;6332,310;6336,294;6340,308;6345,292;6349,312;6353,298;6358,310;6362,308;6366,322;6371,308;6375,284;6379,312;6384,296;6388,310;6392,294;6397,306;6401,298;6406,310;6410,296;6414,310;6419,294;6423,298;6427,312;6432,298;6436,310;6440,296;6445,308;6449,300;6453,312;6458,298;6462,324;6466,296;6471,286;6475,312;6480,298;6484,310;6488,294;6493,306;6497,298;6501,310;6506,296;6510,308;6514,294;6519,306;6523,310;6527,296;6532,308;6536,292;6540,304;6545,296;6549,310;6554,308;6558,322;6562,306;6567,304;6571,310;6575,294;6580,308;6584,292;6588,304;6593,288;6597,308;6601,294;6606,320;6610,290;6614,304;6619,308;6623,308;6628,308;6632,292;6636,306;6641,290;6645,310;6649,296;6654,310;6658,280;6662,294;6667,278;6671,284;6675,284;6680,252;6684,296;6689,280;6693,286;6697,256;6702,270;6706,254;6710,282;6715,268;6719,288;6723,286;6728,272;6732,298;6736,268;6741,274;6745,274;6749,286;6754,272;6758,298;6763,270;6767,260;6771,288;6776,258;6780,286;6784,270;6789,298;6793,260;6797,274;6802,258;6806,286;6810,270;6815,232;6819,288;6823,274;6828,286;6832,256;6837,284;6841,262;6845,288;6850,258;6854,286;6858,258;6863,284;6867,276;6871,232;6876,274;6880,272;6884,286;6889,262;6893,278;6897,260;6902,274;6906,274;6911,236;6915,278;6919,276;6924,290;6928,260;6932,274;6937,264;6941,278;6945,262;6950,276;6954,260;6958,272;6963,278;6967,262;6971,276;6976,260;6980,274;6985,230;6989,278;6993,262;6998,276;7002,260;7006,274;7011,246;7015,264;7019,290;7024,276;7028,290;7032,260;7037,278;7041,264;7045,278;7050,248;7054,274;7059,260;7063,252;7067,278;7072,262;7076,290;7080,276;7085,288;7089,250;7093,278;7098,262;7102,288;7106,260;7111,236;7115,278;7119,278;7124,290;7128,262;7133,276;7137,266;7141,280;7146,264;7150,276;7154,260;7159,254;7163,280;7167,278;7172,278;7176,248;7180,274;7185,252;7189,280;7194,264;7198,278;) of size 460\r\nSTEPPER: Moving to mstep: 5200 with speed [msteps/sec]: 4000 in SpreadCycle.\r\n'), 14:15:26
bytearray(b'STEPPER: Moved 2000.00 msteps (ramp: 35%) in 699.756 ms -> average speed [msteps/sec]: 2858.14\r\nSTEPPER: Moving to mstep: 7200 with speed [msteps/sec]: 1000 in StealthChop.\r\n'), 14:15:26
bytearray(b'STEPPER: Estimate 5: [msteps] 6654\r\nSTEPPER: buffer (5200,290;5204,310;5208,266;5213,320;5217,282;5221,310;5226,294;5230,322;5234,292;5239,320;5243,310;5247,296;5252,322;5256,278;5260,306;5265,296;5269,310;5274,294;5278,320;5282,304;5287,318;5291,308;5295,308;5300,320;5304,290;5308,318;5313,302;5317,306;5321,292;5326,304;5330,288;5334,302;5339,306;5343,306;5348,318;5352,302;5356,314;5361,300;5365,304;5369,290;5374,316;5378,300;5382,314;5387,298;5391,290;5395,316;5400,300;5404,314;5409,284;5413,304;5417,288;5422,302;5426,300;5430,312;5435,296;5439,288;5443,314;5448,298;5452,312;5456,296;5461,310;5465,288;5469,314;5474,298;5478,312;5483,294;5487,300;5491,312;5496,298;5500,310;5504,296;5509,308;5513,286;5517,312;5522,296;5526,324;5530,294;5535,306;5539,310;5543,296;5548,308;5552,294;5557,306;5561,296;5565,310;5570,308;5574,320;5578,306;5583,306;5587,310;5591,294;5596,322;5600,292;5604,318;5609,296;5613,308;5617,294;5622,320;5626,304;5631,318;5635,308;5639,306;5644,306;5648,290;5652,302;5657,300;5661,320;5665,304;5670,318;5674,302;5678,316;5683,300;5687,304;5691,318;5696,302;5700,300;5705,300;5709,304;5713,302;5718,316;5722,300;5726,312;5731,296;5735,302;5739,314;5744,286;5748,312;5752,296;5757,310;5761,300;5766,312;5770,298;5774,310;5779,294;5783,300;5787,312;5792,284;5796,310;5800,294;5805,308;5809,298;5813,310;5818,296;5822,308;5826,294;5831,298;5835,312;5840,296;5844,308;5848,294;5853,306;5857,298;5861,324;5866,294;5870,308;5874,292;5879,306;5883,310;5887,294;5892,308;5896,292;5901,306;5905,296;5909,310;5914,292;5918,306;5922,290;5927,304;5931,308;5935,292;5940,304;5944,290;5948,304;5953,302;5957,320;5961,306;5966,304;5970,304;5975,316;5979,308;5983,292;5988,304;5992,290;5996,314;6001,300;6005,320;6009,292;6014,304;6018,288;6022,314;6027,300;6031,290;6035,304;6040,302;6044,316;6049,300;6053,318;6057,304;6062,316;6066,288;6070,312;6075,298;6079,290;6083,302;6088,300;6092,312;6096,298;6101,310;6105,300;6109,312;6114,284;6118,310;6123,294;6127,286;6131,312;6136,296;6140,310;6144,294;6149,308;6153,298;6157,310;6162,296;6166,308;6170,306;6175,284;6179,296;6183,294;6188,308;6192,292;6197,320;6201,296;6205,308;6210,292;6214,306;6218,304;6223,316;6227,308;6231,292;6236,306;6240,290;6244,302;6249,294;6253,306;6258,290;6262,318;6266,288;6271,316;6275,306;6279,292;6284,304;6288,302;6292,316;6297,300;6301,306;6305,276;6310,304;6314,288;6318,316;6323,306;6327,290;6332,304;6336,302;6340,314;6345,300;6349,304;6353,302;6358,316;6362,302;6366,314;6371,298;6375,290;6379,316;6384,302;6388,314;6393,284;6397,304;6401,288;6406,314;6410,300;6414,314;6419,298;6423,302;6427,316;6432,300;6436,314;6440,298;6445,310;6449,288;6453,314;6458,298;6462,326;6467,296;6471,288;6475,314;6480,298;6484,312;6488,296;6493,308;6497,286;6501,312;6506,296;6510,310;6514,280;6519,306;6523,310;6527,296;6532,308;6536,292;6541,304;6545,296;6549,308;6554,294;6558,320;6562,304;6567,304;6571,308;6575,294;6580,306;6584,288;6588,304;6593,294;6597,306;6601,292;6606,306;6610,288;6615,302;6619,306;6623,304;6628,318;6632,288;6636,300;6641,298;6645,316;6649,288;6654,314;6658,284;6662,298;6667,282;6671,274;6675,286;6680,270;6684,298;6689,282;6693,286;6697,272;6702,284;6706,254;6710,280;6715,252;6719,272;6723,284;6728,268;6732,282;6736,236;6741,284;6745,270;6749,282;6754,252;6758,280;6763,278;6767,270;6771,296;6776,254;6780,280;6784,266;6789,292;6793,254;6797,268;6802,266;6806,294;6810,264;6815,268;6819,282;6824,250;6828,294;6832,278;6837,290;6841,252;6845,280;6850,264;6854,278;6858,262;6863,266;6867,294;6871,264;6876,276;6880,262;6884,288;6889,266;6893,278;6898,264;6902,290;6906,260;6911,274;6915,278;6919,248;6924,274;6928,230;6932,286;6937,264;6941,276;6945,262;6950,274;6954,272;6959,286;6963,290;6967,248;6972,274;6976,258;6980,286;6985,262;6989,276;6993,246;6998,272;7002,256;7006,284;7011,276;7015,232;7019,288;7024,272;7028,286;7033,256;7037,274;7041,260;7046,286;7050,256;7054,284;7059,254;7063,230;7067,286;7072,272;7076,284;7080,268;7085,260;7089,244;7093,286;7098,270;7102,284;7107,268;7111,230;7115,286;7120,270;7124,282;7128,254;7133,280;7137,270;7141,284;7146,254;7150,282;7154,266;7159,258;7163,284;7167,268;7172,268;7176,224;7181,280;7185,270;7189,284;7194,254;7198,266;) of size 460\r\nSTEPPER: Moving to mstep: 5200 with speed [msteps/sec]: 4000 in SpreadCycle.\r\n'), 14:15:29
bytearray(b'STEPPER: Moved 2000.00 msteps (ramp: 35%) in 699.756 ms -> average speed [msteps/sec]: 2858.14\r\nSTEPPER: Moving to mstep: 7200 with speed [msteps/sec]: 1000 in StealthChop.\r\n'), 14:15:29
bytearray(b'STEPPER: Estimate 6: [msteps] 6662\r\nSTEPPER: buffer (5200,290;5204,312;5208,268;5213,310;5217,288;5221,314;5226,298;5230,326;5234,296;5239,310;5243,314;5247,298;5252,312;5256,296;5260,310;5265,300;5269,314;5274,282;5278,310;5282,296;5287,308;5291,314;5295,298;5300,324;5304,310;5308,308;5313,308;5317,312;5321,282;5326,310;5330,294;5334,306;5339,292;5343,298;5348,310;5352,294;5356,308;5361,306;5365,310;5369,296;5374,322;5378,292;5382,306;5387,290;5391,296;5395,308;5400,292;5404,320;5408,292;5413,318;5417,294;5422,308;5426,292;5430,304;5435,302;5439,294;5443,320;5448,304;5452,318;5456,302;5461,302;5465,292;5469,306;5474,290;5478,304;5482,288;5487,304;5491,320;5496,304;5500,316;5504,302;5509,314;5513,290;5517,304;5522,288;5526,302;5530,300;5535,314;5539,318;5543,290;5548,302;5552,288;5556,314;5561,292;5565,318;5570,288;5574,314;5578,286;5583,312;5587,318;5591,302;5596,330;5600,300;5604,312;5609,298;5613,316;5617,300;5622,314;5626,298;5631,312;5635,302;5639,302;5644,314;5648,298;5652,312;5657,298;5661,316;5665,300;5670,328;5674,298;5678,310;5683,296;5687,300;5692,300;5696,298;5700,310;5705,310;5709,314;5713,284;5718,300;5722,282;5726,310;5731,294;5735,300;5739,312;5744,298;5748,310;5752,294;5757,308;5761,284;5766,310;5770,296;5774,308;5779,294;5783,298;5787,310;5792,296;5796,308;5800,306;5805,320;5809,282;5813,310;5818,294;5822,320;5826,292;5831,296;5835,310;5840,308;5844,322;5848,306;5853,318;5857,282;5861,310;5866,294;5870,308;5874,292;5879,304;5883,310;5887,296;5892,308;5896,292;5900,306;5905,296;5909,310;5914,296;5918,322;5922,294;5927,306;5931,312;5935,298;5940,310;5944,296;5948,308;5953,294;5957,314;5961,298;5966,312;5970,296;5974,322;5979,294;5983,286;5988,312;5992,296;5996,310;6001,310;6005,314;6009,298;6014,312;6018,296;6022,310;6027,294;6031,300;6035,312;6040,298;6044,324;6048,296;6053,310;6057,286;6062,314;6066,284;6070,312;6075,296;6079,302;6083,314;6088,298;6092,312;6096,310;6101,308;6105,286;6109,298;6114,298;6118,310;6123,280;6127,300;6131,312;6136,298;6140,310;6144,294;6149,320;6153,286;6157,312;6162,296;6166,308;6170,294;6175,284;6179,310;6183,296;6188,308;6192,294;6197,320;6201,296;6205,310;6210,280;6214,308;6218,292;6223,320;6227,310;6231,310;6236,310;6240,294;6244,320;6249,282;6253,310;6257,292;6262,308;6266,292;6271,318;6275,296;6279,294;6284,308;6288,294;6292,320;6297,278;6301,310;6305,294;6310,308;6314,292;6318,306;6323,290;6327,294;6332,308;6336,292;6340,306;6345,290;6349,310;6353,294;6358,322;6362,292;6366,318;6371,290;6375,294;6379,308;6384,292;6388,306;6392,292;6397,318;6401,280;6406,308;6410,292;6414,306;6419,290;6423,296;6427,308;6432,292;6436,306;6440,304;6445,316;6449,280;6453,306;6458,292;6462,318;6466,288;6471,294;6475,308;6480,292;6484,306;6488,290;6493,302;6497,294;6501,308;6506,292;6510,304;6514,290;6519,302;6523,322;6527,306;6532,320;6536,304;6540,318;6545,280;6549,306;6554,292;6558,304;6562,290;6567,316;6571,308;6575,292;6580,306;6584,290;6588,316;6593,302;6597,306;6601,278;6606,304;6610,288;6614,316;6619,306;6623,292;6628,304;6632,302;6636,316;6641,300;6645,304;6649,290;6654,316;6658,286;6662,300;6667,270;6671,274;6675,288;6680,286;6684,298;6689,270;6693,274;6697,258;6702,270;6706,270;6710,282;6715,266;6719,286;6723,286;6728,256;6732,282;6736,254;6741,272;6745,256;6749,268;6754,252;6758,266;6763,264;6767,256;6771,282;6776,238;6780,294;6784,278;6789,292;6793,268;6797,266;6802,278;6806,292;6810,262;6815,268;6819,266;6823,252;6828,278;6832,234;6837,290;6841,266;6845,278;6850,264;6854,290;6858,260;6863,252;6867,280;6871,264;6876,290;6880,276;6884,288;6889,252;6893,266;6898,250;6902,264;6906,262;6911,276;6915,282;6919,266;6924,280;6928,264;6932,290;6937,254;6941,268;6945,252;6950,278;6954,250;6958,276;6963,282;6967,280;6972,280;6976,266;6980,278;6985,234;6989,282;6993,266;6998,280;7002,264;7006,276;7011,248;7015,252;7019,280;7024,264;7028,290;7032,262;7037,282;7041,252;7046,266;7050,250;7054,278;7059,262;7063,252;7067,266;7072,236;7076,278;7080,276;7085,268;7089,250;7093,264;7098,248;7102,260;7106,246;7111,266;7115,278;7120,262;7124,276;7128,232;7133,286;7137,264;7141,276;7146,260;7150,274;7154,246;7159,264;7163,290;7167,260;7172,274;7176,230;7181,286;7185,262;7189,276;7194,260;7198,258;) of size 460\r\nSTEPPER: Moving to mstep: 5200 with speed [msteps/sec]: 4000 in SpreadCycle.\r\n'), 14:15:32
bytearray(b'STEPPER: Moved 2000.00 msteps (ramp: 35%) in 699.764 ms -> average speed [msteps/sec]: 2858.11\r\nSTEPPER: Moving to mstep: 7200 with speed [msteps/sec]: 1000 in StealthChop.\r\n'), 14:15:33
bytearray(b'STEPPER: Estimate 7: [msteps] 6667\r\nSTEPPER: buffer (5200,290;5204,312;5208,298;5213,310;5217,302;5221,314;5226,300;5230,312;5234,296;5239,324;5243,314;5247,300;5252,312;5256,296;5260,310;5265,286;5269,314;5274,298;5278,298;5282,296;5287,310;5291,302;5295,300;5300,312;5304,296;5308,310;5313,310;5317,300;5321,284;5326,312;5330,282;5334,308;5339,314;5343,298;5348,312;5352,296;5356,308;5361,292;5365,312;5369,296;5374,310;5378,280;5382,308;5387,292;5391,298;5395,324;5400,294;5404,322;5409,306;5413,310;5417,296;5422,308;5426,292;5430,306;5435,276;5439,308;5443,322;5448,278;5452,304;5456,302;5461,316;5465,292;5469,318;5474,290;5478,316;5483,286;5487,304;5491,318;5496,304;5500,316;5504,300;5509,312;5513,290;5517,316;5522,302;5526,314;5530,284;5535,290;5539,316;5543,288;5548,314;5552,298;5557,312;5561,302;5565,314;5570,300;5574,312;5578,296;5583,310;5587,314;5591,300;5596,312;5600,296;5604,310;5609,294;5613,312;5617,284;5622,310;5626,296;5631,308;5635,314;5639,284;5644,312;5648,298;5652,310;5657,308;5661,314;5665,298;5670,312;5674,296;5678,322;5683,292;5687,298;5691,312;5696,282;5700,308;5705,308;5709,312;5713,298;5718,310;5722,294;5726,322;5731,290;5735,298;5739,310;5744,294;5748,308;5752,292;5757,306;5761,296;5766,310;5770,294;5774,306;5779,290;5783,282;5787,310;5792,280;5796,308;5800,292;5805,318;5809,296;5813,308;5818,294;5822,306;5826,304;5831,296;5835,310;5840,294;5844,306;5848,290;5853,304;5857,282;5861,308;5866,292;5870,320;5874,290;5879,302;5883,308;5887,294;5892,306;5896,304;5901,316;5905,294;5909,308;5914,292;5918,304;5922,288;5927,302;5931,320;5935,306;5940,304;5944,290;5948,316;5953,292;5957,306;5961,290;5966,316;5970,288;5975,314;5979,304;5983,302;5988,316;5992,286;5996,312;6001,296;6005,300;6009,300;6014,298;6018,282;6022,310;6027,266;6031,300;6035,312;6040,298;6044,310;6049,294;6053,328;6057,284;6062,324;6066,296;6070,322;6075,292;6079,310;6083,310;6088,296;6092,308;6096,294;6101,306;6105,296;6109,308;6114,292;6118,306;6123,276;6127,308;6131,322;6136,294;6140,318;6144,302;6149,316;6153,292;6157,318;6162,290;6166,302;6170,286;6175,300;6179,306;6183,288;6188,316;6192,286;6197,312;6201,288;6205,302;6210,286;6214,298;6218,284;6223,310;6227,314;6231,298;6236,312;6240,310;6244,308;6249,284;6253,312;6258,296;6262,322;6266,292;6271,320;6275,310;6279,294;6284,308;6288,292;6292,318;6297,304;6301,308;6305,292;6310,320;6314,290;6318,304;6323,308;6327,292;6332,306;6336,304;6340,316;6345,300;6349,306;6353,304;6358,304;6362,288;6366,300;6371,300;6375,276;6379,304;6384,302;6388,316;6392,300;6397,320;6401,292;6406,318;6410,288;6414,300;6419,286;6423,304;6427,318;6432,302;6436,314;6440,286;6445,312;6449,288;6453,316;6458,286;6462,314;6467,298;6471,302;6475,314;6480,300;6484,312;6488,310;6493,308;6497,298;6501,312;6506,282;6510,308;6514,292;6519,306;6523,310;6527,308;6532,308;6536,292;6541,306;6545,296;6549,310;6554,294;6558,308;6562,292;6567,306;6571,312;6575,296;6580,308;6584,294;6588,306;6593,284;6597,310;6601,294;6606,308;6610,278;6615,306;6619,312;6623,296;6628,308;6632,292;6636,306;6641,304;6645,310;6649,294;6654,308;6658,292;6662,292;6667,296;6671,282;6675,294;6680,250;6684,292;6689,292;6693,282;6697,266;6702,280;6706,264;6710,276;6715,262;6719,282;6723,280;6728,264;6732,278;6736,262;6741,268;6745,266;6750,278;6754,276;6758,290;6763,260;6767,266;6771,278;6776,262;6780,276;6784,274;6789,286;6793,264;6797,292;6802,262;6806,288;6810,260;6815,278;6819,292;6824,276;6828,288;6832,258;6837,286;6841,264;6845,290;6850,262;6854,288;6858,272;6863,278;6867,292;6871,276;6876,288;6880,260;6884,272;6889,250;6893,276;6898,260;6902,274;6906,272;6911,284;6915,290;6919,274;6924,286;6928,256;6932,284;6937,260;6941,272;6945,258;6950,270;6954,268;6959,230;6963,286;6967,272;6972,284;6976,268;6980,282;6985,258;6989,282;6993,270;6998,282;7002,252;7006,280;7011,250;7015,268;7019,280;7024,252;7028,278;7033,262;7037,268;7041,252;7046,280;7050,250;7054,278;7059,262;7063,280;7067,280;7072,264;7076,276;7080,246;7085,280;7089,264;7093,290;7098,262;7102,274;7107,272;7111,278;7115,290;7120,274;7124,272;7128,256;7133,268;7137,258;7141,258;7146,258;7150,270;7154,268;7159,274;7163,286;7167,270;7172,284;7176,268;7181,280;7185,242;7189,270;7194,254;7198,280;) of size 460\r\nSTEPPER: Moving to mstep: 5200 with speed [msteps/sec]: 4000 in SpreadCycle.\r\n'), 14:15:35
bytearray(b'STEPPER: Moved 2000.00 msteps (ramp: 35%) in 699.768 ms -> average speed [msteps/sec]: 2858.09\r\nSTEPPER: Moving to mstep: 7200 with speed [msteps/sec]: 1000 in StealthChop.\r\n'), 14:15:36
bytearray(b'STEPPER: Estimate 8: [msteps] 6689\r\nSTEPPER: buffer (5200,292;5204,312;5208,298;5213,310;5217,302;5221,314;5226,300;5230,312;5234,296;5239,322;5243,312;5247,298;5252,312;5256,296;5260,308;5265,286;5269,312;5274,296;5278,308;5282,294;5287,306;5291,312;5295,296;5300,308;5304,308;5308,320;5313,292;5317,310;5321,280;5326,320;5330,292;5334,304;5339,290;5343,292;5348,306;5352,290;5356,304;5361,288;5365,320;5369,292;5374,304;5378,288;5382,302;5387,286;5391,290;5395,318;5400,302;5404,314;5408,298;5413,304;5417,288;5422,300;5426,284;5430,312;5435,280;5439,300;5443,312;5448,282;5452,310;5456,294;5461,306;5465,298;5469,310;5474,294;5478,320;5482,292;5487,296;5491,308;5496,292;5500,306;5504,304;5509,316;5513,294;5517,306;5522,290;5526,304;5530,288;5535,300;5539,306;5543,304;5548,316;5552,300;5557,314;5561,290;5565,316;5570,286;5574,312;5578,298;5583,310;5587,316;5591,286;5596,312;5600,296;5604,322;5609,286;5613,298;5617,296;5622,322;5626,294;5631,322;5635,312;5639,310;5644,308;5648,292;5652,306;5657,304;5661,310;5665,294;5670,306;5674,292;5678,318;5683,302;5687,306;5691,306;5696,304;5700,316;5705,300;5709,306;5713,292;5718,316;5722,286;5726,314;5731,284;5735,304;5739,316;5744,300;5748,314;5752,296;5757,302;5761,300;5766,300;5770,296;5774,310;5779,294;5783,300;5787,312;5792,282;5796,310;5800,308;5805,322;5809,298;5813,312;5818,296;5822,310;5826,294;5831,298;5835,312;5840,282;5844,310;5848,294;5853,306;5857,298;5861,310;5866,294;5870,322;5874,290;5879,316;5883,308;5887,294;5892,306;5896,304;5900,316;5905,294;5909,306;5914,292;5918,316;5922,288;5927,314;5931,318;5935,288;5940,316;5944,300;5948,312;5953,284;5957,316;5961,300;5966,314;5970,298;5974,324;5979,296;5983,300;5988,328;5992,312;5996,324;6001,294;6005,314;6009,298;6014,310;6018,282;6022,308;6027,292;6031,298;6035,310;6040,294;6044,308;6049,278;6053,310;6057,296;6062,308;6066,292;6070,320;6075,290;6079,296;6083,308;6088,292;6092,304;6096,290;6101,316;6105,292;6109,318;6114,290;6118,304;6123,288;6127,292;6131,304;6136,304;6140,316;6144,286;6149,314;6153,292;6157,318;6162,288;6166,300;6170,284;6175,312;6179,316;6183,302;6188,314;6192,270;6197,312;6201,288;6205,316;6210,286;6214,312;6218,298;6223,310;6227,312;6231,300;6236,314;6240,284;6244,310;6249,288;6253,314;6257,284;6262,324;6266,296;6271,308;6275,314;6279,298;6284,310;6288,308;6292,320;6297,290;6301,310;6305,294;6310,306;6314,292;6318,318;6323,288;6327,294;6331,320;6336,278;6340,304;6345,302;6349,308;6353,292;6358,320;6362,290;6366,316;6371,302;6375,292;6379,306;6384,304;6388,316;6392,300;6397,314;6401,290;6406,304;6410,302;6414,316;6419,286;6423,292;6427,306;6432,290;6436,316;6440,302;6445,314;6449,290;6453,304;6458,288;6462,316;6466,300;6471,306;6475,304;6480,302;6484,302;6488,286;6493,312;6497,290;6501,304;6506,288;6510,314;6514,286;6519,312;6523,316;6527,286;6532,312;6536,284;6541,310;6545,288;6549,300;6554,298;6558,310;6562,296;6567,294;6571,312;6575,296;6580,310;6584,294;6588,306;6593,284;6597,310;6601,294;6606,320;6610,290;6615,304;6619,308;6623,292;6628,306;6632,304;6636,316;6641,300;6645,306;6649,290;6654,302;6658,288;6662,314;6667,292;6671,290;6675,302;6680,286;6684,300;6689,284;6693,274;6697,258;6702,272;6706,256;6710,268;6715,254;6719,272;6723,284;6728,238;6732,282;6736,280;6741,284;6745,254;6749,280;6754,266;6758,278;6763,264;6767,268;6771,280;6776,236;6780,292;6784,276;6789,290;6793,252;6797,280;6802,250;6806,278;6810,262;6815,266;6819,280;6824,250;6828,278;6832,234;6837,290;6841,266;6845,278;6850,264;6854,290;6858,248;6863,266;6867,278;6871,234;6876,290;6880,274;6884,288;6889,264;6893,278;6898,260;6902,274;6906,258;6911,272;6915,292;6919,262;6924,288;6928,272;6932,286;6937,262;6941,274;6945,274;6950,286;6954,256;6958,268;6963,274;6967,244;6972,286;6976,270;6980,284;6985,268;6989,286;6993,256;6998,268;7002,254;7006,268;7011,252;7015,258;7019,284;7024,226;7028,282;7032,280;7037,270;7041,256;7046,270;7050,268;7054,280;7059,266;7063,270;7067,284;7072,254;7076,266;7080,264;7085,284;7089,268;7093,282;7098,266;7102,278;7107,262;7111,268;7115,294;7120,278;7124,292;7128,262;7133,266;7137,266;7141,264;7146,262;7150,276;7154,260;7159,250;7163,278;7167,262;7172,274;7176,258;7181,286;7185,262;7189,274;7194,260;7198,286;) of size 460\r\nSTEPPER: Moving to mstep: 5200 with speed [msteps/sec]: 4000 in SpreadCycle.\r\n'), 14:15:38
bytearray(b'STEPPER: Moved 2000.00 msteps (ramp: 35%) in 699.756 ms -> average speed [msteps/sec]: 2858.14\r\nSTEPPER: Moving to mstep: 7200 with speed [msteps/sec]: 1000 in StealthChop.\r\n'), 14:15:39
bytearray(b'STEPPER: Estimate 9: [msteps] 6684\r\nSTEPPER: buffer (5200,288;5204,306;5208,260;5213,316;5217,292;5221,306;5226,290;5230,316;5234,288;5239,314;5243,304;5247,304;5252,316;5256,302;5260,314;5265,290;5269,318;5274,288;5278,300;5282,284;5287,312;5291,302;5295,302;5300,314;5304,298;5308,310;5313,296;5317,302;5321,298;5326,312;5330,282;5334,308;5339,294;5343,298;5348,312;5352,296;5356,308;5361,294;5365,312;5369,296;5374,322;5378,294;5382,306;5387,292;5391,282;5395,310;5400,308;5404,322;5408,292;5413,298;5417,282;5422,310;5426,294;5430,308;5435,278;5439,298;5443,310;5448,296;5452,308;5456,294;5461,320;5465,284;5469,312;5474,296;5478,322;5483,294;5487,312;5491,312;5496,310;5500,310;5504,308;5509,308;5513,284;5517,312;5522,296;5526,310;5530,294;5535,306;5539,312;5543,310;5548,310;5552,294;5557,320;5561,298;5565,312;5570,296;5574,322;5578,306;5583,306;5587,310;5591,294;5596,322;5600,306;5604,318;5609,280;5613,308;5617,292;5622,318;5626,302;5631,316;5635,320;5639,304;5644,318;5648,302;5652,316;5657,300;5661,306;5665,290;5670,318;5674,288;5678,316;5683,286;5687,304;5691,318;5696,316;5700,314;5705,300;5709,318;5713,288;5718,314;5722,300;5726,312;5731,284;5735,302;5739,312;5744,298;5748,310;5752,296;5757,308;5761,284;5766,312;5770,296;5774,308;5779,294;5783,298;5787,312;5792,296;5796,322;5800,294;5805,320;5809,282;5813,308;5818,280;5822,306;5826,290;5831,296;5835,308;5840,294;5844,306;5848,304;5853,316;5857,280;5861,320;5866,292;5870,318;5874,302;5879,316;5883,306;5887,306;5892,318;5896,302;5900,316;5905,278;5909,304;5914,288;5918,316;5922,286;5927,300;5931,320;5935,304;5940,316;5944,302;5948,316;5953,298;5957,318;5961,302;5966,316;5970,286;5974,312;5979,284;5983,302;5988,316;5992,286;5996,312;6001,296;6005,316;6009,300;6014,314;6018,284;6022,310;6027,296;6031,300;6035,314;6040,298;6044,310;6049,296;6053,314;6057,298;6062,312;6066,296;6070,324;6075,294;6079,298;6083,310;6088,296;6092,310;6096,294;6101,306;6105,282;6109,308;6114,280;6118,306;6123,290;6127,296;6131,308;6136,292;6140,320;6144,304;6149,316;6153,294;6157,320;6162,292;6166,304;6170,290;6175,294;6179,306;6183,306;6188,318;6192,302;6197,330;6201,292;6205,318;6210,288;6214,302;6218,286;6223,314;6227,304;6231,302;6236,316;6240,286;6244,312;6249,288;6253,316;6257,286;6262,312;6266,284;6271,310;6275,314;6279,284;6284,310;6288,296;6292,308;6297,278;6301,312;6305,296;6310,308;6314,294;6318,320;6323,290;6327,296;6331,308;6336,292;6340,306;6345,290;6349,308;6353,294;6358,320;6362,304;6366,316;6371,302;6375,292;6379,306;6384,292;6388,304;6392,288;6397,314;6401,292;6406,304;6410,302;6414,316;6419,300;6423,292;6427,304;6432,290;6436,316;6440,300;6445,314;6449,290;6453,318;6458,286;6462,312;6466,296;6471,302;6475,314;6480,286;6484,298;6488,296;6493,308;6497,286;6501,298;6506,282;6510,294;6514,278;6519,320;6523,310;6527,294;6532,320;6536,292;6540,318;6545,294;6549,306;6554,306;6558,304;6562,288;6567,300;6571,306;6575,290;6580,316;6584,288;6588,314;6593,290;6597,302;6601,302;6606,314;6610,300;6615,312;6619,318;6623,298;6628,314;6632,298;6636,310;6641,294;6645,314;6649,284;6654,310;6658,282;6662,294;6667,278;6671,284;6675,296;6680,280;6684,306;6689,276;6693,282;6697,266;6702,280;6706,264;6710,278;6715,262;6719,266;6723,292;6728,264;6732,290;6736,262;6741,282;6745,266;6749,280;6754,264;6758,276;6763,260;6767,266;6771,292;6776,276;6780,290;6784,260;6789,288;6793,264;6797,276;6802,260;6806,288;6810,258;6815,262;6819,290;6823,274;6828,286;6832,272;6837,284;6841,246;6845,274;6850,244;6854,270;6858,270;6863,296;6867,288;6871,272;6876,284;6880,256;6884,268;6889,274;6893,286;6897,258;6902,282;6906,268;6911,280;6915,286;6919,284;6924,282;6928,266;6932,278;6937,250;6941,268;6945,252;6950,280;6954,250;6958,276;6963,282;6967,252;6971,280;6976,278;6980,276;6985,262;6989,280;6993,266;6998,278;7002,262;7006,276;7011,246;7015,252;7019,292;7024,264;7028,290;7032,262;7037,280;7041,252;7046,292;7050,262;7054,276;7059,260;7063,264;7067,264;7072,234;7076,276;7080,274;7085,280;7089,264;7093,262;7098,262;7102,288;7106,272;7111,264;7115,276;7120,246;7124,274;7128,230;7133,286;7137,262;7141,274;7146,246;7150,272;7154,256;7159,262;7163,288;7167,274;7172,286;7176,256;7181,268;7185,260;7189,286;7194,256;7198,270;) of size 460\r\nSTEPPER: Moving to mstep: 5200 with speed [msteps/sec]: 4000 in SpreadCycle.\r\n'), 14:15:42
bytearray(b'STEPPER: Moved 2000.00 msteps (ramp: 35%) in 699.756 ms -> average speed [msteps/sec]: 2858.14\r\nSTEPPER: Moving to mstep: 7200 with speed [msteps/sec]: 1000 in StealthChop.\r\n'), 14:15:42
bytearray(b'STEPPER: Estimate 10: [msteps] 6654\r\nSTEPPER: buffer (5200,292;5204,312;5208,268;5213,310;5217,288;5221,314;5226,298;5230,324;5234,296;5239,310;5243,314;5247,298;5252,310;5256,296;5260,308;5265,286;5269,312;5274,296;5278,310;5282,294;5287,308;5291,310;5295,282;5300,310;5304,308;5308,320;5313,284;5317,310;5321,280;5326,308;5330,292;5334,304;5339,310;5343,308;5348,322;5352,306;5356,318;5361,302;5365,308;5369,292;5374,320;5378,290;5382,316;5387,288;5391,278;5395,306;5400,290;5404,316;5408,300;5413,306;5417,292;5422,318;5426,288;5430,302;5435,286;5439,304;5443,316;5448,302;5452,314;5456,298;5461,312;5465,288;5469,316;5474,300;5478,312;5483,298;5487,302;5491,314;5496,300;5500,312;5504,312;5509,310;5513,288;5517,314;5522,286;5526,312;5530,296;5535,308;5539,314;5543,298;5548,310;5552,296;5557,308;5561,286;5565,312;5570,296;5574,308;5578,294;5583,320;5587,310;5591,296;5596,308;5600,294;5604,320;5609,290;5613,308;5617,294;5622,320;5626,290;5631,318;5635,308;5639,294;5644,306;5648,304;5652,318;5657,302;5661,322;5665,292;5670,304;5674,288;5678,316;5683,300;5687,306;5691,306;5696,304;5700,316;5705,316;5709,320;5713,290;5718,304;5722,302;5726,314;5731,286;5735,304;5739,304;5744,302;5748,314;5752,300;5757,312;5761,302;5766,316;5770,288;5774,314;5779,298;5783,290;5787,316;5792,288;5796,314;5800,286;5805,312;5809,288;5813,316;5818,286;5822,300;5826,284;5831,304;5835,318;5840,302;5844,302;5848,300;5853,314;5857,290;5861,304;5866,288;5870,314;5874,286;5879,312;5883,304;5887,302;5892,314;5896,312;5900,312;5905,288;5909,316;5914,286;5918,300;5922,296;5927,310;5931,314;5935,298;5940,312;5944,282;5948,308;5953,306;5957,312;5961,310;5966,310;5970,294;5975,306;5979,312;5983,296;5988,310;5992,294;5996,320;6001,306;6005,310;6009,294;6014,308;6018,292;6022,304;6027,290;6031,308;6035,322;6040,306;6044,306;6049,304;6053,316;6057,280;6062,308;6066,292;6070,304;6075,290;6079,296;6083,308;6088,306;6092,320;6096,304;6101,316;6105,280;6109,306;6114,278;6118,304;6123,290;6127,296;6131,308;6136,292;6140,304;6144,290;6149,302;6153,294;6157,306;6162,290;6166,318;6170,302;6175,292;6179,306;6183,292;6188,318;6192,290;6197,316;6201,280;6205,306;6210,290;6214,304;6218,290;6223,316;6227,308;6231,294;6236,304;6240,290;6244,302;6249,294;6253,320;6258,290;6262,318;6266,288;6271,316;6275,306;6279,304;6284,304;6288,288;6292,302;6297,286;6301,306;6305,290;6310,316;6314,286;6318,314;6323,306;6327,290;6332,304;6336,302;6340,314;6345,284;6349,304;6353,290;6358,316;6362,286;6366,300;6371,284;6375,304;6379,316;6384,302;6388,314;6392,298;6397,304;6401,288;6406,314;6410,286;6414,312;6419,284;6423,316;6427,314;6432,300;6436,312;6440,296;6445,310;6449,286;6453,314;6458,284;6462,310;6466,282;6471,314;6475,314;6480,284;6484,312;6488,310;6493,310;6497,286;6501,314;6506,284;6510,312;6514,282;6519,310;6523,314;6527,298;6532,312;6536,296;6541,310;6545,286;6549,314;6554,298;6558,312;6562,296;6567,308;6571,300;6575,298;6580,310;6584,296;6588,308;6593,278;6597,312;6601,282;6606,310;6610,294;6615,308;6619,312;6623,296;6628,310;6632,294;6636,308;6641,294;6645,312;6649,282;6654,310;6658,280;6662,308;6667,278;6671,282;6675,296;6680,280;6684,294;6689,264;6693,298;6697,268;6702,280;6706,266;6710,278;6715,248;6719,282;6723,282;6728,252;6732,278;6736,250;6741,282;6745,266;6749,280;6754,264;6758,278;6763,276;6767,266;6771,266;6776,250;6780,290;6784,262;6789,288;6793,266;6797,292;6802,276;6806,290;6810,274;6815,252;6819,278;6823,234;6828,290;6832,274;6837,286;6841,264;6845,290;6850,260;6854,288;6858,272;6863,286;6867,290;6871,274;6876,274;6880,244;6884,286;6889,264;6893,292;6898,262;6902,274;6906,260;6911,272;6915,280;6919,236;6924,290;6928,276;6932,288;6937,250;6941,264;6945,248;6950,262;6954,246;6958,260;6963,280;6967,264;6972,278;6976,260;6980,274;6985,250;6989,264;6993,248;6998,288;7002,260;7006,286;7011,242;7015,262;7019,288;7024,274;7028,286;7032,272;7037,276;7041,260;7046,274;7050,244;7054,270;7059,270;7063,274;7067,286;7072,272;7076,284;7080,256;7085,274;7089,258;7093,272;7098,256;7102,284;7106,254;7111,246;7115,286;7120,258;7124,270;7128,254;7133,282;7137,258;7141,284;7146,256;7150,268;7154,268;7159,258;7163,286;7167,256;7172,282;7176,254;7180,268;7185,258;7189,286;7194,256;7198,268;) of size 460\r\nSTEPPER: Final estimate: [mstep] 6662\r\nFound dispense position: [\xc2\xb5m] 33290\r\nreturn;find;6658\r\n\xef\xbf\xbdreceived from UR: find -> find (0,1)\r\nSTEPPER: Moving to mstep: 5200 with speed [msteps/sec]: 4000 in SpreadCycle.\r\n'), 14:15:45
bytearray(b'STEPPER: Moved 2000.00 msteps (ramp: 35%) in 699.764 ms -> average speed [msteps/sec]: 2858.11\r\nSTEPPER: Moving to mstep: 7200 with speed [msteps/sec]: 1000 in StealthChop.\r\n'), 14:15:46
bytearray(b'STEPPER: Estimate 1: [msteps] 6675\r\nSTEPPER: buffer (5200,296;5204,316;5208,300;5213,314;5217,292;5221,304;5226,304;5230,316;5234,300;5239,314;5243,304;5247,290;5252,316;5256,302;5260,314;5265,306;5269,306;5274,290;5278,316;5282,302;5287,314;5291,306;5295,290;5300,316;5304,302;5308,314;5313,286;5317,304;5321,290;5326,302;5330,302;5334,300;5339,298;5343,304;5348,318;5352,302;5356,316;5361,300;5365,304;5369,292;5374,316;5378,302;5382,314;5387,286;5391,290;5395,316;5400,288;5404,314;5408,298;5413,318;5417,302;5422,316;5426,300;5430,312;5435,296;5439,302;5443,314;5448,286;5452,296;5456,296;5461,310;5465,300;5469,314;5474,298;5478,312;5483,296;5487,302;5491,314;5496,298;5500,312;5504,296;5509,310;5513,300;5517,314;5522,298;5526,310;5530,296;5535,308;5539,314;5543,286;5548,312;5552,296;5557,310;5561,302;5565,314;5570,300;5574,312;5578,296;5583,310;5587,314;5591,286;5596,312;5600,296;5604,310;5609,308;5613,314;5617,298;5622,310;5626,294;5631,322;5635,314;5639,298;5644,310;5648,294;5652,308;5657,292;5661,326;5665,296;5670,310;5674,294;5678,306;5683,306;5687,296;5691,308;5696,294;5700,306;5705,304;5709,310;5713,294;5718,308;5722,292;5726,306;5731,304;5735,294;5739,308;5744,292;5748,306;5752,290;5757,304;5761,308;5765,306;5770,292;5774,304;5779,302;5783,292;5787,306;5792,290;5796,318;5800,302;5805,316;5809,292;5813,304;5818,290;5822,302;5826,300;5831,306;5835,318;5840,304;5844,316;5848,300;5853,314;5857,290;5861,318;5866,288;5870,302;5874,300;5879,312;5883,318;5887,302;5892,316;5896,300;5900,314;5905,290;5909,316;5914,302;5918,300;5922,286;5927,312;5931,318;5935,288;5940,302;5944,286;5948,314;5953,298;5957,316;5961,302;5966,314;5970,300;5974,312;5979,318;5983,288;5988,302;5992,286;5996,312;6001,298;6005,316;6009,300;6014,314;6018,298;6022,312;6027,296;6031,288;6035,314;6040,298;6044,312;6049,296;6053,316;6057,300;6062,312;6066,298;6070,310;6075,296;6079,286;6083,298;6088,296;6092,310;6096,308;6101,308;6105,298;6109,310;6114,296;6118,308;6123,292;6127,298;6131,310;6136,294;6140,308;6144,292;6149,306;6153,296;6157,310;6162,294;6166,308;6170,306;6175,282;6179,310;6183,294;6188,308;6192,292;6197,318;6201,296;6205,308;6210,292;6214,306;6218,304;6223,314;6227,308;6231,292;6236,306;6240,290;6244,302;6249,294;6253,308;6258,292;6262,318;6266,304;6271,316;6275,308;6279,292;6284,306;6288,304;6292,304;6297,288;6301,308;6305,292;6310,306;6314,304;6318,318;6323,308;6327,294;6332,306;6336,304;6340,304;6345,274;6349,308;6353,292;6358,306;6362,304;6366,302;6371,288;6375,292;6379,318;6384,304;6388,318;6392,288;6397,306;6401,292;6406,304;6410,302;6414,316;6419,300;6423,292;6427,318;6432,302;6436,314;6440,286;6445,300;6449,290;6453,316;6458,302;6462,328;6467,298;6471,290;6475,304;6480,302;6484,314;6488,286;6493,298;6497,290;6501,302;6506,288;6510,314;6514,300;6519,292;6523,318;6527,302;6532,316;6536,286;6541,300;6545,290;6549,304;6554,302;6558,314;6562,300;6567,312;6571,304;6575,288;6580,302;6584,286;6588,300;6593,290;6597,304;6601,302;6606,316;6610,300;6615,300;6619,318;6623,304;6628,316;6632,288;6636,300;6641,286;6645,318;6649,290;6654,316;6658,288;6662,300;6667,284;6671,290;6675,290;6680,274;6684,288;6689,258;6693,290;6697,262;6702,274;6706,258;6710,286;6715,270;6719,290;6723,288;6728,274;6732,286;6736,230;6741,276;6745,262;6749,274;6754,272;6758,270;6763,254;6767,260;6771,286;6776,272;6780,284;6784,240;6789,282;6793,272;6797,286;6802,270;6806,284;6810,268;6815,274;6819,286;6824,284;6828,284;6832,268;6837,282;6841,244;6845,284;6850,254;6854,282;6858,252;6863,270;6867,284;6871,238;6876,280;6880,278;6884,292;6889,268;6893,268;6898,264;6902,278;6906,248;6911,276;6915,280;6919,236;6924,292;6928,278;6932,290;6937,266;6941,266;6945,264;6950,278;6954,248;6958,274;6963,280;6967,236;6972,278;6976,276;6980,290;6985,274;6989,278;6993,250;6998,276;7002,246;7006,274;7011,280;7015,236;7019,278;7024,262;7028,276;7033,260;7037,280;7041,264;7046,290;7050,262;7054,274;7059,258;7063,264;7067,278;7072,262;7076,288;7080,274;7085,278;7089,264;7093,276;7098,262;7102,274;7107,260;7111,264;7115,290;7120,262;7124,288;7128,274;7133,286;7137,248;7141,276;7146,246;7150,274;7154,244;7159,278;7163,290;7167,262;7172,288;7176,260;7181,274;7185,264;7189,292;7194,262;7198,290;) of size 460\r\nSTEPPER: Moving to mstep: 5200 with speed [msteps/sec]: 4000 in SpreadCycle.\r\n'), 14:15:48
bytearray(b'STEPPER: Moved 2000.00 msteps (ramp: 35%) in 699.764 ms -> average speed [msteps/sec]: 2858.11\r\nSTEPPER: Moving to mstep: 7200 with speed [msteps/sec]: 1000 in StealthChop.\r\n'), 14:15:49
bytearray(b'STEPPER: Estimate 2: [msteps] 6697\r\nSTEPPER: buffer (5200,286;5204,302;5208,272;5213,312;5217,302;5221,316;5226,288;5230,328;5234,298;5239,310;5243,314;5247,300;5252,312;5256,298;5260,310;5265,286;5269,314;5274,298;5278,326;5282,296;5287,308;5291,314;5295,298;5300,312;5304,310;5308,310;5313,308;5317,314;5321,284;5326,310;5330,280;5334,308;5339,292;5343,296;5348,310;5352,282;5356,308;5361,292;5365,312;5369,296;5374,322;5378,294;5382,306;5387,292;5391,296;5395,310;5400,294;5404,322;5408,306;5413,318;5417,296;5422,310;5426,280;5430,308;5435,292;5439,296;5443,310;5448,294;5452,320;5456,278;5461,304;5465,296;5469,308;5474,294;5478,306;5482,292;5487,296;5491,310;5496,294;5500,308;5504,306;5509,306;5513,298;5517,310;5522,282;5526,308;5530,280;5535,306;5539,312;5543,298;5548,310;5552,296;5557,308;5561,300;5565,312;5570,298;5574,310;5578,294;5583,308;5587,328;5591,300;5596,326;5600,296;5604,310;5609,288;5613,314;5617,298;5622,326;5626,296;5631,310;5635,314;5639,300;5644,312;5648,298;5652,310;5657,296;5661,316;5665,286;5670,314;5674,298;5678,312;5683,284;5687,302;5691,316;5696,314;5700,312;5705,298;5709,304;5713,288;5718,316;5722,286;5726,312;5731,298;5735,288;5739,316;5744,300;5748,314;5752,300;5757,312;5761,290;5766,316;5770,302;5774,314;5779,300;5783,292;5787,318;5792,302;5796,316;5800,288;5805,314;5809,292;5813,304;5818,290;5822,304;5826,288;5831,300;5835,306;5840,306;5844,304;5848,302;5853,316;5857,280;5861,320;5866,290;5870,304;5874,288;5879,300;5883,306;5887,304;5892,318;5896,302;5900,302;5905,292;5909,306;5914,290;5918,304;5922,288;5927,302;5931,320;5935,306;5940,318;5944,304;5948,302;5953,300;5957,320;5961,292;5966,306;5970,290;5974,316;5979,302;5983,294;5988,320;5992,290;5996,318;6001,302;6005,322;6009,306;6014,304;6018,290;6022,318;6027,288;6031,308;6035,320;6040,306;6044,304;6049,304;6053,318;6057,296;6062,308;6066,292;6070,320;6075,290;6079,296;6083,310;6088,308;6092,308;6096,306;6101,298;6105,296;6109,310;6114,282;6118,308;6123,294;6127,286;6131,312;6136,298;6140,310;6144,294;6149,308;6153,298;6157,312;6162,296;6166,310;6170,294;6175,300;6179,314;6183,298;6188,312;6192,296;6197,310;6201,286;6205,312;6210,298;6214,312;6218,282;6223,308;6227,312;6231,300;6236,312;6240,298;6244,310;6249,288;6253,316;6258,286;6262,312;6266,296;6271,324;6275,302;6279,300;6284,314;6288,298;6292,312;6297,296;6301,302;6305,286;6310,300;6314,284;6318,312;6323,296;6327,302;6332,314;6336,286;6340,314;6345,298;6349,318;6353,302;6358,316;6362,286;6366,300;6371,284;6375,304;6379,316;6384,302;6388,314;6392,300;6397,312;6401,290;6406,316;6410,288;6414,300;6419,286;6423,304;6427,318;6432,302;6436,316;6440,300;6445,314;6449,292;6453,304;6458,288;6462,316;6466,286;6471,292;6475,304;6480,304;6484,316;6488,300;6493,314;6497,290;6501,304;6506,288;6510,302;6514,286;6519,300;6523,306;6527,304;6532,316;6536,302;6541,314;6545,292;6549,318;6554,302;6558,302;6562,286;6567,300;6571,304;6575,290;6580,316;6584,286;6588,312;6593,288;6597,316;6601,300;6606,314;6610,284;6615,298;6619,316;6623,302;6628,314;6632,298;6636,312;6641,296;6645,316;6649,286;6654,314;6658,284;6662,296;6667,268;6671,286;6675,300;6680,284;6684,296;6689,282;6693,286;6697,272;6702,284;6706,268;6710,268;6715,266;6719,256;6723,284;6728,254;6732,296;6736,280;6741,270;6745,256;6749,282;6754,252;6758,266;6763,264;6767,256;6771,282;6776,238;6780,280;6784,262;6789,290;6793,282;6797,294;6802,250;6806,278;6810,260;6815,268;6819,292;6823,248;6828,290;6832,274;6837,288;6841,264;6845,264;6850,276;6854,288;6858,272;6863,262;6867,262;6871,232;6876,286;6880,272;6884,284;6889,260;6893,272;6897,258;6902,270;6906,240;6911,282;6915,286;6919,272;6924,270;6928,254;6932,282;6937,272;6941,286;6945,256;6950,268;6954,252;6958,268;6963,284;6967,256;6972,282;6976,238;6980,280;6985,264;6989,284;6993,268;6998,280;7002,264;7006,278;7011,262;7015,266;7019,280;7024,236;7028,276;7032,262;7037,294;7041,264;7046,278;7050,262;7054,276;7059,260;7063,250;7067,278;7072,262;7076,276;7080,260;7085,278;7089,264;7093,262;7098,260;7102,274;7106,258;7111,234;7115,278;7120,276;7124,288;7128,272;7133,286;7137,234;7141,276;7146,260;7150,288;7154,244;7159,276;7163,290;7167,262;7172,274;7176,244;7181,270;7185,248;7189,276;7194,260;7198,286;) of size 460\r\nSTEPPER: Moving to mstep: 5200 with speed [msteps/sec]: 4000 in SpreadCycle.\r\n'), 14:15:51
bytearray(b'STEPPER: Moved 2000.00 msteps (ramp: 35%) in 699.756 ms -> average speed [msteps/sec]: 2858.14\r\nSTEPPER: Moving to mstep: 7200 with speed [msteps/sec]: 1000 in StealthChop.\r\n'), 14:15:52
bytearray(b'STEPPER: Estimate 3: [msteps] 6662\r\nSTEPPER: buffer (5200,294;5204,302;5208,300;5213,310;5217,290;5221,318;5226,302;5230,314;5234,300;5239,326;5243,304;5247,302;5252,314;5256,300;5260,312;5265,290;5269,316;5274,302;5278,314;5282,298;5287,312;5291,316;5295,302;5300,314;5304,298;5308,312;5313,296;5317,316;5321,300;5326,314;5330,284;5334,298;5339,296;5343,302;5348,314;5352,300;5356,312;5361,296;5365,316;5369,286;5374,314;5378,284;5382,312;5387,296;5391,286;5395,314;5400,298;5404,312;5408,310;5413,310;5417,300;5422,298;5426,294;5430,310;5435,282;5439,314;5443,314;5448,284;5452,310;5456,296;5461,308;5465,286;5469,312;5474,296;5478,310;5482,294;5487,300;5491,312;5496,312;5500,310;5504,310;5509,322;5513,286;5517,312;5522,284;5526,310;5530,296;5535,308;5539,314;5543,300;5548,312;5552,296;5557,308;5561,300;5565,314;5570,284;5574,310;5578,296;5583,308;5587,314;5591,286;5596,312;5600,296;5604,322;5609,300;5613,312;5617,284;5622,310;5626,294;5631,322;5635,312;5639,312;5644,312;5648,310;5652,308;5657,306;5661,312;5665,296;5670,308;5674,294;5678,306;5683,290;5687,310;5691,308;5696,308;5700,306;5705,304;5709,310;5713,294;5718,320;5722,292;5726,304;5731,290;5735,308;5739,306;5744,290;5748,304;5752,302;5757,316;5761,292;5766,320;5770,290;5774,316;5779,300;5783,278;5787,306;5792,304;5796,316;5800,300;5805,314;5809,290;5813,304;5818,286;5822,300;5826,298;5831,290;5835,316;5840,288;5844,314;5848,312;5853,310;5857,302;5861,328;5866,284;5870,312;5874,296;5879,310;5883,314;5887,298;5892,310;5896,296;5900,308;5905,298;5909,312;5914,282;5918,308;5922,294;5927,320;5931,312;5935,310;5940,310;5944,294;5948,306;5953,290;5957,324;5961,294;5966,322;5970,306;5974,318;5979,310;5983,294;5988,308;5992,306;5996,318;6001,304;6005,322;6009,292;6014,306;6018,290;6022,316;6027,288;6031,306;6035,318;6040,304;6044,316;6049,288;6053,314;6057,290;6062,316;6066,288;6070,314;6075,284;6079,304;6083,316;6088,302;6092,314;6096,284;6101,312;6105,288;6109,316;6114,300;6118,312;6123,298;6127,288;6131,314;6136,300;6140,312;6144,284;6149,310;6153,286;6157,314;6162,298;6166,310;6170,294;6175,308;6179,314;6183,298;6188,310;6192,282;6197,306;6201,298;6205,312;6210,282;6214,310;6218,280;6223,306;6227,312;6231,296;6236,308;6240,294;6244,320;6249,284;6253,310;6257,294;6262,308;6266,306;6271,318;6275,310;6279,294;6284,306;6288,306;6292,318;6297,304;6301,308;6305,292;6310,320;6314,290;6318,304;6323,288;6327,292;6331,306;6336,290;6340,304;6345,288;6349,306;6353,292;6358,304;6362,288;6366,302;6371,300;6375,306;6379,320;6384,290;6388,316;6392,288;6397,316;6401,292;6406,304;6410,290;6414,302;6419,288;6423,306;6427,320;6432,290;6436,304;6440,288;6445,316;6449,292;6453,306;6458,290;6462,304;6466,288;6471,292;6475,306;6480,302;6484,302;6488,288;6493,314;6497,290;6501,318;6506,288;6510,314;6514,284;6519,312;6523,304;6527,288;6532,314;6536,300;6540,312;6545,290;6549,302;6554,288;6558,312;6562,284;6567,310;6571,316;6575,300;6580,314;6584,284;6588,312;6593,288;6597,302;6601,286;6606,298;6610,284;6615,310;6619,316;6623,300;6628,314;6632,300;6636,312;6641,282;6645,316;6649,286;6654,300;6658,284;6662,310;6667,282;6671,272;6675,284;6680,254;6684,296;6689,282;6693,286;6697,270;6702,284;6706,254;6710,268;6715,266;6719,242;6723,284;6728,284;6732,296;6736,280;6741,286;6745,256;6749,270;6754,268;6758,280;6763,278;6767,270;6771,284;6776,268;6780,280;6784,250;6789,278;6793,268;6797,282;6802,266;6806,280;6810,264;6815,270;6819,284;6823,268;6828,280;6832,266;6837,292;6841,256;6845,268;6850,266;6854,294;6858,264;6863,270;6867,282;6871,238;6876,280;6880,264;6884,276;6889,268;6893,280;6897,264;6902,276;6906,262;6911,274;6915,280;6919,250;6924,276;6928,260;6932,286;6937,264;6941,276;6945,260;6950,260;6954,258;6958,272;6963,276;6967,274;6971,288;6976,270;6980,284;6985,268;6989,274;6993,258;6998,284;7002,256;7006,282;7011,266;7015,244;7019,270;7024,268;7028,296;7032,278;7037,270;7041,256;7046,280;7050,266;7054,278;7059,262;7063,280;7067,280;7072,264;7076,276;7080,262;7085,266;7089,264;7093,262;7098,276;7102,288;7106,274;7111,262;7115,262;7120,232;7124,288;7128,272;7133,298;7137,248;7141,274;7146,258;7150,272;7154,270;7159,274;7163,288;7167,272;7172,286;7176,270;7181,270;7185,246;7189,272;7194,256;7198,268;) of size 460\r\nSTEPPER: Moving to mstep: 5200 with speed [msteps/sec]: 4000 in SpreadCycle.\r\n'), 14:15:54
bytearray(b'STEPPER: Moved 2000.00 msteps (ramp: 35%) in 699.756 ms -> average speed [msteps/sec]: 2858.14\r\nSTEPPER: Moving to mstep: 7200 with speed [msteps/sec]: 1000 in StealthChop.\r\n'), 14:15:55
bytearray(b'STEPPER: Estimate 4: [msteps] 6667\r\nSTEPPER: buffer (5200,280;5204,310;5208,264;5213,320;5217,294;5221,310;5226,294;5230,308;5234,292;5239,320;5243,310;5247,294;5252,306;5256,306;5260,304;5265,296;5269,308;5274,292;5278,306;5282,304;5287,316;5291,308;5295,292;5300,306;5304,304;5308,316;5313,300;5317,306;5321,290;5326,304;5330,302;5334,314;5339,306;5343,290;5348,304;5352,288;5356,302;5361,286;5365,304;5369,288;5374,316;5378,300;5382,312;5387,296;5391,288;5395,314;5400,298;5404,312;5409,296;5413,302;5417,286;5422,312;5426,298;5430,310;5435,294;5439,298;5443,312;5448,296;5452,308;5456,294;5461,306;5465,296;5469,308;5474,292;5478,318;5483,304;5487,294;5491,308;5496,306;5500,318;5504,304;5509,316;5513,278;5517,306;5522,304;5526,316;5530,300;5535,292;5539,306;5543,302;5548,316;5552,286;5557,298;5561,304;5565,316;5570,300;5574,314;5578,298;5583,310;5587,316;5591,300;5596,314;5600,298;5604,310;5609,288;5613,314;5617,298;5622,312;5626,296;5631,308;5635,314;5639,298;5644,312;5648,296;5652,308;5657,294;5661,312;5665,296;5670,324;5674,296;5678,306;5683,290;5687,310;5692,310;5696,294;5700,306;5705,304;5709,310;5713,296;5718,308;5722,292;5726,304;5731,290;5735,294;5739,308;5744,292;5748,304;5752,290;5757,308;5761,308;5766,320;5770,304;5774,302;5779,288;5783,294;5787,306;5792,290;5796,304;5800,288;5805,316;5809,292;5813,318;5818,304;5822,302;5826,288;5831,292;5835,306;5840,290;5844,302;5848,288;5853,314;5857,292;5861,318;5866,302;5870,316;5874,300;5879,312;5883,304;5887,288;5892,300;5896,298;5901,312;5905,288;5909,316;5914,286;5918,300;5922,282;5927,310;5931,316;5935,300;5940,312;5944,296;5948,308;5953,292;5957,314;5961,296;5966,322;5970,308;5975,306;5979,310;5983,294;5988,306;5992,292;5996,306;6001,290;6005,308;6009,294;6014,322;6018,304;6022,304;6027,288;6031,294;6035,306;6040,290;6044,304;6049,302;6053,308;6057,306;6062,318;6066,304;6070,316;6075,288;6079,292;6083,306;6088,290;6092,302;6096,302;6101,316;6105,292;6109,318;6114,290;6118,302;6123,288;6127,292;6131,306;6136,290;6140,304;6144,288;6149,302;6153,306;6157,320;6162,290;6166,302;6170,288;6175,314;6179,320;6184,292;6188,318;6192,288;6197,316;6201,292;6205,306;6210,276;6214,302;6218,288;6223,300;6227,320;6231,304;6236,318;6240,302;6244,314;6249,290;6253,318;6258,288;6262,316;6266,286;6271,312;6275,304;6279,302;6284,316;6288,300;6292,312;6297,298;6301,302;6305,300;6310,314;6314,300;6318,312;6323,296;6327,300;6332,314;6336,286;6340,312;6345,296;6349,316;6353,302;6358,314;6362,298;6366,310;6371,296;6375,302;6379,314;6384,286;6388,312;6392,296;6397,314;6401,300;6406,312;6410,296;6414,310;6419,294;6423,300;6427,312;6432,296;6436,310;6440,294;6445,308;6449,298;6453,326;6458,296;6462,310;6467,294;6471,300;6475,312;6480,296;6484,296;6488,294;6493,308;6497,298;6501,312;6506,296;6510,308;6514,294;6519,306;6523,312;6527,296;6532,310;6536,294;6541,308;6545,300;6549,312;6554,298;6558,310;6562,294;6567,308;6571,314;6575,284;6580,296;6584,296;6588,308;6593,292;6597,312;6601,296;6606,310;6610,294;6615,308;6619,312;6623,296;6628,308;6632,294;6636,306;6641,292;6645,324;6649,294;6654,308;6658,292;6662,306;6667,296;6671,252;6676,292;6680,278;6684,290;6689,290;6693,294;6697,278;6702,276;6706,262;6710,274;6715,282;6719,278;6723,292;6728,234;6732,290;6736,274;6741,292;6745,278;6750,290;6754,262;6758,286;6763,272;6767,276;6771,290;6776,274;6780,288;6784,244;6789,284;6793,276;6797,288;6802,258;6806,286;6810,256;6815,262;6819,290;6824,274;6828,274;6832,242;6837,284;6841,262;6845,288;6850,260;6854,288;6858,272;6863,278;6867,292;6871,276;6876,290;6880,260;6885,274;6889,250;6893,264;6898,248;6902,276;6906,260;6911,254;6915,280;6919,278;6924,292;6928,264;6932,276;6937,252;6941,266;6945,252;6950,278;6954,278;6959,226;6963,282;6967,268;6972,280;6976,264;6980,278;6985,254;6989,268;6993,252;6998,280;7002,264;7006,276;7011,282;7015,268;7019,294;7024,280;7028,278;7033,262;7037,282;7041,268;7046,280;7050,266;7054,278;7059,262;7063,254;7067,268;7072,238;7076,280;7080,278;7085,284;7089,254;7093,268;7098,252;7102,278;7107,264;7111,254;7115,268;7120,268;7124,294;7128,280;7133,292;7137,270;7141,282;7146,268;7150,280;7154,264;7159,270;7163,284;7168,268;7172,280;7176,250;7181,278;7185,254;7189,268;7194,252;7198,280;) of size 460\r\nSTEPPER: Moving to mstep: 5200 with speed [msteps/sec]: 4000 in SpreadCycle.\r\n'), 14:15:58
bytearray(b'STEPPER: Moved 2000.00 msteps (ramp: 35%) in 699.756 ms -> average speed [msteps/sec]: 2858.14\r\nSTEPPER: Moving to mstep: 7200 with speed [msteps/sec]: 1000 in StealthChop.\r\n'), 14:15:58
bytearray(b'STEPPER: Estimate 5: [msteps] 6689\r\nSTEPPER: buffer (5200,292;5204,298;5208,282;5213,310;5217,286;5221,314;5226,298;5230,324;5234,296;5239,324;5243,314;5247,312;5252,310;5256,296;5260,308;5265,284;5269,310;5274,294;5278,322;5282,292;5287,318;5291,310;5295,308;5300,308;5304,292;5308,306;5313,304;5317,308;5321,292;5326,306;5330,290;5334,302;5339,308;5343,292;5348,306;5352,290;5356,316;5361,302;5365,306;5369,292;5374,318;5378,290;5382,316;5387,286;5391,306;5395,318;5400,304;5404,316;5409,302;5413,306;5417,290;5422,318;5426,302;5430,314;5435,300;5439,290;5443,304;5448,302;5452,314;5456,300;5461,312;5465,288;5469,316;5474,300;5478,314;5483,282;5487,304;5491,316;5496,314;5500,314;5504,298;5509,310;5513,288;5517,314;5522,284;5526,312;5530,282;5535,310;5539,328;5543,300;5548,312;5552,296;5557,308;5561,300;5565,312;5570,298;5574,310;5578,294;5583,308;5587,314;5591,296;5596,310;5600,294;5604,308;5609,298;5613,312;5617,282;5622,308;5626,294;5631,320;5635,312;5639,296;5644,310;5648,294;5652,308;5657,306;5661,310;5665,294;5670,322;5674,292;5678,320;5683,290;5687,296;5691,308;5696,306;5700,306;5705,304;5709,308;5713,280;5718,320;5722,304;5726,316;5731,288;5735,306;5739,318;5744,304;5748,302;5752,288;5757,300;5761,304;5766,318;5770,302;5774,316;5779,300;5783,292;5787,318;5792,302;5796,316;5800,300;5805,328;5809,276;5813,302;5818,288;5822,300;5826,284;5831,304;5835,318;5840,302;5844,316;5848,300;5853,312;5857,290;5861,302;5866,286;5870,314;5874,298;5879,274;5883,316;5887,300;5892,312;5896,298;5901,310;5905,286;5909,314;5914,284;5918,298;5922,282;5927,310;5931,314;5935,300;5940,312;5944,298;5948,310;5953,286;5957,314;5961,298;5966,312;5970,296;5975,308;5979,314;5983,298;5988,310;5992,296;5996,308;6001,292;6005,312;6009,296;6014,310;6018,294;6022,306;6027,278;6031,310;6035,310;6040,308;6044,320;6049,306;6053,312;6057,282;6062,322;6066,294;6070,308;6075,292;6079,298;6083,310;6088,308;6092,306;6096,292;6101,304;6105,296;6109,308;6114,292;6118,320;6123,290;6127,296;6131,308;6136,292;6140,320;6144,304;6149,316;6153,294;6157,320;6162,292;6166,304;6170,288;6175,294;6179,308;6183,292;6188,318;6192,302;6197,316;6201,278;6205,306;6210,290;6214,304;6218,288;6223,314;6227,306;6231,304;6236,316;6240,302;6244,314;6249,290;6253,318;6257,288;6262,316;6266,300;6271,312;6275,304;6279,302;6284,316;6288,300;6292,312;6297,298;6301,316;6305,300;6310,300;6314,284;6318,298;6323,304;6327,300;6332,314;6336,286;6340,298;6345,296;6349,316;6353,300;6358,314;6362,298;6366,310;6371,296;6375,300;6379,314;6384,284;6388,312;6392,296;6397,322;6401,286;6406,298;6410,284;6414,310;6419,294;6423,288;6427,314;6432,298;6436,312;6440,296;6445,310;6449,286;6453,312;6458,296;6462,324;6467,294;6471,300;6475,312;6480,298;6484,296;6488,294;6493,308;6497,286;6501,312;6506,282;6510,308;6514,280;6519,306;6523,312;6527,296;6532,310;6536,294;6541,306;6545,298;6549,310;6554,294;6558,308;6562,292;6567,306;6571,310;6575,296;6580,308;6584,292;6588,306;6593,292;6597,310;6601,294;6606,308;6610,292;6615,306;6619,310;6623,296;6628,322;6632,306;6636,306;6641,304;6645,324;6649,294;6654,320;6658,290;6662,304;6667,274;6671,280;6675,292;6680,290;6684,288;6689,288;6693,278;6697,262;6702,276;6706,274;6710,286;6715,256;6719,262;6723,276;6728,260;6732,286;6736,270;6741,276;6745,262;6749,274;6754,258;6758,272;6763,256;6767,276;6771,288;6776,244;6780,272;6784,270;6789,284;6793,248;6797,274;6802,258;6806,284;6810,256;6815,260;6819,288;6823,272;6828,298;6832,270;6837,282;6841,244;6845,272;6850,242;6854,270;6858,254;6863,258;6867,286;6871,256;6876,282;6880,268;6884,294;6889,258;6893,284;6898,268;6902,282;6906,266;6911,278;6915,284;6919,282;6924,284;6928,252;6932,280;6937,270;6941,284;6945,254;6950,282;6954,266;6958,278;6963,270;6967,254;6972,282;6976,268;6980,280;6985,256;6989,284;6993,254;6998,254;7002,252;7006,278;7011,284;7015,268;7019,280;7024,252;7028,292;7033,262;7037,282;7041,252;7046,278;7050,248;7054,276;7059,246;7063,266;7067,264;7072,234;7076,276;7080,274;7085,280;7089,264;7093,262;7098,274;7102,288;7107,258;7111,262;7115,276;7120,260;7124,272;7128,228;7133,284;7137,260;7141,272;7146,258;7150,284;7154,268;7159,230;7163,286;7167,270;7172,282;7176,268;7181,280;7185,258;7189,284;7194,268;7198,282;) of size 460\r\nSTEPPER: Moving to mstep: 5200 with speed [msteps/sec]: 4000 in SpreadCycle.\r\n'), 14:16:01
bytearray(b'STEPPER: Moved 2000.00 msteps (ramp: 35%) in 699.764 ms -> average speed [msteps/sec]: 2858.11\r\nSTEPPER: Moving to mstep: 7200 with speed [msteps/sec]: 1000 in StealthChop.\r\n'), 14:16:02
bytearray(b'STEPPER: Estimate 6: [msteps] 6689\r\nSTEPPER: buffer (5200,288;5204,296;5208,280;5213,306;5217,282;5221,310;5226,294;5230,308;5234,292;5239,318;5243,310;5247,294;5252,306;5256,304;5260,318;5265,294;5269,322;5274,290;5278,320;5282,302;5287,316;5291,306;5295,290;5300,316;5304,300;5308,314;5313,298;5317,316;5321,288;5326,314;5330,286;5334,312;5339,304;5343,302;5348,314;5352,286;5356,312;5361,296;5365,316;5369,300;5374,312;5378,296;5382,308;5387,278;5391,298;5395,310;5400,294;5404,320;5408,292;5413,318;5417,296;5422,308;5426,292;5430,304;5435,288;5439,308;5443,322;5448,304;5452,318;5456,274;5461,300;5465,292;5469,318;5474,302;5478,316;5482,300;5487,290;5491,304;5496,300;5500,312;5504,298;5509,312;5513,286;5517,314;5522,284;5526,310;5530,296;5535,306;5539,312;5543,310;5548,308;5552,294;5557,306;5561,296;5565,308;5570,292;5574,306;5578,304;5583,316;5587,322;5591,292;5596,318;5600,302;5604,316;5609,292;5613,306;5617,288;5622,302;5626,286;5631,314;5635,318;5639,290;5644,316;5648,300;5652,312;5657,312;5661,316;5665,284;5670,312;5674,298;5678,310;5683,294;5687,298;5691,312;5696,310;5700,310;5705,308;5709,298;5713,282;5718,310;5722,280;5726,306;5731,290;5735,310;5739,322;5744,306;5748,306;5752,290;5757,302;5761,292;5765,306;5770,290;5774,316;5779,302;5783,292;5787,318;5792,304;5796,316;5800,286;5805,314;5809,290;5813,304;5818,288;5822,300;5826,298;5831,290;5835,316;5839,300;5844,312;5848,296;5853,310;5857,286;5861,314;5866,298;5870,310;5874,294;5879,308;5883,312;5887,296;5892,308;5896,308;5900,306;5905,284;5909,310;5914,280;5918,306;5922,290;5927,316;5931,308;5935,292;5940,306;5944,304;5948,316;5953,288;5957,306;5961,304;5966,316;5970,302;5974,300;5979,298;5983,290;5988,316;5992,286;5996,312;6001,310;6005,316;6009,286;6014,312;6018,268;6022,310;6027,296;6031,298;6035,312;6040,296;6044,308;6048,292;6053,304;6057,282;6062,308;6066,292;6070,306;6075,290;6079,280;6083,308;6088,306;6092,318;6096,304;6101,314;6105,292;6109,304;6114,288;6118,300;6123,298;6127,290;6131,316;6136,286;6140,314;6144,310;6149,310;6153,300;6157,300;6162,298;6166,310;6170,294;6175,306;6179,312;6183,298;6188,322;6192,294;6197,320;6201,284;6205,296;6210,280;6214,308;6218,292;6223,304;6227,310;6231,294;6236,306;6240,292;6244,318;6249,294;6253,322;6257,292;6262,318;6266,288;6271,314;6275,320;6279,276;6284,302;6288,300;6292,312;6297,298;6301,316;6305,286;6310,314;6314,284;6318,310;6323,294;6327,286;6331,312;6336,298;6340,310;6345,294;6349,314;6353,298;6358,310;6362,296;6366,308;6371,292;6375,298;6379,310;6384,296;6388,306;6392,292;6397,320;6401,296;6405,308;6410,294;6414,306;6419,290;6423,296;6427,308;6432,308;6436,318;6440,290;6445,316;6449,292;6453,318;6458,290;6462,316;6466,286;6471,314;6475,318;6479,276;6484,302;6488,300;6493,312;6497,304;6501,302;6506,286;6510,314;6514,284;6519,310;6523,316;6527,286;6532,312;6536,298;6540,310;6545,288;6549,300;6554,284;6558,312;6562,296;6567,310;6571,314;6575,300;6580,312;6584,296;6588,310;6593,308;6597,312;6601,282;6606,296;6610,280;6614,292;6619,290;6623,282;6628,308;6632,292;6636,304;6641,304;6645,308;6649,292;6654,320;6658,276;6662,302;6667,292;6671,248;6675,290;6680,288;6684,300;6689,286;6693,290;6697,260;6702,274;6706,258;6710,284;6715,268;6719,274;6723,286;6728,272;6732,298;6736,268;6741,272;6745,272;6749,284;6754,268;6758,282;6763,280;6767,244;6771,270;6776,268;6780,296;6784,266;6789,292;6793,270;6797,282;6802,266;6806,294;6810,278;6815,254;6819,280;6823,236;6828,292;6832,276;6837,290;6841,252;6845,292;6850,248;6854,274;6858,258;6863,234;6867,290;6871,274;6876,286;6880,272;6884,284;6889,260;6893,274;6897,258;6902,284;6906,268;6911,280;6915,286;6919,270;6924,282;6928,252;6932,278;6937,270;6941,282;6945,266;6950,280;6954,264;6958,278;6963,282;6967,252;6971,264;6976,262;6980,288;6985,258;6989,278;6993,262;6998,274;7002,274;7006,286;7011,256;7015,260;7019,288;7024,242;7028,284;7032,270;7037,288;7041,258;7046,270;7050,268;7054,282;7059,264;7063,254;7067,266;7072,236;7076,278;7080,276;7085,268;7089,250;7093,276;7098,262;7102,274;7106,272;7111,278;7115,290;7120,274;7124,286;7128,270;7133,284;7137,272;7141,286;7146,270;7150,282;7154,266;7159,228;7163,282;7167,266;7172,278;7176,248;7180,276;7185,252;7189,278;7194,262;7198,260;) of size 460\r\nSTEPPER: Moving to mstep: 5200 with speed [msteps/sec]: 4000 in SpreadCycle.\r\n'), 14:16:04
bytearray(b'STEPPER: Moved 2000.00 msteps (ramp: 35%) in 699.764 ms -> average speed [msteps/sec]: 2858.11\r\nSTEPPER: Moving to mstep: 7200 with speed [msteps/sec]: 1000 in StealthChop.\r\n'), 14:16:05
bytearray(b'STEPPER: Estimate 7: [msteps] 6689\r\nSTEPPER: buffer (5200,282;5204,314;5208,270;5213,310;5217,288;5221,316;5226,288;5230,312;5234,298;5239,310;5243,314;5247,300;5252,314;5256,298;5260,310;5265,302;5269,314;5274,298;5278,312;5282,296;5287,308;5291,314;5295,284;5300,310;5304,296;5308,308;5313,292;5317,310;5321,292;5326,308;5330,292;5334,320;5339,310;5343,294;5348,308;5352,292;5356,304;5361,290;5365,310;5369,294;5374,308;5378,292;5382,304;5387,288;5391,294;5395,320;5400,292;5404,318;5409,304;5413,308;5417,278;5422,306;5426,276;5430,302;5435,288;5439,306;5443,304;5448,290;5452,318;5456,300;5461,312;5465,290;5469,316;5474,288;5478,314;5483,298;5487,290;5491,302;5496,302;5500,314;5504,312;5509,312;5513,288;5517,314;5522,300;5526,312;5530,296;5535,308;5539,314;5543,298;5548,312;5552,282;5557,310;5561,300;5565,312;5570,296;5574,324;5578,294;5583,306;5587,312;5591,296;5596,322;5600,308;5604,320;5609,296;5613,308;5617,292;5622,306;5626,290;5631,302;5635,322;5639,306;5644,318;5648,302;5652,316;5657,300;5661,318;5665,290;5670,316;5674,300;5678,312;5683,298;5687,302;5691,314;5696,300;5700,312;5705,296;5709,302;5713,284;5718,312;5722,296;5726,310;5731,292;5735,298;5739,324;5744,296;5748,308;5752,292;5757,304;5761,296;5766,308;5770,292;5774,304;5779,288;5783,308;5787,320;5792,304;5796,316;5800,288;5805,314;5809,290;5813,318;5818,286;5822,314;5826,296;5831,288;5835,314;5840,300;5844,312;5848,298;5853,308;5857,286;5861,312;5866,296;5870,308;5874,292;5879,316;5883,324;5887,308;5892,322;5896,306;5901,304;5905,294;5909,306;5914,292;5918,304;5922,288;5927,300;5931,320;5935,304;5940,316;5944,300;5948,314;5953,290;5957,302;5961,286;5966,314;5970,284;5975,310;5979,316;5983,300;5988,312;5992,296;5996,324;6001,308;6005,300;6009,284;6014,310;6018,294;6022,322;6027,292;6031,296;6035,310;6040,308;6044,320;6049,304;6053,310;6057,294;6062,322;6066,292;6070,304;6075,288;6079,294;6083,306;6088,292;6092,316;6096,316;6101,314;6105,292;6109,318;6114,288;6118,314;6123,300;6127,290;6131,316;6136,302;6140,314;6144,298;6149,310;6153,288;6157,312;6162,298;6166,312;6170,282;6175,308;6179,312;6183,298;6188,310;6192,294;6197,322;6201,284;6205,310;6210,294;6214,308;6218,292;6223,304;6227,310;6231,294;6236,306;6240,304;6244,304;6249,280;6253,320;6257,292;6262,318;6266,288;6271,302;6275,320;6279,292;6284,304;6288,290;6292,302;6297,300;6301,318;6305,288;6310,316;6314,286;6318,312;6323,298;6327,288;6332,302;6336,286;6340,310;6345,296;6349,314;6353,300;6358,312;6362,296;6366,308;6371,294;6375,298;6379,310;6384,294;6388,308;6392,292;6397,310;6401,280;6406,308;6410,292;6414,318;6419,290;6423,296;6427,322;6432,306;6436,318;6440,302;6445,302;6449,292;6453,318;6458,288;6462,316;6467,298;6471,304;6475,304;6480,288;6484,314;6488,298;6493,312;6497,302;6501,300;6506,284;6510,312;6514,296;6519,308;6523,314;6527,298;6532,312;6536,296;6541,308;6545,286;6549,298;6554,296;6558,310;6562,294;6567,320;6571,298;6575,296;6580,310;6584,294;6588,320;6593,284;6597,296;6601,280;6606,308;6610,292;6615,306;6619,312;6623,296;6628,308;6632,294;6636,304;6641,290;6645,308;6649,292;6654,306;6658,276;6662,302;6667,294;6671,278;6675,290;6680,276;6684,288;6689,286;6693,290;6697,262;6702,274;6706,258;6710,270;6715,254;6719,274;6723,286;6728,242;6732,284;6736,282;6741,272;6745,270;6749,284;6754,254;6758,280;6763,252;6767,270;6771,282;6776,266;6780,280;6784,264;6789,276;6793,266;6797,280;6802,264;6806,290;6810,276;6815,280;6819,294;6824,264;6828,276;6832,260;6837,288;6841,250;6845,276;6850,260;6854,288;6858,258;6863,234;6867,290;6871,274;6876,286;6880,272;6884,284;6889,246;6893,288;6898,258;6902,284;6906,254;6911,280;6915,286;6919,270;6924,296;6928,252;6932,292;6937,256;6941,282;6945,252;6950,266;6954,250;6959,276;6963,282;6967,250;6972,278;6976,262;6980,288;6985,230;6989,290;6993,260;6998,274;7002,258;7006,270;7011,276;7015,274;7019,286;7024,256;7028,270;7033,238;7037,286;7041,256;7046,282;7050,252;7054,266;7059,250;7063,268;7067,296;7072,266;7076,278;7080,248;7085,282;7089,268;7093,280;7098,264;7102,276;7107,246;7111,266;7115,280;7120,262;7124,290;7128,274;7133,286;7137,248;7141,276;7146,274;7150,288;7154,270;7159,276;7163,288;7167,246;7172,272;7176,256;7181,282;7185,246;7189,286;7194,256;7198,268;) of size 460\r\nSTEPPER: Moving to mstep: 5200 with speed [msteps/sec]: 4000 in SpreadCycle.\r\n'), 14:16:07
bytearray(b'STEPPER: Moved 2000.00 msteps (ramp: 35%) in 699.764 ms -> average speed [msteps/sec]: 2858.11\r\nSTEPPER: Moving to mstep: 7200 with speed [msteps/sec]: 1000 in StealthChop.\r\n'), 14:16:08
bytearray(b'STEPPER: Estimate 8: [msteps] 6689\r\nSTEPPER: buffer (5200,288;5204,304;5208,272;5213,314;5217,292;5221,318;5226,288;5230,316;5234,286;5239,312;5243,318;5247,302;5252,314;5256,300;5260,312;5265,288;5269,302;5274,286;5278,312;5282,298;5287,310;5291,314;5295,312;5300,312;5304,296;5308,308;5313,294;5317,312;5321,296;5326,310;5330,280;5334,306;5339,292;5343,298;5348,310;5352,282;5356,306;5361,292;5365,310;5369,296;5374,322;5378,294;5382,304;5387,290;5391,294;5395,320;5400,290;5404,316;5408,302;5413,306;5417,292;5422,304;5426,288;5430,314;5435,286;5439,304;5443,316;5448,302;5452,314;5456,298;5461,312;5465,302;5469,314;5474,284;5478,312;5483,282;5487,302;5491,314;5496,298;5500,310;5504,296;5509,308;5513,298;5517,312;5522,296;5526,320;5530,292;5535,296;5539,310;5543,308;5548,306;5552,292;5557,304;5561,308;5565,306;5570,292;5574,318;5578,288;5583,314;5587,316;5591,302;5596,314;5600,300;5604,326;5609,288;5613,314;5617,298;5622,312;5626,296;5631,322;5635,314;5639,312;5644,324;5648,308;5652,322;5657,306;5661,324;5665,294;5670,322;5674,306;5678,306;5683,288;5687,308;5691,320;5696,306;5700,318;5705,302;5709,308;5713,292;5718,306;5722,290;5726,316;5731,286;5735,292;5739,318;5744,276;5748,316;5752,300;5757,314;5761,290;5765,316;5770,288;5774,314;5779,284;5783,304;5787,316;5792,302;5796,314;5800,298;5805,312;5809,288;5813,316;5818,286;5822,298;5826,284;5831,302;5835,316;5840,300;5844,314;5848,298;5853,310;5857,288;5861,314;5866,284;5870,312;5874,296;5879,322;5883,314;5887,298;5892,312;5896,282;5900,310;5905,286;5909,312;5914,298;5918,310;5922,294;5927,320;5931,312;5935,296;5940,308;5944,292;5948,306;5953,304;5957,310;5961,294;5966,306;5970,292;5974,306;5979,288;5983,294;5988,320;5992,306;5996,318;6001,302;6005,308;6009,292;6014,304;6018,290;6022,316;6027,288;6031,292;6035,304;6040,290;6044,316;6049,300;6053,320;6057,290;6062,304;6066,288;6070,316;6075,300;6079,292;6083,318;6088,316;6092,314;6096,300;6101,312;6105,288;6109,316;6114,286;6118,298;6123,282;6127,302;6131,314;6136,286;6140,312;6144,296;6149,308;6153,300;6157,312;6162,296;6166,308;6170,294;6175,298;6179,310;6183,296;6188,308;6192,292;6197,318;6201,282;6205,308;6210,278;6214,306;6218,290;6223,316;6227,308;6231,292;6236,304;6240,290;6244,300;6249,292;6253,320;6257,290;6262,302;6266,286;6271,314;6275,318;6279,304;6284,316;6288,300;6292,314;6297,312;6301,316;6305,288;6310,314;6314,298;6318,312;6323,282;6327,302;6332,314;6336,300;6340,312;6345,296;6349,316;6353,300;6358,312;6362,298;6366,310;6371,294;6375,284;6379,312;6384,296;6388,308;6392,292;6397,310;6401,294;6406,308;6410,292;6414,318;6419,290;6423,294;6427,308;6432,306;6436,318;6440,302;6445,316;6449,292;6453,318;6458,288;6462,316;6467,300;6471,290;6475,302;6480,300;6484,314;6488,298;6493,310;6497,286;6501,298;6506,282;6510,308;6514,280;6519,306;6523,310;6527,308;6532,308;6536,306;6541,320;6545,280;6549,306;6554,290;6558,304;6562,288;6567,314;6571,318;6575,290;6580,318;6584,302;6588,314;6593,290;6597,304;6601,286;6606,300;6610,284;6615,310;6619,316;6623,286;6628,300;6632,298;6636,310;6641,294;6645,314;6649,284;6654,310;6658,280;6662,306;6667,296;6671,280;6675,294;6680,278;6684,290;6689,276;6693,280;6697,278;6702,290;6706,260;6710,288;6715,264;6719,248;6723,276;6728,260;6732,286;6736,256;6741,290;6745,260;6749,274;6754,258;6758,270;6763,254;6767,260;6771,286;6776,258;6780,270;6784,254;6789,282;6793,258;6797,270;6802,254;6806,268;6810,252;6815,272;6819,298;6823,266;6828,294;6832,264;6837,290;6841,266;6845,280;6850,264;6854,276;6858,246;6863,266;6867,278;6871,262;6876,276;6880,246;6884,286;6889,264;6893,288;6898,272;6902,286;6906,270;6911,282;6915,288;6919,270;6924,284;6928,238;6932,294;6937,256;6941,282;6945,266;6950,266;6954,250;6958,264;6963,282;6967,266;6972,278;6976,262;6980,274;6985,260;6989,278;6993,276;6998,288;7002,258;7006,284;7011,276;7015,244;7019,272;7024,256;7028,282;7033,266;7037,272;7041,270;7046,284;7050,268;7054,280;7059,264;7063,228;7067,282;7072,266;7076,280;7080,264;7085,268;7089,252;7093,266;7098,250;7102,262;7107,262;7111,266;7115,280;7120,250;7124,290;7128,274;7133,288;7137,252;7141,264;7146,248;7150,260;7154,274;7159,250;7163,276;7167,262;7172,272;7176,230;7181,284;7185,260;7189,274;7194,258;7198,256;) of size 460\r\nSTEPPER: Moving to mstep: 5200 with speed [msteps/sec]: 4000 in SpreadCycle.\r\n'), 14:16:10
bytearray(b'STEPPER: Moved 2000.00 msteps (ramp: 35%) in 699.756 ms -> average speed [msteps/sec]: 2858.14\r\nSTEPPER: Moving to mstep: 7200 with speed [msteps/sec]: 1000 in StealthChop.\r\n'), 14:16:11
bytearray(b'STEPPER: Estimate 9: [msteps] 6675\r\nSTEPPER: buffer (5200,284;5204,300;5208,284;5213,310;5217,286;5221,300;5226,286;5230,310;5234,296;5239,322;5243,312;5247,296;5252,310;5256,294;5260,306;5265,296;5269,324;5274,294;5278,322;5282,292;5287,304;5291,310;5295,308;5300,320;5304,306;5308,320;5313,290;5317,296;5321,294;5326,306;5330,290;5334,304;5339,288;5343,306;5348,320;5352,304;5356,316;5361,288;5365,306;5369,290;5374,316;5378,288;5382,300;5387,298;5391,304;5395,316;5400,300;5404,328;5408,298;5413,302;5417,288;5422,312;5426,282;5430,310;5435,294;5439,300;5443,312;5448,298;5452,310;5456,296;5461,308;5465,286;5469,312;5474,296;5478,308;5483,294;5487,312;5491,310;5496,294;5500,306;5504,292;5509,304;5513,294;5517,306;5522,304;5526,316;5530,302;5535,314;5539,318;5543,302;5548,314;5552,300;5557,312;5561,302;5565,314;5570,300;5574,298;5578,296;5583,322;5587,314;5591,298;5596,310;5600,294;5604,308;5609,298;5613,310;5617,294;5622,308;5626,292;5631,318;5635,308;5639,304;5644,318;5648,302;5652,316;5657,286;5661,320;5665,290;5670,316;5674,300;5678,312;5683,298;5687,302;5691,314;5696,284;5700,310;5705,310;5709,314;5713,298;5718,312;5722,296;5726,308;5731,294;5735,296;5739,310;5744,294;5748,306;5752,304;5757,304;5761,294;5766,306;5770,292;5774,318;5779,288;5783,306;5787,320;5792,290;5796,316;5800,286;5805,314;5809,290;5813,302;5818,286;5822,314;5826,284;5831,302;5835,314;5840,300;5844,312;5848,296;5853,308;5857,286;5861,326;5866,284;5870,310;5874,294;5879,308;5883,312;5887,310;5892,324;5896,308;5900,308;5905,282;5909,310;5914,294;5918,322;5922,292;5927,318;5931,310;5935,294;5940,306;5944,290;5948,304;5953,288;5957,306;5961,304;5966,318;5970,302;5974,328;5979,306;5983,302;5988,316;5992,286;5996,312;6001,312;6005,316;6009,286;6014,312;6018,270;6022,310;6027,296;6031,300;6035,312;6040,298;6044,310;6049,294;6053,312;6057,298;6062,310;6066,294;6070,308;6075,292;6079,298;6083,310;6088,308;6092,306;6096,304;6101,316;6105,294;6109,320;6114,290;6118,316;6123,288;6127,306;6131,320;6136,302;6140,316;6144,286;6149,312;6153,290;6157,316;6162,300;6166,312;6170,282;6175,310;6179,314;6183,298;6188,312;6192,296;6197,320;6201,286;6205,298;6210,284;6214,310;6218,294;6223,322;6227,312;6231,312;6236,310;6240,308;6244,322;6249,284;6253,310;6257,296;6262,308;6266,292;6271,320;6275,310;6279,294;6284,308;6288,292;6292,318;6297,302;6301,308;6305,292;6310,306;6314,290;6318,316;6323,302;6327,306;6331,318;6336,276;6340,302;6345,300;6349,306;6353,304;6358,316;6362,300;6366,312;6371,296;6375,302;6379,314;6384,300;6388,312;6392,310;6397,324;6401,300;6405,314;6410,282;6414,310;6419,296;6423,300;6427,314;6432,298;6436,310;6440,294;6445,308;6449,298;6453,326;6458,296;6462,308;6466,292;6471,298;6475,310;6479,280;6484,308;6488,306;6493,304;6497,296;6501,308;6506,280;6510,306;6514,290;6519,304;6523,308;6527,292;6532,306;6536,304;6540,316;6545,280;6549,308;6554,290;6558,304;6562,302;6567,316;6571,306;6575,292;6580,304;6584,288;6588,314;6593,298;6597,318;6601,288;6606,302;6610,286;6614,300;6619,296;6623,288;6628,314;6632,300;6636,312;6641,310;6645,314;6649,286;6654,310;6658,280;6662,308;6667,276;6671,282;6675,294;6680,266;6684,292;6689,278;6693,296;6697,280;6702,278;6706,276;6710,276;6715,260;6719,278;6723,292;6728,262;6732,274;6736,244;6741,278;6745,262;6749,276;6754,260;6758,286;6763,272;6767,276;6771,288;6776,274;6780,286;6784,256;6789,282;6793,260;6797,286;6802,270;6806,284;6810,268;6815,286;6819,300;6823,270;6828,284;6832,252;6837,294;6841,256;6845,284;6850,254;6854,266;6858,266;6863,292;6867,282;6871,266;6876,266;6880,248;6884,278;6889,266;6893,278;6897,264;6902,276;6906,262;6911,236;6915,278;6919,276;6924,288;6928,274;6932,286;6937,262;6941,276;6945,260;6950,272;6954,258;6958,270;6963,274;6967,230;6971,286;6976,270;6980,284;6985,268;6989,286;6993,256;6998,270;7002,254;7006,268;7011,252;7015,242;7019,270;7024,268;7028,294;7032,278;7037,268;7041,254;7045,266;7050,266;7054,276;7059,262;7063,238;7067,280;7072,278;7076,290;7080,276;7085,286;7089,250;7093,264;7098,262;7102,274;7106,260;7111,236;7115,290;7120,276;7124,288;7128,260;7133,286;7137,234;7141,274;7146,274;7150,272;7154,270;7159,246;7163,272;7167,258;7172,282;7176,268;7180,280;7185,272;7189,284;7194,254;7198,280;) of size 460\r\nSTEPPER: Moving to mstep: 5200 with speed [msteps/sec]: 4000 in SpreadCycle.\r\n'), 14:16:14
bytearray(b'STEPPER: Moved 2000.00 msteps (ramp: 35%) in 699.756 ms -> average speed [msteps/sec]: 2858.14\r\nSTEPPER: Moving to mstep: 7200 with speed [msteps/sec]: 1000 in StealthChop.\r\n'), 14:16:14
bytearray(b'STEPPER: Estimate 10: [msteps] 6684\r\nSTEPPER: buffer (5200,286;5204,316;5208,272;5213,314;5217,290;5221,302;5226,286;5230,314;5234,298;5239,312;5243,302;5247,300;5252,314;5256,298;5260,310;5265,300;5269,312;5274,298;5278,310;5282,296;5287,322;5291,298;5295,296;5300,310;5304,308;5308,308;5313,292;5317,310;5321,296;5326,308;5330,294;5334,320;5339,312;5343,296;5348,308;5352,294;5356,306;5361,292;5365,310;5369,296;5374,308;5378,306;5382,320;5387,304;5391,296;5395,310;5400,294;5404,320;5408,290;5413,310;5417,294;5422,308;5426,294;5430,320;5435,292;5439,296;5443,308;5448,294;5452,306;5456,290;5461,304;5465,294;5469,308;5474,294;5478,320;5483,304;5487,294;5491,308;5496,306;5500,306;5504,302;5509,302;5513,294;5517,320;5522,304;5526,318;5530,302;5535,302;5539,306;5543,292;5548,306;5552,290;5557,302;5561,294;5565,308;5570,306;5574,318;5578,304;5583,316;5587,308;5591,292;5596,320;5600,290;5604,316;5609,294;5613,320;5617,306;5622,318;5626,302;5631,316;5635,306;5639,306;5644,318;5648,288;5652,302;5657,300;5661,320;5665,304;5670,318;5674,304;5678,316;5683,300;5687,294;5691,306;5696,290;5700,302;5705,302;5709,306;5713,292;5718,318;5722,302;5726,302;5731,286;5735,306;5739,318;5744,288;5748,302;5752,288;5757,314;5761,304;5766,318;5770,302;5774,302;5779,300;5783,292;5787,318;5792,288;5796,316;5800,286;5805,312;5809,304;5813,316;5818,302;5822,300;5826,286;5831,290;5835,304;5840,274;5844,314;5848,300;5853,312;5857,302;5861,316;5866,288;5870,314;5874,286;5879,312;5883,316;5887,288;5892,314;5896,312;5900,312;5905,288;5909,302;5914,286;5918,312;5922,284;5927,310;5931,302;5935,300;5940,314;5944,298;5948,312;5953,282;5957,314;5961,300;5966,312;5970,298;5974,324;5979,302;5983,286;5988,314;5992,298;5996,312;6001,296;6005,302;6009,286;6014,312;6018,298;6022,310;6027,294;6031,300;6035,314;6040,312;6044,312;6049,296;6053,316;6057,300;6062,312;6066,298;6070,324;6075,296;6079,298;6083,312;6088,298;6092,310;6096,294;6101,308;6105,284;6109,310;6114,296;6118,308;6123,292;6127,312;6131,324;6136,294;6140,308;6144,292;6149,304;6153,296;6157,308;6162,294;6166,306;6170,304;6175,304;6179,308;6183,308;6188,320;6192,304;6197,316;6201,266;6205,306;6210,290;6214,304;6218,288;6223,316;6227,306;6231,290;6236,304;6240,288;6244,316;6249,300;6253,318;6257,302;6262,316;6266,286;6271,312;6275,304;6279,288;6284,302;6288,300;6292,312;6297,298;6301,318;6305,302;6310,302;6314,286;6318,312;6323,298;6327,290;6331,302;6336,288;6340,314;6345,298;6349,318;6353,302;6358,302;6362,300;6366,314;6371,300;6375,288;6379,302;6384,286;6388,314;6392,298;6397,310;6401,302;6406,302;6410,286;6414,312;6419,298;6423,288;6427,302;6432,300;6436,314;6440,298;6445,312;6449,302;6453,316;6458,300;6462,312;6466,298;6471,288;6475,302;6480,286;6484,312;6488,298;6493,310;6497,300;6501,300;6506,284;6510,310;6514,296;6519,308;6523,300;6527,298;6532,310;6536,294;6540,308;6545,298;6549,312;6554,296;6558,308;6562,308;6567,320;6571,298;6575,296;6580,308;6584,294;6588,306;6593,290;6597,310;6601,294;6606,308;6610,292;6615,306;6619,310;6623,296;6628,306;6632,294;6636,306;6641,290;6645,310;6649,294;6654,308;6658,292;6662,306;6667,276;6671,282;6675,294;6680,278;6684,290;6689,276;6693,292;6697,278;6702,278;6706,262;6710,288;6715,258;6719,264;6723,290;6728,274;6732,288;6736,272;6741,262;6745,248;6749,272;6754,258;6758,270;6763,254;6767,272;6771,286;6776,270;6780,282;6784,266;6789,280;6793,270;6797,284;6802,266;6806,280;6810,252;6815,242;6819,284;6823,282;6828,294;6832,278;6837,292;6841,252;6845,268;6850,250;6854,278;6858,262;6863,268;6867,294;6871,264;6876,276;6880,232;6884,288;6889,264;6893,276;6898,260;6902,274;6906,272;6911,284;6915,276;6919,260;6924,272;6928,228;6932,284;6937,260;6941,272;6945,256;6950,270;6954,268;6958,280;6963,286;6967,256;6972,268;6976,268;6980,280;6985,264;6989,282;6993,266;6998,280;7002,250;7006,276;7011,280;7015,280;7019,278;7024,262;7028,262;7032,232;7037,278;7041,250;7046,276;7050,260;7054,272;7059,244;7063,262;7067,288;7072,260;7076,272;7080,228;7085,282;7089,260;7093,272;7098,242;7102,282;7106,268;7111,272;7115,270;7120,256;7124,282;7128,266;7133,294;7137,270;7141,268;7146,252;7150,266;7154,264;7159,270;7163,282;7167,266;7172,280;7176,234;7181,276;7185,268;7189,280;7194,236;7198,278;) of size 460\r\nSTEPPER: Final estimate: [mstep] 6681\r\nFound dispense position: [\xc2\xb5m] 33385\r\nreturn;find;6677\r\n\xef\xbf\xbdreceived from UR: find -> find (0,1)\r\nSTEPPER: Moving to mstep: 5200 with speed [msteps/sec]: 4000 in SpreadCycle.\r\n'), 14:16:17
bytearray(b'STEPPER: Moved 2000.00 msteps (ramp: 35%) in 699.764 ms -> average speed [msteps/sec]: 2858.11\r\nSTEPPER: Moving to mstep: 7200 with speed [msteps/sec]: 1000 in StealthChop.\r\n'), 14:16:18
bytearray(b'STEPPER: Estimate 1: [msteps] 6667\r\nSTEPPER: buffer (5200,286;5204,298;5208,256;5213,298;5217,300;5221,314;5226,298;5230,326;5234,296;5239,308;5243,314;5247,296;5252,310;5256,294;5260,320;5265,284;5269,310;5274,294;5278,308;5282,306;5287,304;5291,310;5295,308;5300,308;5304,306;5308,318;5313,282;5317,308;5321,280;5326,306;5330,290;5334,316;5339,308;5343,294;5348,320;5352,292;5356,304;5361,302;5365,306;5369,292;5374,318;5378,290;5382,316;5387,286;5391,306;5395,316;5400,302;5404,314;5408,298;5413,310;5417,288;5422,314;5426,300;5430,312;5435,282;5439,302;5443,314;5448,298;5452,310;5456,296;5461,308;5465,298;5469,310;5474,296;5478,308;5482,292;5487,296;5491,308;5496,308;5500,308;5504,306;5509,316;5513,294;5517,320;5522,290;5526,318;5530,288;5535,314;5539,304;5543,290;5548,316;5552,300;5557,314;5561,290;5565,304;5570,288;5574,314;5578,298;5583,310;5587,316;5591,300;5596,328;5600,310;5604,322;5609,286;5613,310;5617,294;5622,308;5626,290;5631,318;5635,310;5639,294;5644,320;5648,304;5652,318;5657,302;5661,308;5665,290;5670,318;5674,288;5678,316;5683,298;5687,304;5691,316;5696,300;5700,314;5705,284;5709,302;5713,286;5718,300;5722,284;5726,310;5731,282;5735,300;5739,312;5744,310;5748,322;5752,306;5757,318;5761,296;5766,308;5770,292;5774,318;5779,302;5783,294;5787,320;5792,304;5796,318;5800,300;5805,316;5809,276;5813,302;5818,286;5822,312;5826,284;5831,310;5835,314;5840,298;5844,312;5848,296;5853,308;5857,284;5861,312;5866,282;5870,310;5874,294;5879,320;5883,298;5887,296;5892,310;5896,308;5900,308;5905,284;5909,296;5914,280;5918,306;5922,292;5927,318;5931,308;5935,294;5940,306;5944,290;5948,302;5953,300;5957,306;5961,290;5966,304;5970,300;5974,312;5979,298;5983,302;5988,314;5992,298;5996,312;6001,296;6005,314;6009,284;6014,312;6018,296;6022,308;6027,306;6031,284;6035,310;6040,294;6044,306;6048,292;6053,310;6057,280;6062,306;6066,290;6070,318;6075,302;6079,292;6083,318;6088,304;6092,302;6096,300;6101,314;6105,290;6109,302;6114,286;6118,314;6123,284;6127,290;6131,302;6136,300;6140,314;6144,296;6149,310;6153,300;6157,312;6162,298;6166,310;6170,294;6175,286;6179,310;6183,294;6188,308;6192,292;6197,320;6201,280;6205,306;6210,290;6214,316;6218,288;6223,314;6227,318;6231,290;6236,302;6240,300;6244,314;6249,304;6253,316;6258,286;6262,312;6266,282;6271,324;6275,314;6279,298;6284,324;6288,310;6292,322;6297,280;6301,310;6305,282;6310,308;6314,292;6318,318;6323,290;6327,294;6332,306;6336,292;6340,304;6345,300;6349,306;6353,290;6358,302;6362,300;6366,314;6371,298;6375,302;6379,314;6384,298;6388,310;6392,296;6397,322;6401,284;6406,312;6410,282;6414,308;6419,292;6423,296;6427,308;6432,308;6436,306;6440,304;6445,316;6449,292;6453,306;6458,290;6462,316;6466,286;6471,292;6475,318;6480,302;6484,314;6488,298;6493,310;6497,288;6501,314;6506,298;6510,310;6514,294;6519,306;6523,312;6527,298;6532,322;6536,306;6540,306;6545,296;6549,308;6554,292;6558,306;6562,290;6567,302;6571,308;6575,306;6580,318;6584,302;6588,314;6593,298;6597,304;6601,288;6606,302;6610,286;6614,312;6619,282;6623,302;6628,314;6632,298;6636,310;6641,296;6645,302;6649,284;6654,312;6658,282;6662,310;6667,286;6671,270;6675,284;6680,282;6684,294;6689,278;6693,282;6697,268;6702,280;6706,264;6710,278;6715,248;6719,268;6723,294;6728,276;6732,290;6736,274;6741,264;6745,262;6749,276;6754,274;6758,272;6763,270;6767,260;6771,288;6776,244;6780,284;6784,270;6789,282;6793,274;6797,286;6802,256;6806,282;6810,266;6815,258;6819,284;6823,268;6828,282;6832,266;6837,278;6841,256;6845,282;6850,268;6854,280;6858,264;6863,256;6867,284;6871,266;6876,280;6880,264;6884,278;6889,268;6893,296;6897,266;6902,292;6906,262;6911,276;6915,280;6919,264;6924,278;6928,262;6932,288;6937,252;6941,278;6945,262;6950,276;6954,246;6958,288;6963,278;6967,262;6972,276;6976,246;6980,288;6985,272;6989,276;6993,262;6998,274;7002,244;7006,272;7011,242;7015,262;7019,288;7024,258;7028,272;7032,256;7037,274;7041,246;7046,286;7050,256;7054,270;7059,268;7063,272;7067,286;7072,270;7076,284;7080,224;7085,280;7089,256;7093,268;7098,252;7102,266;7106,250;7111,270;7115,282;7120,266;7124,280;7128,264;7133,290;7137,254;7141,266;7146,250;7150,264;7154,248;7159,268;7163,280;7167,264;7172,290;7176,262;7180,288;7185,264;7189,276;7194,248;7198,288;) of size 460\r\nSTEPPER: Moving to mstep: 5200 with speed [msteps/sec]: 4000 in SpreadCycle.\r\n'), 14:16:20
bytearray(b'STEPPER: Moved 2000.00 msteps (ramp: 35%) in 699.764 ms -> average speed [msteps/sec]: 2858.11\r\nSTEPPER: Moving to mstep: 7200 with speed [msteps/sec]: 1000 in StealthChop.\r\n'), 14:16:21
bytearray(b'STEPPER: Estimate 2: [msteps] 6662\r\nSTEPPER: buffer (5200,292;5204,312;5208,268;5213,308;5217,298;5221,312;5226,296;5230,324;5234,294;5239,320;5243,312;5247,296;5252,308;5256,308;5260,320;5265,296;5269,324;5274,294;5278,306;5282,290;5287,304;5291,308;5295,294;5300,306;5304,292;5308,304;5313,282;5317,308;5321,292;5326,320;5330,290;5334,302;5339,308;5343,292;5348,306;5352,304;5356,318;5361,302;5365,308;5369,292;5374,318;5378,302;5382,316;5387,286;5391,292;5395,318;5400,290;5404,316;5409,300;5413,306;5417,276;5422,304;5426,302;5430,314;5435,298;5439,304;5443,304;5448,288;5452,302;5456,300;5461,314;5465,304;5469,318;5474,288;5478,314;5483,298;5487,304;5491,316;5496,302;5500,314;5504,300;5509,312;5513,290;5517,302;5522,288;5526,314;5530,300;5535,312;5539,316;5543,302;5548,302;5552,300;5557,312;5561,304;5565,316;5570,300;5574,314;5578,298;5583,326;5587,304;5591,288;5596,314;5600,298;5604,326;5609,288;5613,302;5617,286;5622,300;5626,284;5631,310;5635,316;5639,300;5644,314;5648,298;5652,324;5657,296;5661,314;5665,300;5670,314;5674,298;5678,310;5683,302;5687,300;5692,314;5696,298;5700,312;5705,296;5709,314;5713,286;5718,312;5722,282;5726,310;5731,294;5735,298;5739,312;5744,296;5748,322;5752,294;5757,306;5761,298;5766,310;5770,294;5774,308;5779,306;5783,298;5787,324;5792,294;5796,308;5800,292;5805,320;5809,282;5813,310;5818,280;5822,308;5826,292;5831,298;5835,310;5840,294;5844,320;5848,306;5853,306;5857,296;5861,324;5866,294;5870,306;5874,290;5879,318;5883,310;5887,308;5892,320;5896,304;5901,304;5905,280;5909,306;5914,278;5918,306;5922,290;5927,316;5931,308;5935,292;5940,304;5944,302;5948,316;5953,292;5957,306;5961,290;5966,316;5970,300;5975,314;5979,318;5983,304;5988,316;5992,302;5996,330;6001,286;6005,304;6009,302;6014,316;6018,286;6022,312;6027,284;6031,302;6035,316;6040,300;6044,312;6049,284;6053,316;6057,302;6062,314;6066,300;6070,312;6075,298;6079,274;6083,302;6088,300;6092,312;6096,298;6101,312;6105,300;6109,314;6114,284;6118,312;6123,296;6127,286;6131,314;6136,298;6140,312;6144,296;6149,308;6153,286;6157,312;6162,298;6166,310;6170,294;6175,298;6179,312;6183,298;6188,310;6192,280;6197,308;6201,284;6205,310;6210,294;6214,308;6218,278;6223,304;6227,310;6231,294;6236,320;6240,306;6244,318;6249,294;6253,320;6257,292;6262,318;6266,290;6271,302;6275,308;6279,292;6284,318;6288,302;6292,314;6297,300;6301,304;6305,288;6310,302;6314,286;6318,298;6323,296;6327,302;6332,314;6336,298;6340,310;6345,308;6349,300;6353,284;6358,310;6362,296;6366,322;6371,306;6375,298;6379,310;6384,294;6388,308;6393,292;6397,312;6401,282;6406,308;6410,292;6414,306;6419,290;6423,308;6427,322;6432,306;6436,318;6440,302;6445,314;6449,290;6453,304;6458,288;6462,314;6467,286;6471,304;6475,316;6480,302;6484,314;6488,298;6493,310;6497,300;6501,314;6506,284;6510,296;6514,282;6519,306;6523,312;6527,298;6532,310;6536,294;6541,320;6545,298;6549,310;6554,296;6558,310;6562,292;6567,306;6571,310;6575,296;6580,320;6584,292;6588,318;6593,294;6597,308;6601,278;6606,304;6610,288;6615,300;6619,320;6623,290;6628,304;6632,302;6636,314;6641,298;6645,318;6649,286;6654,314;6658,284;6662,298;6667,268;6671,288;6675,298;6680,268;6684,282;6689,280;6693,286;6697,270;6702,282;6706,252;6710,278;6715,250;6719,268;6723,282;6728,266;6732,292;6736,276;6741,280;6745,280;6749,278;6754,262;6758,276;6763,260;6767,266;6771,292;6776,262;6780,288;6784,272;6789,286;6793,248;6797,276;6802,260;6806,272;6810,256;6815,262;6819,288;6824,272;6828,284;6832,254;6837,282;6841,258;6845,298;6850,254;6854,268;6858,252;6863,270;6867,284;6871,266;6876,280;6880,250;6884,290;6889,254;6893,266;6898,264;6902,276;6906,260;6911,274;6915,280;6919,264;6924,290;6928,260;6932,288;6937,262;6941,276;6945,260;6950,274;6954,270;6959,284;6963,288;6967,272;6972,286;6976,256;6980,282;6985,260;6989,288;6993,242;6998,284;7002,254;7006,280;7011,286;7015,256;7019,282;7024,282;7028,280;7033,264;7037,270;7041,268;7046,280;7050,252;7054,278;7059,248;7063,252;7067,280;7072,264;7076,290;7080,274;7085,278;7089,266;7093,278;7098,264;7102,276;7107,260;7111,264;7115,278;7120,262;7124,274;7128,258;7133,262;7137,248;7141,260;7146,246;7150,258;7154,256;7159,260;7163,274;7167,258;7172,284;7176,256;7181,282;7185,258;7189,270;7194,256;7198,282;) of size 460\r\nSTEPPER: Moving to mstep: 5200 with speed [msteps/sec]: 4000 in SpreadCycle.\r\n'), 14:16:23
bytearray(b'STEPPER: Moved 2000.00 msteps (ramp: 35%) in 699.756 ms -> average speed [msteps/sec]: 2858.14\r\nSTEPPER: Moving to mstep: 7200 with speed [msteps/sec]: 1000 in StealthChop.\r\n'), 14:16:24
bytearray(b'STEPPER: Estimate 3: [msteps] 6689\r\nSTEPPER: buffer (5200,288;5204,308;5208,264;5213,318;5217,296;5221,310;5226,294;5230,322;5234,292;5239,318;5243,310;5247,294;5252,320;5256,278;5260,304;5265,294;5269,308;5274,292;5278,306;5282,290;5287,316;5291,320;5295,306;5300,318;5304,302;5308,314;5313,300;5317,304;5321,288;5326,316;5330,300;5334,312;5339,304;5343,288;5348,316;5352,300;5356,312;5361,284;5365,304;5369,300;5374,314;5378,300;5382,312;5387,296;5391,288;5395,314;5400,300;5404,312;5408,296;5413,302;5417,288;5422,314;5426,296;5430,312;5435,296;5439,300;5443,314;5448,298;5452,312;5456,296;5461,308;5465,300;5469,312;5474,296;5478,310;5483,294;5487,298;5491,312;5496,310;5500,310;5504,294;5509,306;5513,298;5517,310;5522,296;5526,310;5530,306;5535,298;5539,310;5543,296;5548,308;5552,292;5557,304;5561,296;5565,308;5570,306;5574,320;5578,306;5583,318;5587,310;5591,308;5596,320;5600,290;5604,318;5609,294;5613,308;5618,306;5622,320;5626,304;5631,316;5635,308;5639,294;5644,306;5648,292;5652,304;5657,302;5661,308;5665,306;5670,320;5674,304;5678,318;5683,302;5687,294;5692,306;5696,292;5700,304;5705,302;5709,320;5713,306;5718,320;5722,290;5726,302;5731,288;5735,294;5739,320;5744,290;5748,304;5752,288;5757,306;5761,306;5766,318;5770,304;5774,316;5779,300;5783,306;5787,318;5792,288;5796,302;5800,286;5805,314;5809,304;5813,316;5818,302;5822,302;5826,286;5831,304;5835,304;5840,288;5844,302;5848,286;5853,312;5857,304;5861,318;5866,302;5870,314;5874,300;5879,312;5883,304;5887,288;5892,300;5896,300;5900,312;5905,304;5909,316;5914,300;5918,300;5922,284;5927,312;5931,316;5935,288;5940,314;5944,298;5948,312;5953,296;5957,316;5961,300;5966,312;5970,298;5975,326;5979,316;5983,286;5988,312;5992,298;5996,310;6001,296;6005,314;6009,298;6014,312;6018,296;6022,310;6027,294;6031,300;6035,312;6040,296;6044,310;6049,296;6053,328;6057,300;6062,312;6066,296;6070,310;6075,296;6079,286;6083,298;6088,298;6092,312;6096,296;6101,308;6105,300;6109,300;6114,284;6118,310;6123,296;6127,286;6131,314;6136,298;6140,310;6144,296;6149,308;6153,300;6157,312;6162,296;6166,308;6170,294;6175,284;6179,312;6184,296;6188,308;6192,294;6197,318;6201,296;6205,310;6210,294;6214,306;6218,304;6223,318;6227,308;6231,294;6236,306;6240,292;6244,304;6249,282;6253,308;6258,292;6262,306;6266,290;6271,318;6275,310;6279,278;6284,306;6288,304;6292,304;6297,302;6301,322;6305,292;6310,318;6314,290;6318,302;6323,308;6327,292;6332,306;6336,304;6340,318;6345,274;6349,308;6353,292;6358,318;6362,304;6366,316;6371,300;6375,290;6379,304;6384,302;6388,314;6392,284;6397,304;6401,288;6406,314;6410,286;6414,312;6419,282;6423,300;6427,312;6432,298;6436,310;6440,294;6445,306;6449,298;6453,324;6458,294;6462,306;6467,292;6471,296;6475,308;6480,294;6484,306;6488,290;6493,304;6497,294;6501,308;6506,292;6510,304;6514,288;6519,302;6523,306;6527,290;6532,304;6536,288;6541,316;6545,306;6549,318;6554,288;6558,316;6562,286;6567,312;6571,318;6575,290;6580,316;6584,286;6588,312;6593,290;6597,302;6601,286;6606,300;6610,284;6615,296;6619,316;6623,300;6628,314;6632,298;6636,310;6641,294;6645,314;6649,298;6654,312;6658,296;6662,308;6667,298;6671,254;6675,296;6680,294;6684,292;6689,292;6693,282;6697,266;6702,280;6706,264;6710,278;6715,262;6719,280;6723,294;6728,264;6732,290;6736,262;6741,280;6745,250;6750,276;6754,260;6758,272;6763,272;6767,276;6771,290;6776,274;6780,286;6784,242;6789,284;6793,274;6797,288;6802,260;6806,284;6810,270;6815,276;6819,288;6824,272;6828,286;6832,242;6837,284;6841,260;6845,288;6850,258;6854,270;6858,270;6863,276;6867,288;6871,258;6876,272;6880,270;6884,284;6889,274;6893,274;6898,272;6902,284;6906,268;6911,282;6915,286;6919,258;6924,286;6928,228;6932,282;6937,260;6941,274;6945,258;6950,272;6954,270;6958,282;6963,288;6967,272;6972,286;6976,256;6980,270;6985,254;6989,274;6993,258;6998,284;7002,270;7006,282;7011,266;7015,272;7019,286;7024,256;7028,282;7032,238;7037,286;7041,256;7046,284;7050,254;7054,266;7059,264;7063,270;7067,282;7072,254;7076,266;7080,236;7085,284;7089,268;7093,282;7098,266;7102,264;7107,248;7111,282;7115,282;7120,252;7124,278;7128,234;7133,290;7137,268;7141,280;7146,264;7150,276;7154,248;7159,224;7163,280;7167,278;7172,290;7176,262;7181,288;7185,250;7189,278;7194,262;7198,276;) of size 460\r\nSTEPPER: Moving to mstep: 5200 with speed [msteps/sec]: 4000 in SpreadCycle.\r\n'), 14:16:27
bytearray(b'STEPPER: Moved 2000.00 msteps (ramp: 35%) in 699.756 ms -> average speed [msteps/sec]: 2858.14\r\nSTEPPER: Moving to mstep: 7200 with speed [msteps/sec]: 1000 in StealthChop.\r\n'), 14:16:27
bytearray(b'STEPPER: Estimate 4: [msteps] 6675\r\nSTEPPER: buffer (5200,286;5204,300;5208,284;5213,312;5217,288;5221,302;5226,288;5230,314;5234,298;5239,310;5243,316;5247,300;5252,314;5256,312;5260,310;5265,288;5269,314;5274,300;5278,312;5282,282;5287,310;5291,314;5295,312;5300,324;5304,308;5308,322;5313,308;5317,312;5321,282;5326,310;5330,294;5334,320;5339,310;5343,294;5348,308;5352,306;5356,306;5361,290;5365,308;5369,292;5374,306;5378,292;5382,316;5387,288;5391,306;5395,320;5400,290;5404,318;5408,302;5413,308;5417,292;5422,318;5426,290;5430,316;5435,286;5439,292;5443,304;5448,302;5452,316;5456,286;5461,312;5465,290;5469,316;5474,302;5478,314;5482,298;5487,290;5491,316;5496,302;5500,312;5504,298;5509,312;5513,288;5517,314;5522,286;5526,300;5530,298;5535,310;5539,316;5543,288;5548,314;5552,298;5556,312;5561,290;5565,316;5570,300;5574,312;5578,298;5583,310;5587,316;5591,286;5596,312;5600,298;5604,310;5609,294;5613,314;5617,284;5622,312;5626,296;5630,310;5635,314;5639,284;5644,312;5648,298;5652,310;5657,308;5661,314;5665,298;5670,324;5674,296;5678,322;5683,292;5687,312;5691,312;5696,310;5700,310;5705,308;5709,312;5713,298;5718,310;5722,282;5726,308;5731,292;5735,298;5739,310;5744,294;5748,308;5752,306;5757,306;5761,296;5766,310;5770,294;5774,322;5779,292;5783,298;5787,310;5792,294;5796,322;5800,278;5805,306;5809,296;5813,308;5818,294;5822,306;5826,292;5831,296;5835,308;5840,294;5844,306;5848,292;5853,316;5857,294;5861,320;5866,292;5870,318;5874,302;5879,316;5883,306;5887,290;5892,304;5896,302;5900,314;5905,292;5909,304;5914,288;5918,302;5922,300;5927,298;5931,318;5935,302;5940,314;5944,298;5948,310;5953,296;5957,316;5961,300;5966,312;5970,298;5974,310;5979,294;5983,286;5988,312;5992,296;5996,310;6001,308;6005,298;6009,296;6014,308;6018,294;6022,320;6027,290;6031,310;6035,308;6040,294;6044,306;6048,304;6053,304;6057,294;6062,320;6066,292;6070,318;6075,302;6079,294;6083,306;6088,306;6092,304;6096,302;6101,316;6105,292;6109,306;6114,288;6118,302;6122,288;6127,292;6131,306;6136,304;6140,316;6144,286;6149,314;6153,304;6157,304;6162,288;6166,314;6170,298;6175,312;6179,316;6183,302;6188,314;6192,298;6197,312;6201,288;6205,300;6210,284;6214,312;6218,282;6223,308;6227,314;6231,298;6236,312;6240,310;6244,310;6249,286;6253,312;6257,284;6262,324;6266,294;6271,308;6275,312;6279,298;6284,310;6288,292;6292,308;6297,306;6301,298;6305,282;6310,308;6314,294;6318,306;6323,292;6327,296;6331,308;6336,294;6340,306;6345,290;6349,310;6353,294;6358,322;6362,292;6366,304;6371,290;6375,294;6379,308;6384,292;6388,318;6392,290;6397,316;6401,292;6406,306;6410,290;6414,316;6419,286;6423,306;6427,318;6432,290;6436,316;6440,300;6445,314;6449,290;6453,316;6458,286;6462,314;6466,284;6471,288;6475,302;6480,300;6484,312;6488,282;6493,310;6497,300;6501,314;6506,298;6510,310;6514,296;6519,308;6523,314;6527,298;6532,310;6536,282;6540,308;6545,300;6549,312;6554,296;6558,310;6562,294;6567,308;6571,312;6575,296;6580,310;6584,280;6588,308;6593,292;6597,296;6601,296;6606,294;6610,278;6614,306;6619,290;6623,296;6628,308;6632,294;6636,306;6641,290;6645,310;6649,280;6654,306;6658,292;6662,304;6667,288;6671,280;6675,292;6680,264;6684,290;6688,246;6693,294;6697,264;6702,276;6706,262;6710,274;6715,258;6719,250;6723,276;6728,274;6732,288;6736,258;6741,276;6745,276;6749,288;6754,272;6758,286;6762,272;6767,246;6771,288;6776,286;6780,286;6784,270;6789,282;6793,260;6797,272;6802,258;6806,256;6810,268;6815,274;6819,286;6823,242;6828,284;6832,282;6837,296;6841,258;6845,270;6850,254;6854,268;6858,268;6863,294;6867,286;6871,256;6876,270;6880,240;6884,282;6889,258;6893,272;6897,256;6902,282;6906,240;6911,280;6915,286;6919,258;6924,284;6928,268;6932,296;6937,258;6941,270;6945,268;6950,282;6954,266;6958,280;6963,284;6967,270;6971,268;6976,252;6980,266;6985,264;6989,270;6993,254;6998,268;7002,266;7006,280;7011,264;7015,254;7019,268;7024,252;7028,280;7032,236;7037,284;7041,268;7046,280;7050,252;7054,278;7059,246;7063,254;7067,266;7072,236;7076,278;7080,278;7085,268;7089,254;7093,280;7098,250;7102,278;7106,248;7111,268;7115,282;7120,266;7124,292;7128,278;7133,276;7137,254;7141,280;7146,266;7150,278;7154,264;7159,268;7163,282;7167,266;7172,278;7176,250;7180,290;7185,254;7189,252;7194,264;7198,278;) of size 460\r\nSTEPPER: Moving to mstep: 5200 with speed [msteps/sec]: 4000 in SpreadCycle.\r\n'), 14:16:30
bytearray(b'STEPPER: Moved 2000.00 msteps (ramp: 35%) in 699.756 ms -> average speed [msteps/sec]: 2858.14\r\nSTEPPER: Moving to mstep: 7200 with speed [msteps/sec]: 1000 in StealthChop.\r\n'), 14:16:30
bytearray(b'STEPPER: Estimate 5: [msteps] 6662\r\nSTEPPER: buffer (5200,282;5204,306;5208,262;5213,318;5217,294;5221,308;5226,290;5230,316;5234,288;5239,314;5243,306;5247,304;5252,302;5256,302;5260,314;5265,290;5269,318;5274,288;5278,314;5282,286;5287,312;5291,316;5295,288;5300,314;5304,314;5308,312;5313,310;5317,316;5321,286;5326,314;5330,284;5334,312;5339,302;5343,302;5348,302;5352,298;5356,312;5361,282;5365,316;5369,300;5374,312;5378,284;5382,310;5387,294;5391,286;5395,312;5400,310;5404,324;5408,294;5413,308;5417,284;5422,310;5426,296;5430,322;5435,292;5439,298;5443,310;5448,282;5452,308;5456,292;5461,304;5465,296;5469,322;5474,294;5478,320;5482,290;5487,304;5491,308;5496,308;5500,306;5504,304;5509,318;5513,294;5517,322;5522,292;5526,306;5530,304;5535,316;5539,306;5543,306;5548,318;5552,274;5556,302;5561,292;5565,318;5570,304;5574,316;5578,302;5583,328;5587,318;5591,304;5596,316;5600,300;5604,314;5609,298;5613,318;5617,302;5622,316;5626,286;5630,312;5635,316;5639,302;5644,314;5648,298;5652,312;5657,296;5661,330;5665,286;5670,312;5674,296;5678,310;5683,294;5687,298;5691,312;5696,310;5700,308;5705,294;5709,312;5713,296;5718,310;5722,292;5726,306;5731,292;5735,296;5739,310;5744,294;5748,322;5752,278;5757,304;5761,296;5765,308;5770,294;5774,320;5779,290;5783,296;5787,310;5792,308;5796,320;5800,304;5805,318;5809,282;5813,308;5818,292;5822,306;5826,290;5831,302;5835,308;5839,308;5844,306;5848,304;5853,316;5857,294;5861,322;5866,292;5870,318;5874,290;5879,316;5883,308;5887,306;5892,304;5896,304;5900,316;5905,292;5909,306;5913,290;5918,304;5922,288;5927,302;5931,306;5935,304;5940,318;5944,302;5948,316;5953,286;5957,306;5961,304;5966,316;5970,300;5974,314;5979,298;5983,302;5988,316;5992,286;5996,312;6001,296;6005,316;6009,300;6014,314;6018,298;6022,312;6027,296;6031,300;6035,314;6040,298;6044,310;6048,294;6053,308;6057,284;6062,326;6066,296;6070,308;6075,294;6079,298;6083,312;6088,296;6092,308;6096,308;6101,320;6105,282;6109,310;6114,282;6118,308;6122,292;6127,298;6131,310;6136,308;6140,308;6144,292;6149,304;6153,296;6157,308;6162,306;6166,306;6170,290;6175,304;6179,308;6183,294;6188,306;6192,290;6197,318;6201,294;6205,308;6210,292;6214,304;6218,288;6223,316;6227,306;6231,304;6236,304;6240,288;6244,314;6249,292;6253,318;6257,288;6262,316;6266,286;6271,312;6275,318;6279,302;6284,300;6288,286;6292,310;6297,310;6301,314;6305,298;6310,312;6314,282;6318,308;6323,294;6327,298;6331,312;6336,298;6340,310;6345,294;6349,300;6353,284;6358,312;6362,296;6366,310;6371,294;6375,298;6379,312;6384,282;6388,308;6392,294;6397,306;6401,298;6405,312;6410,296;6414,322;6419,292;6423,298;6427,312;6432,282;6436,308;6440,306;6445,320;6449,296;6453,322;6458,292;6462,320;6466,290;6471,294;6475,308;6479,278;6484,304;6488,304;6493,302;6497,292;6501,318;6506,290;6510,302;6514,286;6519,314;6523,304;6527,288;6532,316;6536,300;6540,312;6545,290;6549,304;6554,302;6558,314;6562,284;6567,312;6571,316;6575,302;6580,328;6584,298;6588,312;6593,282;6597,314;6601,298;6606,312;6610,282;6614,308;6619,280;6623,298;6628,312;6632,296;6636,310;6641,296;6645,314;6649,284;6654,312;6658,282;6662,308;6667,278;6671,284;6675,296;6680,266;6684,282;6688,278;6693,282;6697,268;6702,280;6706,264;6710,278;6715,276;6719,282;6723,294;6728,278;6732,290;6736,248;6741,280;6745,266;6749,278;6754,264;6758,276;6763,260;6767,264;6771,278;6776,234;6780,290;6784,274;6789,286;6793,264;6797,276;6802,260;6806,288;6810,272;6815,278;6819,290;6823,274;6828,288;6832,258;6837,284;6841,262;6845,288;6850,258;6854,284;6858,256;6863,282;6867,286;6871,258;6876,284;6880,240;6884,282;6889,258;6893,284;6897,254;6902,268;6906,252;6911,278;6915,282;6919,282;6924,280;6928,278;6932,292;6937,254;6941,266;6945,266;6950,280;6954,264;6958,288;6963,280;6967,236;6971,264;6976,234;6980,288;6985,274;6989,278;6993,262;6998,274;7002,244;7006,286;7011,258;7015,262;7019,288;7024,230;7028,286;7032,270;7037,276;7041,246;7045,272;7050,242;7054,284;7059,268;7063,260;7067,272;7072,256;7076,270;7080,268;7085,282;7089,258;7093,270;7098,256;7102,268;7106,254;7111,258;7115,270;7119,270;7124,282;7128,252;7133,280;7137,256;7141,270;7146,266;7150,280;7154,266;7159,278;7163,284;7167,268;7172,282;7176,252;7180,278;7185,256;7189,284;7193,266;7198,266;) of size 460\r\nSTEPPER: Moving to mstep: 5200 with speed [msteps/sec]: 4000 in SpreadCycle.\r\n'), 14:16:33
bytearray(b'STEPPER: Moved 2000.00 msteps (ramp: 35%) in 699.756 ms -> average speed [msteps/sec]: 2858.14\r\nSTEPPER: Moving to mstep: 7200 with speed [msteps/sec]: 1000 in StealthChop.\r\n'), 14:16:34
bytearray(b'STEPPER: Estimate 6: [msteps] 6675\r\nSTEPPER: buffer (5200,288;5204,298;5208,282;5213,308;5217,286;5221,312;5226,296;5230,310;5234,282;5239,308;5243,314;5247,298;5252,310;5256,296;5260,308;5265,286;5269,310;5274,296;5278,308;5282,292;5287,320;5291,298;5295,296;5300,322;5304,306;5308,318;5313,304;5317,306;5321,292;5326,320;5330,290;5334,302;5339,286;5343,306;5348,320;5352,304;5356,316;5361,286;5365,306;5369,290;5374,304;5378,302;5382,314;5387,286;5391,304;5395,318;5400,302;5404,316;5408,300;5413,304;5417,290;5422,302;5426,286;5430,314;5435,284;5439,304;5443,316;5448,300;5452,314;5456,298;5461,312;5465,286;5469,314;5474,286;5478,312;5482,296;5487,302;5491,314;5496,300;5500,312;5504,310;5509,310;5513,286;5517,312;5522,298;5526,310;5530,294;5535,322;5539,312;5543,296;5548,310;5552,294;5557,308;5561,298;5565,310;5570,294;5574,308;5578,292;5583,306;5587,310;5591,294;5596,308;5600,292;5604,318;5609,296;5613,308;5617,292;5622,306;5626,290;5631,318;5635,322;5639,306;5644,320;5648,304;5652,316;5657,302;5661,306;5665,290;5670,318;5674,302;5678,314;5683,300;5687,304;5691,318;5696,302;5700,302;5705,300;5709,320;5713,290;5718,302;5722,286;5726,298;5731,284;5735,302;5739,316;5744,300;5748,314;5752,298;5757,310;5761,302;5765,314;5770,298;5774,310;5779,296;5783,300;5787,314;5792,298;5796,310;5800,294;5805,322;5809,284;5813,310;5818,280;5822,308;5826,278;5831,298;5835,310;5839,294;5844,308;5848,292;5853,318;5857,282;5861,308;5866,292;5870,304;5874,288;5879,302;5883,306;5887,304;5892,318;5896,302;5900,328;5905,292;5909,318;5913,288;5918,302;5922,286;5927,312;5931,318;5935,302;5940,316;5944,284;5948,312;5953,296;5957,316;5961,300;5966,314;5970,298;5974,310;5979,296;5983,300;5988,314;5992,298;5996,310;6001,294;6005,314;6009,284;6014,310;6018,282;6022,308;6027,278;6031,312;6035,312;6040,296;6044,308;6048,308;6053,320;6057,284;6062,310;6066,294;6070,308;6075,292;6079,298;6083,310;6088,296;6092,308;6096,308;6101,320;6105,284;6109,298;6114,280;6118,306;6123,292;6127,310;6131,310;6136,294;6140,306;6144,290;6149,318;6153,294;6157,308;6162,292;6166,304;6170,288;6175,302;6179,320;6183,292;6188,318;6192,302;6197,316;6201,292;6205,316;6210,288;6214,300;6218,286;6223,312;6227,316;6231,300;6236,314;6240,298;6244,312;6249,290;6253,314;6257,286;6262,312;6266,282;6271,310;6275,314;6279,300;6284,312;6288,298;6292,310;6297,308;6301,314;6305,284;6310,298;6314,282;6318,308;6323,292;6327,298;6331,310;6336,308;6340,308;6345,294;6349,312;6353,296;6358,310;6362,294;6366,320;6371,306;6375,284;6379,310;6384,294;6388,308;6392,306;6397,320;6401,282;6405,308;6410,280;6414,308;6419,292;6423,298;6427,310;6432,308;6436,320;6440,304;6445,318;6449,282;6453,308;6458,292;6462,320;6466,288;6471,294;6475,306;6479,292;6484,304;6488,302;6493,302;6497,292;6501,306;6506,290;6510,316;6514,286;6519,314;6523,304;6527,302;6532,316;6536,300;6540,314;6545,290;6549,302;6554,288;6558,302;6562,286;6567,298;6571,318;6575,288;6580,314;6584,300;6588,312;6593,298;6597,316;6601,300;6606,314;6610,298;6614,312;6619,296;6623,302;6628,314;6632,300;6636,312;6641,298;6645,316;6649,300;6654,314;6658,284;6662,310;6667,280;6671,286;6675,298;6680,254;6684,294;6689,280;6693,298;6697,268;6702,280;6706,266;6710,278;6715,262;6719,266;6723,294;6728,264;6732,292;6736,276;6741,280;6745,280;6749,278;6754,276;6758,290;6763,260;6767,278;6771,292;6776,262;6780,290;6784,258;6789,286;6793,248;6797,288;6802,260;6806,272;6810,242;6815,274;6819,288;6823,272;6828,298;6832,268;6837,282;6841,272;6845,284;6850,268;6854,282;6858,266;6863,256;6867,282;6871,254;6876,280;6880,264;6884,278;6889,268;6893,280;6897,266;6902,278;6906,262;6911,276;6915,280;6919,250;6924,278;6928,232;6932,288;6937,264;6941,278;6945,262;6950,274;6954,258;6958,272;6963,276;6967,260;6971,272;6976,240;6980,282;6985,266;6989,286;6993,270;6998,282;7002,254;7006,280;7011,250;7015,256;7019,284;7024,252;7028,280;7032,264;7037,284;7041,254;7045,280;7050,266;7054,264;7059,248;7063,266;7067,280;7072,264;7076,276;7080,258;7085,274;7089,248;7093,260;7098,258;7102,272;7106,270;7111,276;7115,288;7120,272;7124,284;7128,254;7133,296;7137,244;7141,258;7146,256;7150,282;7154,266;7159,258;7163,284;7167,268;7172,282;7176,252;7180,280;7185,256;7189,282;7194,268;7198,280;) of size 460\r\nSTEPPER: Moving to mstep: 5200 with speed [msteps/sec]: 4000 in SpreadCycle.\r\n'), 14:16:36
bytearray(b'STEPPER: Moved 2000.00 msteps (ramp: 35%) in 699.756 ms -> average speed [msteps/sec]: 2858.14\r\nSTEPPER: Moving to mstep: 7200 with speed [msteps/sec]: 1000 in StealthChop.\r\n'), 14:16:37
bytearray(b'STEPPER: Estimate 7: [msteps] 6662\r\nSTEPPER: buffer (5200,288;5204,306;5208,262;5213,304;5217,294;5221,308;5226,292;5230,318;5234,302;5239,316;5243,322;5247,290;5252,304;5256,304;5260,314;5265,292;5269,306;5274,290;5278,316;5282,302;5287,314;5291,304;5295,302;5300,316;5304,300;5308,312;5313,290;5317,302;5321,300;5326,314;5330,296;5335,310;5339,316;5343,300;5348,312;5352,284;5356,296;5361,294;5365,314;5369,300;5374,324;5378,296;5382,308;5387,292;5391,298;5395,310;5400,294;5404,308;5409,292;5413,310;5417,296;5422,308;5426,294;5430,306;5435,290;5439,296;5443,308;5448,292;5452,306;5456,290;5461,304;5465,294;5469,320;5474,304;5478,304;5483,288;5487,306;5491,306;5496,290;5500,302;5504,302;5509,314;5513,290;5517,318;5522,288;5526,302;5530,284;5535,300;5539,318;5543,302;5548,314;5552,300;5557,312;5561,302;5565,316;5570,300;5574,312;5578,296;5583,322;5587,314;5591,298;5596,326;5600,296;5604,322;5609,286;5613,312;5617,268;5622,310;5626,294;5631,308;5635,312;5639,298;5644,312;5648,282;5652,308;5657,294;5661,312;5665,296;5670,322;5674,308;5678,306;5683,292;5687,310;5691,308;5696,294;5700,306;5705,304;5709,310;5713,294;5718,322;5722,292;5726,304;5731,290;5735,294;5739,308;5744,292;5748,304;5752,288;5757,314;5761,306;5766,320;5770,304;5774,316;5779,302;5783,292;5787,318;5792,288;5796,302;5800,288;5805,314;5809,304;5813,316;5818,302;5822,300;5826,284;5831,304;5835,316;5840,288;5844,300;5848,298;5853,310;5857,302;5861,316;5866,300;5870,312;5874,298;5879,310;5883,316;5887,286;5892,298;5896,296;5901,310;5905,300;5909,312;5914,298;5918,310;5922,294;5927,308;5931,312;5935,296;5940,310;5944,294;5948,306;5953,292;5957,310;5961,310;5966,308;5970,292;5975,318;5979,310;5983,294;5988,308;5992,292;5996,318;6001,290;6005,322;6009,294;6014,306;6018,290;6022,318;6027,302;6031,294;6035,306;6040,292;6044,318;6049,302;6053,322;6057,306;6062,320;6066,290;6070,316;6075,302;6079,292;6083,304;6088,290;6092,316;6096,302;6101,314;6105,292;6109,304;6114,288;6118,302;6123,300;6127,292;6131,304;6136,290;6140,316;6144,300;6149,314;6153,304;6157,302;6162,302;6166,314;6170,298;6175,312;6179,316;6183,300;6188,314;6192,298;6197,312;6201,302;6205,302;6210,286;6214,312;6218,298;6223,310;6227,302;6231,300;6236,312;6240,298;6244,310;6249,300;6253,314;6258,298;6262,312;6266,296;6271,324;6275,300;6279,286;6284,312;6288,298;6292,310;6297,280;6301,300;6305,284;6310,310;6314,294;6318,306;6323,312;6327,296;6332,310;6336,294;6340,306;6345,290;6349,310;6353,294;6358,306;6362,290;6366,304;6371,302;6375,292;6379,306;6384,290;6388,304;6393,286;6397,306;6401,304;6406,316;6410,288;6414,314;6419,286;6423,302;6427,316;6432,288;6436,300;6440,298;6445,310;6449,302;6453,314;6458,284;6462,310;6467,282;6471,300;6475,312;6480,298;6484,310;6488,294;6493,308;6497,284;6501,310;6506,296;6510,308;6514,294;6519,306;6523,312;6527,296;6532,308;6536,292;6541,306;6545,296;6549,310;6554,294;6558,320;6562,304;6567,304;6571,310;6575,294;6580,308;6584,292;6588,304;6593,290;6597,308;6601,294;6606,320;6610,292;6615,304;6619,308;6623,294;6628,306;6632,290;6636,304;6641,288;6645,308;6649,294;6654,320;6658,290;6662,304;6667,276;6671,280;6675,294;6680,278;6684,290;6689,276;6693,280;6697,266;6702,278;6706,262;6710,276;6715,260;6719,280;6723,292;6728,262;6732,276;6736,260;6741,280;6745,278;6749,278;6754,276;6758,288;6763,272;6767,266;6771,290;6776,262;6780,274;6784,260;6789,286;6793,276;6797,290;6802,274;6806,286;6810,270;6815,276;6819,288;6824,260;6828,286;6832,242;6837,284;6841,260;6845,288;6850,258;6854,272;6858,270;6863,276;6867,288;6871,258;6876,270;6880,240;6884,282;6889,272;6893,286;6898,270;6902,268;6906,266;6911,278;6915,284;6919,268;6924,280;6928,236;6932,292;6937,254;6941,282;6945,252;6950,264;6954,250;6959,276;6963,294;6967,250;6972,278;6976,234;6980,290;6985,274;6989,278;6993,250;6998,276;7002,262;7006,288;7011,258;7015,262;7019,288;7024,260;7028,272;7033,228;7037,276;7041,260;7046,274;7050,244;7054,270;7059,242;7063,260;7067,274;7072,258;7076,270;7080,228;7085,274;7089,260;7093,272;7098,256;7102,270;7107,254;7111,288;7115,286;7120,228;7124,284;7128,268;7133,280;7137,258;7141,270;7146,254;7150,266;7154,250;7159,256;7163,282;7167,254;7172,266;7176,236;7181,278;7185,268;7189,282;7194,266;7198,264;) of size 460\r\nSTEPPER: Moving to mstep: 5200 with speed [msteps/sec]: 4000 in SpreadCycle.\r\n'), 14:16:39
bytearray(b'STEPPER: Moved 2000.00 msteps (ramp: 35%) in 699.764 ms -> average speed [msteps/sec]: 2858.11\r\nSTEPPER: Moving to mstep: 7200 with speed [msteps/sec]: 1000 in StealthChop.\r\n'), 14:16:40
bytearray(b'STEPPER: Estimate 8: [msteps] 6675\r\nSTEPPER: buffer (5200,294;5204,302;5208,286;5213,314;5217,290;5221,304;5226,290;5230,302;5234,300;5239,314;5243,304;5247,302;5252,316;5256,302;5260,312;5265,290;5269,316;5274,300;5278,314;5282,296;5287,312;5291,316;5295,300;5300,312;5304,312;5308,310;5313,294;5317,314;5321,284;5326,310;5330,294;5334,322;5339,292;5343,310;5348,310;5352,294;5356,306;5361,304;5365,310;5369,296;5374,308;5378,292;5382,320;5387,290;5391,296;5395,322;5400,292;5404,320;5408,304;5413,316;5417,294;5422,306;5426,292;5430,318;5435,288;5439,294;5443,320;5448,278;5452,304;5456,302;5461,314;5465,292;5469,318;5474,288;5478,314;5482,286;5487,292;5491,304;5496,302;5500,314;5504,300;5509,312;5513,288;5517,314;5522,286;5526,298;5530,296;5535,308;5539,314;5543,298;5548,310;5552,296;5556,308;5561,312;5565,310;5570,296;5574,322;5578,306;5583,318;5587,310;5591,308;5596,320;5600,290;5604,318;5609,302;5613,306;5617,290;5622,318;5626,302;5631,316;5635,306;5639,320;5644,318;5648,302;5652,316;5657,300;5661,306;5665,290;5670,316;5674,288;5678,314;5683,300;5687,316;5691,316;5696,300;5700,314;5705,298;5709,304;5713,288;5718,314;5722,300;5726,312;5731,296;5735,302;5739,314;5744,286;5748,312;5752,296;5757,310;5761,300;5765,314;5770,298;5774,312;5779,296;5783,300;5787,314;5792,298;5796,312;5800,282;5805,310;5809,286;5813,312;5818,298;5822,310;5826,282;5831,308;5835,312;5839,296;5844,310;5848,294;5853,322;5857,298;5861,326;5866,296;5870,308;5874,292;5879,320;5883,310;5887,310;5892,308;5896,308;5900,320;5905,282;5909,308;5914,280;5918,306;5922,290;5927,302;5931,308;5935,292;5940,306;5944,304;5948,316;5953,302;5957,320;5961,290;5966,318;5970,300;5974,314;5979,298;5983,288;5988,316;5992,286;5996,312;6001,310;6005,302;6009,286;6014,312;6018,270;6022,310;6027,296;6031,300;6035,314;6040,298;6044,310;6048,296;6053,308;6057,300;6062,312;6066,296;6070,324;6075,294;6079,300;6083,312;6088,296;6092,310;6096,294;6101,306;6105,298;6109,310;6114,282;6118,308;6123,292;6127,298;6131,310;6136,296;6140,308;6144,294;6149,306;6153,298;6157,310;6162,294;6166,308;6170,292;6175,304;6179,312;6183,296;6188,308;6192,292;6197,306;6201,296;6205,310;6210,280;6214,306;6218,292;6223,304;6227,310;6231,294;6236,306;6240,304;6244,318;6249,294;6253,320;6257,290;6262,318;6266,302;6271,314;6275,306;6279,290;6284,304;6288,302;6292,314;6297,298;6301,318;6305,288;6310,302;6314,298;6318,312;6323,282;6327,302;6331,314;6336,298;6340,310;6345,296;6349,314;6353,286;6358,312;6362,296;6366,308;6371,294;6375,300;6379,312;6384,282;6388,308;6392,294;6397,320;6401,296;6405,310;6410,266;6414,306;6419,292;6423,298;6427,310;6432,294;6436,306;6440,290;6445,304;6449,294;6453,308;6458,292;6462,318;6466,288;6471,294;6475,306;6479,292;6484,304;6488,288;6493,302;6497,292;6501,304;6506,290;6510,316;6514,286;6519,314;6523,304;6527,288;6532,314;6536,298;6540,312;6545,288;6549,302;6554,286;6558,298;6562,296;6567,296;6571,314;6575,284;6580,312;6584,296;6588,310;6593,294;6597,312;6601,282;6606,310;6610,280;6614,308;6619,314;6623,298;6628,310;6632,296;6636,308;6641,294;6645,312;6649,282;6654,310;6658,280;6662,306;6667,278;6671,282;6675,296;6680,266;6684,292;6689,248;6693,282;6697,266;6702,278;6706,264;6710,276;6715,260;6719,252;6723,278;6728,234;6732,290;6736,274;6741,280;6745,264;6749,278;6754,262;6758,274;6763,260;6767,278;6771,292;6776,262;6780,274;6784,230;6789,286;6793,264;6797,276;6802,260;6806,288;6810,258;6815,262;6819,276;6823,276;6828,288;6832,272;6837,286;6841,262;6845,290;6850,260;6854,272;6858,272;6863,250;6867,276;6871,232;6876,286;6880,286;6884,284;6889,262;6893,274;6897,274;6902,286;6906,256;6911,284;6915,274;6919,244;6924,284;6928,270;6932,282;6937,260;6941,286;6945,272;6950,284;6954,254;6958,280;6963,272;6967,256;6971,284;6976,268;6980,280;6985,236;6989,284;6993,254;6998,282;7002,252;7006,264;7011,276;7015,268;7019,282;7024,266;7028,278;7032,248;7037,282;7041,268;7045,296;7050,264;7054,278;7059,276;7063,268;7067,280;7072,280;7076,292;7080,262;7085,268;7089,266;7093,278;7098,264;7102,276;7106,260;7111,280;7115,292;7120,264;7124,276;7128,244;7133,286;7137,264;7141,290;7146,276;7150,274;7154,272;7159,234;7163,276;7167,274;7172,288;7176,272;7180,284;7185,246;7189,260;7194,244;7198,270;) of size 460\r\nSTEPPER: Moving to mstep: 5200 with speed [msteps/sec]: 4000 in SpreadCycle.\r\n'), 14:16:43
bytearray(b'STEPPER: Moved 2000.00 msteps (ramp: 35%) in 699.764 ms -> average speed [msteps/sec]: 2858.11\r\nSTEPPER: Moving to mstep: 7200 with speed [msteps/sec]: 1000 in StealthChop.\r\n'), 14:16:43
bytearray(b'STEPPER: Estimate 9: [msteps] 6684\r\nSTEPPER: buffer (5200,290;5204,302;5208,258;5213,314;5217,290;5221,304;5226,288;5230,316;5234,286;5239,314;5243,306;5247,302;5252,316;5256,288;5260,300;5265,290;5269,316;5274,302;5278,316;5282,300;5287,312;5291,316;5295,316;5300,314;5304,298;5308,310;5313,296;5317,302;5321,300;5326,310;5330,296;5334,310;5339,294;5343,298;5348,312;5352,282;5356,308;5361,292;5365,312;5369,298;5374,312;5378,296;5382,308;5387,292;5391,298;5395,312;5400,294;5404,308;5408,292;5413,312;5417,296;5422,310;5426,294;5430,308;5435,292;5439,298;5443,310;5448,294;5452,308;5456,292;5461,304;5465,296;5469,322;5474,294;5478,306;5482,292;5487,296;5491,308;5496,294;5500,306;5504,304;5509,318;5513,294;5517,320;5522,292;5526,304;5530,290;5535,316;5539,320;5543,290;5548,302;5552,288;5556,314;5561,306;5565,318;5570,304;5574,316;5578,300;5583,314;5587,318;5591,290;5596,316;5600,300;5604,312;5609,298;5613,318;5617,302;5622,314;5626,298;5631,312;5635,316;5639,302;5644,314;5648,298;5652,312;5657,296;5661,330;5665,300;5670,312;5674,298;5678,310;5683,296;5687,300;5691,298;5696,298;5700,310;5705,308;5709,314;5713,298;5718,310;5722,296;5726,308;5731,306;5735,298;5739,310;5744,296;5748,308;5752,292;5757,306;5761,298;5766,310;5770,294;5774,306;5779,306;5783,284;5787,310;5792,294;5796,308;5800,292;5805,318;5809,294;5813,306;5818,292;5822,304;5826,302;5831,294;5835,306;5840,290;5844,304;5848,288;5853,302;5857,292;5861,304;5866,290;5870,316;5874,286;5879,312;5883,304;5887,288;5892,314;5896,298;5900,312;5905,302;5909,300;5914,284;5918,312;5922,296;5927,310;5931,312;5935,298;5940,310;5944,294;5948,308;5953,278;5957,310;5961,296;5966,308;5970,306;5974,304;5979,288;5983,294;5988,320;5992,304;5996,318;6001,302;6005,320;6009,290;6014,304;6018,302;6022,314;6027,284;6031,304;6035,318;6040,300;6044,314;6048,298;6053,310;6057,288;6062,314;6066,298;6070,324;6075,296;6079,300;6083,312;6088,298;6092,310;6096,292;6101,306;6105,298;6109,310;6114,294;6118,322;6122,292;6127,296;6131,308;6136,294;6140,306;6144,290;6149,302;6153,292;6157,306;6162,304;6166,316;6170,302;6175,314;6179,304;6183,302;6188,316;6192,300;6197,314;6201,290;6205,302;6210,300;6214,312;6218,284;6223,310;6227,314;6231,314;6236,312;6240,296;6244,308;6249,294;6253,326;6257,296;6262,308;6266,292;6271,306;6275,310;6279,294;6284,306;6288,292;6292,304;6297,302;6301,320;6305,292;6310,304;6314,288;6318,314;6323,306;6327,290;6332,302;6336,286;6340,312;6345,298;6349,316;6353,286;6358,300;6362,284;6366,310;6371,308;6375,284;6379,312;6384,296;6388,310;6392,294;6397,320;6401,298;6406,310;6410,294;6414,320;6419,292;6423,296;6427,308;6432,294;6436,306;6440,292;6445,304;6449,294;6453,308;6458,292;6462,318;6466,302;6471,294;6475,306;6480,290;6484,304;6488,300;6493,314;6497,304;6501,302;6506,288;6510,314;6514,298;6519,274;6523,316;6527,300;6532,314;6536,298;6540,310;6545,286;6549,314;6554,286;6558,310;6562,296;6567,308;6571,312;6575,298;6580,310;6584,294;6588,322;6593,292;6597,310;6601,282;6606,308;6610,278;6614,304;6619,310;6623,308;6628,320;6632,306;6636,304;6641,288;6645,308;6649,292;6654,304;6658,290;6662,316;6667,286;6671,290;6675,302;6680,286;6684,286;6689,270;6693,276;6697,260;6702,286;6706,270;6710,270;6715,252;6719,242;6723,284;6728,284;6732,282;6736,280;6741,270;6745,254;6749,280;6754,252;6758,278;6763,262;6767,282;6771,282;6776,252;6780,278;6784,262;6789,290;6793,266;6797,280;6802,264;6806,290;6810,260;6815,252;6819,278;6823,234;6828,290;6832,274;6837,300;6841,262;6845,290;6850,246;6854,274;6858,256;6863,262;6867,288;6871,272;6876,284;6880,268;6884,282;6889,258;6893,270;6898,254;6902,268;6906,266;6911,230;6915,284;6919,282;6924,294;6928,264;6932,278;6937,268;6941,280;6945,266;6950,278;6954,262;6958,274;6963,278;6967,234;6972,276;6976,274;6980,286;6985,270;6989,274;6993,246;6998,272;7002,256;7006,282;7011,274;7015,230;7019,284;7024,270;7028,282;7032,266;7037,272;7041,242;7046,284;7050,268;7054,280;7059,264;7063,254;7067,266;7072,236;7076,278;7080,276;7085,288;7089,250;7093,264;7098,248;7102,272;7106,258;7111,264;7115,276;7120,232;7124,286;7128,270;7133,284;7137,260;7141,272;7146,270;7150,282;7154,268;7159,272;7163,284;7167,254;7172,282;7176,252;7180,278;7185,254;7189,282;7194,266;7198,278;) of size 460\r\nSTEPPER: Moving to mstep: 5200 with speed [msteps/sec]: 4000 in SpreadCycle.\r\n'), 14:16:46
bytearray(b'STEPPER: Moved 2000.00 msteps (ramp: 35%) in 699.764 ms -> average speed [msteps/sec]: 2858.11\r\nSTEPPER: Moving to mstep: 7200 with speed [msteps/sec]: 1000 in StealthChop.\r\n'), 14:16:47
bytearray(b'STEPPER: Estimate 10: [msteps] 6662\r\nSTEPPER: buffer (5200,296;5204,304;5208,288;5213,314;5217,304;5221,302;5226,288;5230,314;5234,284;5239,312;5243,302;5247,300;5252,300;5256,298;5260,310;5265,300;5269,314;5274,298;5278,310;5282,294;5287,308;5291,312;5295,298;5300,310;5304,296;5308,308;5313,306;5317,312;5321,284;5326,308;5330,292;5334,306;5339,304;5343,294;5348,308;5352,292;5356,304;5361,304;5365,308;5369,292;5374,304;5378,290;5382,304;5387,302;5391,292;5395,306;5400,290;5404,318;5408,302;5413,316;5417,292;5422,302;5426,288;5430,314;5435,300;5439,290;5443,302;5448,288;5452,314;5456,298;5461,310;5465,300;5469,314;5474,298;5478,312;5483,296;5487,286;5491,298;5496,298;5500,310;5504,308;5509,308;5513,298;5517,310;5522,294;5526,308;5530,306;5535,320;5539,310;5543,294;5548,306;5552,306;5557,304;5561,310;5565,308;5570,292;5574,318;5578,304;5583,316;5587,306;5591,292;5596,318;5600,302;5604,316;5609,292;5613,306;5617,290;5622,316;5626,300;5631,314;5635,304;5639,302;5644,316;5648,300;5652,314;5657,298;5661,316;5665,300;5670,314;5674,298;5678,324;5683,310;5687,300;5691,312;5696,298;5700,310;5705,294;5709,314;5713,298;5718,310;5722,294;5726,322;5731,294;5735,296;5739,310;5744,294;5748,308;5752,292;5757,304;5761,296;5765,308;5770,306;5774,320;5779,304;5783,294;5787,308;5792,292;5796,318;5800,290;5805,302;5809,292;5813,318;5818,304;5822,316;5826,300;5831,292;5835,304;5840,304;5844,316;5848,286;5853,298;5857,288;5861,316;5866,300;5870,326;5874,296;5879,310;5883,314;5887,298;5892,312;5896,296;5900,310;5905,286;5909,312;5914,296;5918,310;5922,294;5927,306;5931,312;5935,296;5940,308;5944,294;5948,306;5953,290;5957,310;5961,308;5966,320;5970,304;5974,318;5979,308;5983,306;5988,320;5992,290;5996,316;6001,288;6005,306;6009,306;6014,318;6018,302;6022,302;6027,288;6031,306;6035,318;6040,290;6044,302;6049,300;6053,320;6057,304;6062,318;6066,300;6070,314;6075,298;6079,290;6083,304;6088,286;6092,300;6096,298;6101,310;6105,302;6109,314;6114,298;6118,312;6123,296;6127,302;6131,314;6136,284;6140,312;6144,294;6149,308;6153,300;6157,312;6162,298;6166,310;6170,294;6175,308;6179,312;6183,284;6188,310;6192,294;6197,306;6201,298;6205,310;6210,296;6214,308;6218,292;6223,306;6227,310;6231,294;6236,308;6240,292;6244,304;6249,296;6253,322;6257,292;6262,318;6266,290;6271,316;6275,308;6279,290;6284,304;6288,290;6292,302;6297,300;6301,320;6305,290;6310,302;6314,288;6318,314;6323,298;6327,290;6331,302;6336,302;6340,314;6345,300;6349,318;6353,288;6358,314;6362,300;6366,312;6371,298;6375,304;6379,316;6384,300;6388,316;6392,298;6397,312;6401,288;6406,316;6410,300;6414,314;6419,284;6423,302;6427,316;6432,286;6436,314;6440,298;6445,310;6449,288;6453,314;6458,286;6462,312;6466,296;6471,302;6475,314;6480,300;6484,298;6488,298;6493,310;6497,286;6501,312;6506,298;6510,310;6514,294;6519,308;6523,314;6527,298;6532,310;6536,294;6540,308;6545,298;6549,310;6554,308;6558,308;6562,292;6567,306;6571,308;6575,296;6580,322;6584,292;6588,318;6593,282;6597,310;6601,294;6606,308;6610,292;6615,306;6619,312;6623,296;6628,308;6632,294;6636,320;6641,278;6645,310;6649,294;6654,308;6658,292;6662,306;6667,276;6671,266;6675,280;6680,278;6684,290;6689,290;6693,294;6697,278;6702,278;6706,262;6710,274;6715,260;6719,236;6723,292;6728,276;6732,302;6736,274;6741,278;6745,276;6749,276;6754,274;6758,286;6763,258;6767,262;6771,276;6776,260;6780,288;6784,258;6789,284;6793,276;6797,288;6802,260;6806,286;6810,270;6815,260;6819,274;6823,244;6828,286;6832,284;6837,296;6841,260;6845,288;6850,270;6854,284;6858,254;6863,258;6867,272;6871,240;6876,282;6880,280;6884,280;6889,270;6893,282;6897,266;6902,280;6906,250;6911,264;6915,296;6919,280;6924,292;6928,276;6932,290;6937,266;6941,280;6945,264;6950,276;6954,276;6958,276;6963,280;6967,264;6971,278;6976,232;6980,274;6985,272;6989,290;6993,262;6998,276;7002,272;7006,286;7011,256;7015,274;7019,272;7024,256;7028,270;7032,268;7037,272;7041,242;7046,270;7050,254;7054,268;7059,266;7063,258;7067,270;7072,256;7076,282;7080,266;7085,272;7089,270;7093,284;7098,266;7102,280;7107,264;7111,256;7115,268;7120,266;7124,294;7128,276;7133,278;7137,254;7141,266;7146,252;7150,278;7154,278;7159,226;7163,282;7167,280;7172,280;7176,250;7181,276;7185,252;7189,280;7194,264;7198,278;) of size 460\r\nSTEPPER: Final estimate: [mstep] 6671\r\nFound dispense position: [\xc2\xb5m] 33335\r\nreturn;find;6667\r\n\xef\xbf\xbdreceived from UR: find -> find (0,1)\r\nSTEPPER: Moving to mstep: 5200 with speed [msteps/sec]: 4000 in SpreadCycle.\r\n'), 14:16:49
bytearray(b'STEPPER: Moved 2000.00 msteps (ramp: 35%) in 699.756 ms -> average speed [msteps/sec]: 2858.14\r\nSTEPPER: Moving to mstep: 7200 with speed [msteps/sec]: 1000 in StealthChop.\r\n'), 14:16:50
bytearray(b'STEPPER: Estimate 1: [msteps] 6667\r\nSTEPPER: buffer (5200,298;5204,314;5208,256;5213,298;5217,302;5221,316;5226,300;5230,312;5234,298;5239,324;5243,300;5247,300;5252,312;5256,310;5260,310;5265,300;5269,312;5274,296;5278,310;5282,296;5287,322;5291,298;5295,296;5300,310;5304,308;5308,308;5313,292;5317,312;5321,296;5326,308;5330,294;5334,320;5339,310;5343,296;5348,308;5352,306;5356,306;5361,290;5365,310;5369,294;5374,320;5378,306;5382,318;5387,304;5391,294;5395,308;5400,292;5404,318;5409,290;5413,308;5417,294;5422,306;5426,306;5430,318;5435,290;5439,294;5443,308;5448,292;5452,306;5456,290;5461,304;5465,294;5469,308;5474,306;5478,320;5483,304;5487,296;5491,308;5496,306;5500,306;5504,290;5509,302;5513,292;5517,306;5522,304;5526,318;5530,302;5535,302;5539,320;5543,304;5548,318;5552,288;5557,314;5561,306;5565,318;5570,290;5574,316;5578,300;5583,314;5587,318;5591,304;5596,316;5600,288;5604,314;5609,292;5613,304;5617,288;5622,300;5626,286;5631,312;5635,318;5639,302;5644,302;5648,300;5652,312;5657,298;5661,316;5665,300;5670,314;5674,298;5678,312;5683,296;5687,288;5692,300;5696,298;5700,312;5705,310;5709,316;5713,300;5718,312;5722,298;5726,310;5731,294;5735,300;5739,312;5744,298;5748,310;5752,296;5757,314;5761,300;5766,312;5770,296;5774,322;5779,308;5783,284;5787,312;5792,296;5796,308;5800,292;5805,320;5809,296;5813,310;5818,294;5822,306;5826,304;5831,296;5835,308;5840,294;5844,306;5848,290;5853,304;5857,294;5861,308;5866,292;5870,318;5874,304;5879,316;5883,306;5887,292;5892,316;5896,302;5901,302;5905,292;5909,304;5914,290;5918,302;5922,300;5927,314;5931,304;5935,290;5940,316;5944,300;5948,314;5953,284;5957,304;5961,300;5966,314;5970,298;5975,312;5979,302;5983,286;5988,314;5992,298;5996,310;6001,294;6005,312;6009,298;6014,310;6018,294;6022,322;6027,292;6031,296;6035,310;6040,294;6044,308;6049,292;6053,310;6057,294;6062,308;6066,306;6070,318;6075,302;6079,294;6083,306;6088,306;6092,304;6096,288;6101,302;6105,288;6109,304;6114,304;6118,316;6123,300;6127,292;6131,318;6136,302;6140,316;6144,284;6149,298;6153,302;6157,316;6162,300;6166,312;6170,298;6175,288;6179,314;6184,300;6188,312;6192,282;6197,308;6201,286;6205,312;6210,296;6214,308;6218,292;6223,306;6227,310;6231,296;6236,308;6240,292;6244,304;6249,296;6253,308;6258,294;6262,320;6266,304;6271,316;6275,308;6279,306;6284,304;6288,288;6292,302;6297,300;6301,304;6305,304;6310,316;6314,300;6318,300;6323,296;6327,302;6332,314;6336,286;6340,312;6345,296;6349,314;6353,300;6358,312;6362,296;6366,308;6371,294;6375,298;6379,310;6384,282;6388,308;6393,292;6397,312;6401,296;6406,308;6410,294;6414,306;6419,290;6423,296;6427,308;6432,294;6436,306;6440,290;6445,304;6449,294;6453,320;6458,304;6462,316;6467,288;6471,306;6475,306;6480,290;6484,302;6488,302;6493,316;6497,306;6501,318;6506,290;6510,302;6514,286;6519,314;6523,304;6527,290;6532,302;6536,288;6541,314;6545,306;6549,318;6554,302;6558,300;6562,298;6567,312;6571,302;6575,288;6580,300;6584,284;6588,312;6593,296;6597,314;6601,298;6606,312;6610,296;6615,310;6619,314;6623,284;6628,310;6632,294;6636,308;6641,306;6645,310;6649,280;6654,308;6658,276;6662,304;6667,294;6671,250;6676,292;6680,290;6684,290;6689,288;6693,280;6697,276;6702,290;6706,262;6710,286;6715,278;6719,262;6723,274;6728,232;6732,286;6736,284;6741,276;6745,260;6750,272;6754,256;6758,270;6763,254;6767,260;6771,272;6776,228;6780,284;6784,268;6789,294;6793,258;6797,284;6802,254;6806,268;6810,266;6815,272;6819,284;6824,268;6828,282;6832,252;6837,264;6841,270;6845,282;6850,266;6854,280;6858,264;6863,268;6867,282;6871,238;6876,290;6880,278;6884,290;6889,252;6893,280;6898,264;6902,278;6906,262;6911,252;6915,280;6919,264;6924,290;6928,276;6932,290;6937,264;6941,278;6945,264;6950,276;6954,260;6959,272;6963,278;6967,232;6972,274;6976,272;6980,286;6985,256;6989,290;6993,246;6998,272;7002,256;7006,284;7011,276;7015,232;7019,286;7024,272;7028,284;7033,268;7037,274;7041,244;7046,286;7050,270;7054,282;7059,254;7063,272;7067,284;7072,256;7076,268;7080,238;7085,286;7089,270;7093,282;7098,268;7102,280;7107,264;7111,284;7115,284;7120,252;7124,280;7128,236;7133,278;7137,268;7141,280;7146,266;7150,264;7154,276;7159,268;7163,280;7167,250;7172,262;7176,232;7181,288;7185,250;7189,276;7194,262;7198,274;) of size 460\r\nSTEPPER: Moving to mstep: 5200 with speed [msteps/sec]: 4000 in SpreadCycle.\r\n'), 14:16:52
bytearray(b'STEPPER: Moved 2000.00 msteps (ramp: 35%) in 699.756 ms -> average speed [msteps/sec]: 2858.14\r\nSTEPPER: Moving to mstep: 7200 with speed [msteps/sec]: 1000 in StealthChop.\r\n'), 14:16:53
bytearray(b'STEPPER: Estimate 2: [msteps] 6684\r\nSTEPPER: buffer (5200,296;5204,302;5208,286;5213,312;5217,288;5221,302;5226,286;5230,314;5234,284;5239,310;5243,316;5247,300;5252,312;5256,298;5260,310;5265,286;5269,314;5274,284;5278,310;5282,296;5287,308;5291,312;5295,312;5300,310;5304,308;5308,320;5313,284;5317,310;5321,296;5326,308;5330,292;5335,318;5339,310;5343,294;5348,320;5352,306;5356,316;5361,302;5365,306;5369,290;5374,318;5378,302;5382,314;5387,284;5391,304;5395,316;5400,300;5404,328;5409,298;5413,302;5417,286;5422,300;5426,284;5430,310;5435,282;5439,300;5443,314;5448,298;5452,324;5456,310;5461,322;5465,284;5469,310;5474,296;5478,310;5483,294;5487,300;5491,312;5496,310;5500,310;5504,308;5509,306;5513,282;5517,310;5522,280;5526,306;5530,292;5535,304;5539,312;5543,310;5548,322;5552,306;5557,304;5561,310;5565,308;5570,294;5574,306;5578,290;5583,318;5587,322;5591,308;5596,320;5600,304;5604,318;5609,280;5613,306;5617,292;5622,304;5626,288;5631,316;5635,306;5639,304;5644,316;5648,302;5652,314;5657,298;5661,318;5665,302;5670,316;5674,286;5678,312;5683,296;5687,302;5691,314;5696,298;5700,312;5705,310;5709,316;5713,286;5718,312;5722,296;5726,310;5731,294;5735,300;5739,312;5744,296;5748,322;5752,294;5757,320;5761,298;5765,310;5770,294;5774,306;5779,290;5783,296;5787,308;5792,308;5796,320;5800,304;5805,318;5809,294;5813,320;5818,292;5822,318;5826,290;5831,294;5835,306;5840,306;5844,318;5848,302;5853,316;5857,292;5861,306;5866,290;5870,302;5874,288;5879,314;5883,320;5887,304;5892,318;5896,302;5900,314;5905,292;5909,306;5914,288;5918,302;5922,286;5927,298;5931,318;5935,304;5940,316;5944,302;5948,314;5953,298;5957,318;5961,302;5966,316;5970,300;5974,312;5979,304;5983,302;5988,316;5992,300;5996,314;6001,312;6005,318;6009,288;6014,316;6018,300;6022,314;6027,284;6031,302;6035,316;6040,300;6044,312;6048,310;6053,316;6057,286;6062,314;6066,284;6070,310;6075,296;6079,300;6083,314;6088,298;6092,310;6096,294;6101,306;6105,284;6109,310;6114,296;6118,308;6122,278;6127,298;6131,312;6136,294;6140,308;6144,292;6149,318;6153,296;6157,308;6162,292;6166,306;6170,290;6175,302;6179,322;6183,292;6188,318;6192,302;6197,316;6201,292;6205,306;6210,290;6214,316;6218,288;6223,314;6227,320;6231,304;6236,316;6240,302;6244,302;6249,290;6253,318;6257,288;6262,316;6266,286;6271,312;6275,318;6279,302;6284,314;6288,300;6292,312;6297,298;6301,302;6305,286;6310,300;6314,284;6318,312;6323,296;6327,302;6331,314;6336,300;6340,312;6345,310;6349,302;6353,288;6358,314;6362,298;6366,312;6371,296;6375,288;6379,314;6384,300;6388,312;6392,284;6397,310;6401,286;6405,314;6410,298;6414,308;6419,282;6423,300;6427,312;6432,298;6436,310;6440,296;6445,308;6449,286;6453,312;6458,282;6462,310;6466,280;6471,300;6475,312;6480,298;6484,310;6488,296;6493,308;6497,284;6501,310;6506,282;6510,308;6514,278;6519,306;6523,310;6527,296;6532,308;6536,292;6540,306;6545,296;6549,308;6554,294;6558,320;6562,292;6567,304;6571,310;6575,280;6580,306;6584,304;6588,318;6593,302;6597,308;6601,292;6606,320;6610,290;6614,304;6619,308;6623,292;6628,308;6632,292;6636,304;6641,302;6645,308;6649,292;6654,304;6658,290;6662,302;6667,286;6671,278;6675,290;6680,276;6684,290;6688,274;6693,292;6697,262;6702,276;6706,260;6710,272;6715,244;6719,234;6723,290;6728,274;6732,288;6736,272;6741,286;6745,264;6749,276;6754,260;6758,272;6762,258;6767,262;6771,290;6776,274;6780,288;6784,258;6789,286;6793,262;6797,276;6802,274;6806,286;6810,258;6815,276;6819,290;6823,260;6828,286;6832,270;6837,284;6841,260;6845,274;6850,258;6854,270;6858,270;6863,282;6867,286;6871,272;6876,284;6880,254;6884,282;6889,274;6893,286;6897,256;6902,284;6906,268;6911,266;6915,272;6919,228;6924,284;6928,282;6932,294;6937,258;6941,284;6945,256;6950,282;6954,254;6958,280;6963,272;6967,256;6971,282;6976,268;6980,280;6985,252;6989,270;6993,242;6998,268;7002,252;7006,280;7011,250;7015,256;7019,282;7024,266;7028,280;7032,238;7037,270;7041,256;7046,282;7050,252;7054,280;7059,250;7063,270;7067,282;7072,268;7076,280;7080,266;7085,272;7089,270;7093,284;7098,268;7102,282;7106,266;7111,272;7115,286;7120,256;7124,284;7128,268;7133,282;7137,244;7141,258;7146,242;7150,270;7154,254;7159,260;7163,286;7167,258;7172,284;7176,256;7180,282;7185,260;7189,272;7194,258;7198,284;) of size 460\r\nSTEPPER: Moving to mstep: 5200 with speed [msteps/sec]: 4000 in SpreadCycle.\r\n'), 14:16:55
bytearray(b'STEPPER: Moved 2000.00 msteps (ramp: 35%) in 699.756 ms -> average speed [msteps/sec]: 2858.14\r\nSTEPPER: Moving to mstep: 7200 with speed [msteps/sec]: 1000 in StealthChop.\r\n'), 14:16:56
bytearray(b'STEPPER: Estimate 3: [msteps] 6667\r\nSTEPPER: buffer (5200,290;5204,310;5208,296;5213,310;5217,300;5221,312;5226,298;5230,312;5234,296;5239,310;5243,314;5247,298;5252,312;5256,296;5260,310;5265,300;5269,314;5274,298;5278,312;5282,296;5287,308;5291,314;5295,300;5300,312;5304,296;5308,310;5313,294;5317,314;5321,298;5326,312;5330,296;5334,308;5339,292;5343,298;5348,312;5352,284;5356,308;5361,294;5365,314;5369,298;5374,312;5378,296;5382,310;5387,294;5391,300;5395,312;5400,284;5404,310;5408,294;5413,308;5417,300;5422,312;5426,296;5430,310;5435,294;5439,300;5443,312;5448,284;5452,298;5456,296;5461,308;5465,300;5469,328;5474,298;5478,310;5482,296;5487,302;5491,314;5496,300;5500,312;5504,298;5509,310;5513,302;5517,316;5522,300;5526,300;5530,298;5535,312;5539,318;5543,288;5548,302;5552,286;5556,314;5561,304;5565,318;5570,302;5574,316;5578,300;5583,312;5587,318;5591,288;5596,316;5600,300;5604,314;5609,298;5613,318;5617,302;5622,302;5626,288;5631,314;5635,318;5639,290;5644,304;5648,302;5652,314;5657,300;5661,320;5665,304;5670,318;5674,302;5678,314;5683,300;5687,292;5691,304;5696,302;5700,316;5705,314;5709,320;5713,304;5718,304;5722,288;5726,316;5731,300;5735,292;5739,304;5744,290;5748,316;5752,302;5757,314;5761,306;5766,304;5770,290;5774,316;5779,302;5783,292;5787,306;5792,290;5796,318;5800,302;5805,316;5809,294;5813,306;5818,292;5822,304;5826,302;5831,294;5835,306;5840,292;5844,306;5848,290;5853,302;5857,294;5861,308;5866,292;5870,320;5874,304;5879,318;5883,308;5887,294;5892,306;5896,306;5900,304;5905,296;5909,308;5914,294;5918,306;5922,306;5927,318;5931,310;5935,296;5940,308;5944,294;5948,306;5953,290;5957,310;5961,294;5966,308;5970,306;5974,318;5979,310;5983,294;5988,308;5992,294;5996,320;6001,290;6005,310;6009,296;6014,310;6018,294;6022,320;6027,306;6031,296;6035,310;6040,296;6044,308;6048,292;6053,312;6057,296;6062,310;6066,308;6070,322;6075,306;6079,298;6083,312;6088,296;6092,310;6096,294;6101,306;6105,284;6109,312;6114,296;6118,310;6122,294;6127,300;6131,312;6136,298;6140,310;6144,282;6149,308;6153,298;6157,312;6162,310;6166,310;6170,296;6175,286;6179,314;6183,298;6188,312;6192,282;6197,310;6201,286;6205,314;6210,298;6214,312;6218,296;6223,308;6227,314;6231,298;6236,312;6240,296;6244,310;6249,288;6253,314;6257,298;6262,326;6266,296;6271,310;6275,314;6279,300;6284,312;6288,296;6292,296;6297,296;6301,314;6305,300;6310,312;6314,284;6318,310;6323,294;6327,300;6332,314;6336,298;6340,312;6345,296;6349,316;6353,300;6358,314;6362,300;6366,312;6371,298;6375,302;6379,316;6384,288;6388,302;6392,286;6397,306;6401,304;6406,318;6410,302;6414,302;6419,288;6423,306;6427,320;6432,290;6436,304;6440,290;6445,304;6449,294;6453,320;6458,292;6462,306;6466,290;6471,296;6475,308;6480,294;6484,306;6488,292;6493,304;6497,296;6501,308;6506,294;6510,306;6514,290;6519,304;6523,308;6527,294;6532,306;6536,292;6540,304;6545,310;6549,310;6554,308;6558,306;6562,292;6567,304;6571,310;6575,282;6580,296;6584,294;6588,308;6593,292;6597,312;6601,296;6606,310;6610,294;6615,308;6619,314;6623,286;6628,312;6632,298;6636,310;6641,294;6645,314;6649,298;6654,312;6658,282;6662,310;6667,288;6671,258;6675,298;6680,284;6684,298;6689,282;6693,288;6697,258;6702,284;6706,256;6710,284;6715,268;6719,246;6723,286;6728,272;6732,286;6736,270;6741,274;6745,260;6750,272;6754,258;6758,284;6763,256;6767,262;6771,288;6776,232;6780,286;6784,272;6789,286;6793,278;6797,290;6802,260;6806,288;6810,274;6815,280;6819,292;6824,278;6828,292;6832,262;6837,276;6841,266;6845,282;6850,266;6854,278;6858,264;6863,256;6867,282;6871,240;6876,282;6880,280;6884,280;6889,270;6893,270;6898,256;6902,282;6906,268;6911,280;6915,286;6919,270;6924,284;6928,254;6932,282;6937,260;6941,272;6945,272;6950,284;6954,270;6958,282;6963,288;6967,274;6972,286;6976,258;6980,270;6985,248;6989,276;6993,260;6998,274;7002,244;7006,286;7011,276;7015,260;7019,274;7024,244;7028,286;7032,272;7037,276;7041,260;7046,274;7050,260;7054,286;7059,258;7063,262;7067,274;7072,260;7076,272;7080,258;7085,276;7089,262;7093,274;7098,272;7102,286;7106,256;7111,276;7115,276;7120,232;7124,274;7128,272;7133,286;7137,264;7141,276;7146,262;7150,262;7154,246;7159,266;7163,292;7167,250;7172,276;7176,262;7181,288;7185,266;7189,280;7194,264;7198,278;) of size 460\r\nSTEPPER: Moving to mstep: 5200 with speed [msteps/sec]: 4000 in SpreadCycle.\r\n'), 14:16:59
bytearray(b'STEPPER: Moved 2000.00 msteps (ramp: 35%) in 699.760 ms -> average speed [msteps/sec]: 2858.12\r\nSTEPPER: Moving to mstep: 7200 with speed [msteps/sec]: 1000 in StealthChop.\r\n'), 14:16:59
bytearray(b'STEPPER: Estimate 4: [msteps] 6654\r\nSTEPPER: buffer (5200,284;5204,314;5208,286;5213,310;5217,302;5221,314;5226,298;5230,310;5234,282;5239,308;5243,312;5247,296;5252,308;5256,292;5260,306;5265,294;5269,322;5274,292;5278,320;5282,290;5287,316;5291,306;5295,292;5300,302;5304,302;5308,314;5313,300;5317,316;5321,286;5326,312;5330,284;5334,296;5339,294;5343,298;5348,310;5352,294;5356,322;5361,306;5365,310;5369,294;5374,306;5378,304;5382,304;5387,288;5391,292;5395,316;5400,302;5404,314;5408,300;5413,304;5417,288;5422,314;5426,300;5430,312;5435,282;5439,300;5443,314;5448,298;5452,312;5456,296;5461,308;5465,298;5469,312;5474,282;5478,308;5483,292;5487,296;5491,310;5496,308;5500,320;5504,304;5509,318;5513,294;5517,306;5522,290;5526,318;5530,288;5535,314;5539,316;5543,290;5548,314;5552,298;5557,312;5561,302;5565,314;5570,298;5574,324;5578,296;5583,308;5587,312;5591,296;5596,310;5600,294;5604,320;5609,282;5613,308;5617,280;5622,306;5626,304;5631,316;5635,308;5639,306;5644,318;5648,304;5652,302;5657,300;5661,320;5665,288;5670,316;5674,286;5678,312;5683,296;5687,302;5691,314;5696,300;5700,312;5705,298;5709,300;5713,284;5718,312;5722,296;5726,322;5731,292;5735,298;5739,324;5744,294;5748,320;5752,304;5757,316;5761,294;5765,306;5770,276;5774,304;5779,288;5783,306;5787,320;5792,290;5796,316;5800,300;5805,328;5809,290;5813,316;5818,286;5822,314;5826,298;5831,290;5835,302;5840,300;5844,312;5848,296;5853,310;5857,286;5861,312;5866,284;5870,310;5874,280;5879,306;5883,312;5887,296;5892,308;5896,306;5900,306;5905,282;5909,310;5914,294;5918,306;5922,290;5927,318;5931,308;5935,308;5940,320;5944,290;5948,304;5953,288;5957,320;5961,306;5966,304;5970,290;5974,316;5979,308;5983,304;5988,318;5992,302;5996,316;6001,300;6005,306;6009,288;6014,316;6018,300;6022,314;6027,298;6031,302;6035,314;6040,300;6044,312;6049,298;6053,316;6057,286;6062,314;6066,298;6070,310;6075,296;6079,286;6083,312;6088,298;6092,310;6096,308;6101,308;6105,284;6109,298;6114,282;6118,308;6123,294;6127,298;6131,310;6136,296;6140,308;6144,294;6149,320;6153,284;6157,310;6162,294;6166,308;6170,292;6175,284;6179,310;6183,294;6188,308;6192,292;6197,318;6201,296;6205,308;6210,278;6214,306;6218,290;6223,318;6227,308;6231,294;6236,320;6240,304;6244,316;6249,292;6253,320;6257,290;6262,318;6266,288;6271,302;6275,308;6279,292;6284,318;6288,302;6292,314;6297,314;6301,318;6305,288;6310,316;6314,286;6318,312;6323,296;6327,288;6331,314;6336,298;6340,310;6345,294;6349,314;6353,298;6358,310;6362,294;6366,308;6371,292;6375,296;6379,308;6384,292;6388,306;6392,290;6397,316;6401,292;6405,306;6410,290;6414,318;6419,288;6423,306;6427,320;6432,290;6436,304;6440,302;6445,302;6449,292;6453,306;6458,290;6462,316;6466,286;6471,278;6475,306;6480,304;6484,302;6488,300;6493,314;6497,290;6501,318;6506,288;6510,314;6514,298;6519,312;6523,316;6527,300;6532,312;6536,298;6540,310;6545,288;6549,314;6554,298;6558,312;6562,296;6567,310;6571,314;6575,298;6580,310;6584,280;6588,308;6593,284;6597,310;6601,294;6606,308;6610,278;6615,306;6619,310;6623,296;6628,308;6632,294;6636,322;6641,306;6645,310;6649,296;6654,308;6658,278;6662,292;6667,276;6671,280;6675,294;6680,278;6684,292;6689,276;6693,282;6697,266;6702,278;6706,250;6710,276;6715,248;6719,266;6723,280;6728,264;6732,290;6736,260;6741,266;6745,250;6749,264;6754,248;6758,274;6763,260;6767,264;6771,292;6776,262;6780,288;6784,258;6789,286;6793,264;6797,290;6802,260;6806,286;6810,258;6815,248;6819,288;6823,274;6828,286;6832,270;6837,284;6841,274;6845,288;6850,272;6854,300;6858,270;6863,246;6867,288;6871,274;6876,286;6880,270;6884,284;6889,260;6893,286;6897,256;6902,270;6906,254;6911,282;6915,286;6919,256;6924,270;6928,268;6932,294;6937,256;6941,270;6945,254;6950,280;6954,266;6958,278;6963,284;6967,268;6971,280;6976,250;6980,292;6985,262;6989,280;6993,250;6998,264;7002,248;7006,274;7011,244;7015,262;7019,274;7024,232;7028,288;7032,272;7037,276;7041,262;7046,274;7050,258;7054,272;7059,242;7063,260;7067,286;7072,270;7076,284;7080,268;7085,272;7089,256;7093,270;7098,268;7102,280;7106,266;7111,286;7115,284;7120,268;7124,282;7128,252;7133,280;7137,254;7141,268;7146,252;7150,264;7154,250;7159,254;7163,280;7167,250;7172,276;7176,246;7181,274;7185,264;7189,278;7194,248;7198,274;) of size 460\r\nSTEPPER: Moving to mstep: 5200 with speed [msteps/sec]: 4000 in SpreadCycle.\r\n'), 14:17:02
bytearray(b'STEPPER: Moved 2000.00 msteps (ramp: 35%) in 699.760 ms -> average speed [msteps/sec]: 2858.12\r\nSTEPPER: Moving to mstep: 7200 with speed [msteps/sec]: 1000 in StealthChop.\r\n'), 14:17:03
bytearray(b'STEPPER: Estimate 5: [msteps] 6684\r\nSTEPPER: buffer (5200,284;5204,298;5208,284;5213,310;5217,302;5221,314;5226,298;5230,312;5234,296;5239,310;5243,314;5247,314;5252,312;5256,298;5260,310;5265,300;5269,314;5274,298;5278,326;5282,296;5287,310;5291,314;5295,312;5300,312;5304,298;5308,310;5313,294;5317,300;5321,296;5326,310;5330,294;5334,308;5339,292;5343,298;5348,310;5352,294;5356,306;5361,292;5365,310;5369,294;5374,308;5378,292;5382,306;5387,290;5391,296;5395,322;5400,306;5404,320;5408,304;5413,308;5417,292;5422,320;5426,290;5430,318;5435,288;5439,308;5443,320;5448,304;5452,318;5456,288;5461,314;5465,292;5469,316;5474,302;5478,316;5482,300;5487,290;5491,304;5496,302;5500,314;5504,300;5509,310;5513,288;5517,314;5522,286;5526,312;5530,296;5535,310;5539,314;5543,312;5548,312;5552,296;5556,308;5561,300;5565,312;5570,296;5574,310;5578,294;5583,306;5587,312;5591,296;5596,308;5600,294;5604,320;5609,276;5613,310;5617,294;5622,306;5626,306;5631,318;5635,310;5639,294;5644,306;5648,306;5652,318;5657,288;5661,322;5665,292;5670,320;5674,304;5678,316;5683,302;5687,292;5691,306;5696,304;5700,316;5705,316;5709,306;5713,290;5718,304;5722,288;5726,316;5731,286;5735,306;5739,318;5744,302;5748,316;5752,300;5757,314;5761,290;5766,316;5770,300;5774,314;5779,284;5783,304;5787,318;5792,300;5796,314;5800,298;5805,324;5809,286;5813,300;5818,284;5822,298;5826,282;5831,302;5835,314;5840,298;5844,310;5848,296;5853,308;5857,284;5861,312;5866,282;5870,322;5874,294;5879,318;5883,324;5887,308;5892,306;5896,306;5900,318;5905,280;5909,308;5914,290;5918,316;5922,286;5927,314;5931,318;5935,302;5940,316;5944,300;5948,312;5953,298;5957,300;5961,286;5966,312;5970,284;5974,310;5979,294;5983,298;5988,326;5992,296;5996,322;6001,306;6005,310;6009,294;6014,308;6018,280;6022,320;6027,290;6031,308;6035,320;6040,292;6044,304;6048,302;6053,314;6057,292;6062,320;6066,290;6070,316;6075,286;6079,292;6083,304;6088,304;6092,302;6096,302;6101,328;6105,290;6109,304;6114,288;6118,300;6122,284;6127,304;6131,318;6136,302;6140,314;6144,300;6149,312;6153,288;6157,302;6162,286;6166,298;6170,296;6175,310;6179,314;6183,298;6188,312;6192,296;6197,308;6201,286;6205,312;6210,282;6214,308;6218,280;6223,306;6227,312;6231,296;6236,308;6240,294;6244,306;6249,296;6253,310;6257,294;6262,322;6266,292;6271,318;6275,296;6279,294;6284,320;6288,306;6292,304;6297,290;6301,308;6305,292;6310,306;6314,290;6318,302;6323,286;6327,306;6331,318;6336,302;6340,316;6345,300;6349,304;6353,290;6358,302;6362,286;6366,298;6371,284;6375,302;6379,314;6384,298;6388,324;6392,296;6397,300;6401,284;6405,296;6410,282;6414,308;6419,292;6423,298;6427,324;6432,308;6436,306;6440,292;6445,304;6449,280;6453,306;6458,292;6462,304;6466,288;6471,292;6475,306;6480,290;6484,302;6488,286;6493,314;6497,290;6501,302;6506,286;6510,300;6514,282;6519,298;6523,316;6527,300;6532,312;6536,296;6540,310;6545,286;6549,298;6554,282;6558,310;6562,292;6567,306;6571,310;6575,308;6580,308;6584,292;6588,304;6593,288;6597,308;6601,292;6606,318;6610,288;6614,314;6619,284;6623,304;6628,316;6632,300;6636,300;6641,284;6645,304;6649,288;6654,314;6658,284;6662,298;6667,282;6671,286;6675,300;6680,270;6684,296;6688,252;6693,286;6697,270;6702,282;6706,266;6710,266;6715,278;6719,284;6723,296;6728,264;6732,280;6736,248;6741,282;6745,266;6749,280;6754,250;6758,276;6762,260;6767,264;6771,292;6776,262;6780,288;6784,260;6789,300;6793,248;6797,276;6802,246;6806,272;6810,244;6815,276;6819,288;6823,272;6828,286;6832,270;6837,284;6841,260;6845,286;6850,256;6854,284;6858,254;6863,268;6867,286;6871,270;6876,284;6880,268;6884,280;6889,270;6893,270;6897,254;6902,268;6906,252;6911,278;6915,284;6919,268;6924,282;6928,266;6932,292;6937,254;6941,266;6945,252;6950,264;6954,250;6958,276;6963,268;6967,266;6971,278;6976,262;6980,276;6985,260;6989,266;6993,250;6998,278;7002,248;7006,274;7011,258;7015,234;7019,276;7024,262;7028,274;7032,272;7037,278;7041,262;7045,276;7050,258;7054,286;7059,256;7063,248;7067,274;7072,258;7076,272;7080,242;7085,284;7089,260;7093,274;7098,258;7102,272;7106,242;7111,246;7115,274;7119,258;7124,270;7128,256;7133,296;7137,258;7141,272;7146,256;7150,268;7154,268;7159,280;7163,284;7167,254;7172,282;7176,252;7180,278;7185,256;7189,282;7193,252;7198,280;) of size 460\r\nSTEPPER: Moving to mstep: 5200 with speed [msteps/sec]: 4000 in SpreadCycle.\r\n'), 14:17:05
bytearray(b'STEPPER: Moved 2000.00 msteps (ramp: 35%) in 699.764 ms -> average speed [msteps/sec]: 2858.11\r\nSTEPPER: Moving to mstep: 7200 with speed [msteps/sec]: 1000 in StealthChop.\r\n'), 14:17:06
bytearray(b'STEPPER: Estimate 6: [msteps] 6667\r\nSTEPPER: buffer (5200,286;5204,304;5208,288;5213,316;5217,292;5221,304;5226,290;5230,302;5234,302;5239,314;5243,306;5247,290;5252,316;5256,300;5260,314;5265,292;5269,304;5274,288;5278,314;5282,286;5287,312;5291,318;5295,302;5300,314;5304,300;5308,312;5313,298;5317,316;5321,302;5326,314;5330,284;5334,312;5339,296;5343,288;5348,316;5352,300;5356,314;5361,284;5365,304;5369,302;5374,300;5378,286;5382,312;5387,284;5391,302;5395,316;5400,286;5404,312;5408,298;5413,304;5417,302;5422,316;5426,286;5430,312;5435,298;5439,288;5443,316;5448,302;5452,314;5456,284;5461,310;5465,288;5469,302;5474,300;5478,300;5482,284;5487,290;5491,316;5496,316;5500,314;5504,312;5509,312;5513,288;5517,302;5522,286;5526,314;5530,284;5535,312;5539,316;5543,302;5548,314;5552,300;5557,312;5561,302;5565,316;5570,300;5574,314;5578,298;5583,326;5587,316;5591,300;5596,314;5600,298;5604,324;5609,294;5613,314;5617,296;5622,310;5626,294;5631,322;5635,312;5639,312;5644,310;5648,294;5652,308;5657,306;5661,310;5665,294;5670,322;5674,292;5678,304;5683,288;5687,308;5691,320;5696,306;5700,318;5705,302;5709,320;5713,290;5718,316;5722,288;5726,314;5731,284;5735,304;5739,316;5744,286;5748,314;5752,310;5757,310;5761,300;5765,300;5770,284;5774,310;5779,294;5783,300;5787,312;5792,298;5796,324;5800,308;5805,320;5809,282;5813,296;5818,280;5822,306;5826,292;5831,296;5835,308;5839,292;5844,306;5848,304;5853,316;5857,282;5861,308;5866,292;5870,304;5874,288;5879,316;5883,306;5887,306;5892,318;5896,302;5900,316;5905,292;5909,304;5914,288;5918,302;5922,302;5927,314;5931,306;5935,290;5940,304;5944,288;5948,314;5953,300;5957,304;5961,290;5966,316;5970,286;5974,312;5979,298;5983,304;5988,316;5992,300;5996,326;6001,312;6005,302;6009,272;6014,314;6018,298;6022,312;6027,296;6031,302;6035,314;6040,298;6044,312;6048,310;6053,314;6057,300;6062,312;6066,296;6070,324;6075,294;6079,298;6083,310;6088,296;6092,308;6096,292;6101,306;6105,294;6109,308;6114,292;6118,306;6123,288;6127,280;6131,308;6136,306;6140,318;6144,302;6149,316;6153,292;6157,318;6162,304;6166,302;6170,302;6175,292;6179,304;6183,290;6188,316;6192,300;6197,314;6201,290;6205,304;6210,288;6214,302;6218,288;6223,312;6227,318;6231,288;6236,314;6240,286;6244,312;6249,288;6253,316;6257,286;6262,314;6266,284;6271,310;6275,316;6279,286;6284,312;6288,298;6292,310;6297,308;6301,314;6305,298;6310,312;6314,282;6318,308;6323,292;6327,298;6331,310;6336,310;6340,308;6345,292;6349,312;6353,296;6358,310;6362,294;6366,308;6371,306;6375,284;6379,310;6384,294;6388,318;6392,290;6397,318;6401,294;6405,308;6410,292;6414,318;6419,288;6423,296;6427,322;6432,292;6436,306;6440,304;6445,316;6449,292;6453,320;6458,290;6462,318;6466,302;6471,292;6475,306;6479,290;6484,304;6488,302;6493,314;6497,292;6501,318;6506,288;6510,302;6514,300;6519,314;6523,304;6527,290;6532,316;6536,286;6540,312;6545,288;6549,316;6554,286;6558,300;6562,286;6567,310;6571,316;6575,300;6580,314;6584,284;6588,310;6593,296;6597,300;6601,298;6606,312;6610,282;6614,308;6619,278;6623,298;6628,310;6632,296;6636,308;6641,294;6645,312;6649,296;6654,310;6658,294;6662,306;6667,290;6671,268;6675,282;6680,280;6684,292;6688,276;6693,280;6697,266;6702,278;6706,262;6710,274;6715,260;6719,266;6723,292;6728,234;6732,290;6736,274;6741,278;6745,278;6749,276;6754,262;6758,274;6763,258;6767,250;6771,290;6776,274;6780,288;6784,242;6789,284;6793,274;6797,288;6802,272;6806,286;6810,270;6815,274;6819,288;6823,270;6828,286;6832,282;6837,282;6841,260;6845,286;6850,270;6854,284;6858,254;6863,280;6867,272;6871,256;6876,270;6880,268;6884,282;6889,258;6893,270;6897,270;6902,282;6906,268;6911,282;6915,272;6919,256;6924,270;6928,240;6932,282;6937,258;6941,272;6945,256;6950,270;6954,268;6958,266;6963,286;6967,256;6971,270;6976,268;6980,282;6985,252;6989,286;6993,256;6998,270;7002,254;7006,268;7011,252;7015,230;7019,286;7024,284;7028,282;7032,268;7037,272;7041,270;7045,284;7050,254;7054,282;7059,250;7063,256;7067,270;7072,226;7076,280;7080,266;7085,278;7089,254;7093,280;7098,252;7102,266;7106,264;7111,240;7115,282;7119,280;7124,292;7128,276;7133,290;7137,252;7141,264;7146,248;7150,290;7154,274;7159,266;7163,278;7167,234;7172,276;7176,276;7180,288;7185,264;7189,278;7194,248;7198,276;) of size 460\r\nSTEPPER: Moving to mstep: 5200 with speed [msteps/sec]: 4000 in SpreadCycle.\r\n'), 14:17:08
bytearray(b'STEPPER: Moved 2000.00 msteps (ramp: 35%) in 699.764 ms -> average speed [msteps/sec]: 2858.11\r\nSTEPPER: Moving to mstep: 7200 with speed [msteps/sec]: 1000 in StealthChop.\r\n'), 14:17:09
bytearray(b'STEPPER: Estimate 7: [msteps] 6689\r\nSTEPPER: buffer (5200,296;5204,302;5208,288;5213,316;5217,292;5221,304;5226,290;5230,316;5234,286;5239,314;5243,318;5247,302;5252,316;5256,300;5260,312;5265,288;5269,316;5274,286;5278,314;5282,298;5287,310;5291,316;5295,314;5300,314;5304,312;5308,310;5313,308;5317,300;5321,284;5326,298;5330,280;5334,306;5339,312;5343,310;5348,310;5352,308;5356,320;5361,304;5365,310;5369,294;5374,306;5378,290;5382,304;5387,288;5391,294;5395,320;5400,304;5404,318;5409,302;5413,306;5417,290;5422,316;5426,288;5430,300;5435,284;5439,304;5443,316;5448,300;5452,314;5456,298;5461,310;5465,286;5469,314;5474,284;5478,312;5483,296;5487,300;5491,314;5496,298;5500,310;5504,310;5509,308;5513,284;5517,312;5522,296;5526,308;5530,292;5535,298;5539,310;5543,294;5548,306;5552,304;5557,316;5561,292;5565,304;5570,304;5574,318;5578,286;5583,312;5587,320;5591,302;5596,314;5600,300;5604,312;5609,288;5613,316;5617,286;5622,312;5626,296;5631,324;5635,314;5639,298;5644,312;5648,296;5652,308;5657,306;5661,312;5665,296;5670,308;5674,292;5678,320;5683,292;5687,310;5691,322;5696,306;5700,306;5705,304;5709,308;5713,280;5718,306;5722,290;5726,318;5731,288;5735,292;5739,306;5744,290;5748,316;5752,302;5757,314;5761,304;5766,304;5770,302;5774,314;5779,300;5783,290;5787,316;5792,300;5796,314;5800,300;5805,326;5809,288;5813,316;5818,286;5822,312;5826,284;5831,302;5835,316;5840,300;5844,312;5848,296;5853,310;5857,286;5861,314;5866,298;5870,312;5874,296;5879,308;5883,314;5887,298;5892,310;5896,296;5901,308;5905,284;5909,312;5914,298;5918,310;5922,280;5927,306;5931,312;5935,310;5940,322;5944,308;5948,320;5953,284;5957,310;5961,294;5966,308;5970,292;5975,318;5979,322;5983,294;5988,320;5992,304;5996,330;6001,300;6005,304;6009,290;6014,304;6018,286;6022,300;6027,284;6031,304;6035,316;6040,314;6044,312;6049,296;6053,316;6057,286;6062,312;6066,282;6070,310;6075,294;6079,298;6083,310;6088,310;6092,322;6096,306;6101,306;6105,296;6109,306;6114,292;6118,304;6123,278;6127,308;6131,308;6136,306;6140,318;6144,290;6149,316;6153,292;6157,304;6162,290;6166,316;6170,300;6175,290;6179,318;6183,302;6188,314;6192,298;6197,312;6201,288;6205,300;6210,284;6214,298;6218,282;6223,296;6227,314;6231,312;6236,312;6240,296;6244,308;6249,284;6253,312;6258,296;6262,308;6266,294;6271,308;6275,310;6279,296;6284,308;6288,294;6292,306;6297,304;6301,308;6305,292;6310,306;6314,290;6318,304;6323,308;6327,306;6332,318;6336,302;6340,316;6345,300;6349,306;6353,290;6358,318;6362,288;6366,300;6371,298;6375,290;6379,316;6384,300;6388,314;6392,298;6397,302;6401,286;6406,314;6410,284;6414,312;6419,282;6423,300;6427,314;6432,298;6436,310;6440,294;6445,322;6449,284;6453,324;6458,294;6462,308;6467,304;6471,282;6475,308;6480,292;6484,306;6488,304;6493,302;6497,292;6501,304;6506,290;6510,302;6514,286;6519,298;6523,316;6527,300;6532,328;6536,298;6541,310;6545,286;6549,312;6554,298;6558,308;6562,294;6567,306;6571,310;6575,296;6580,320;6584,306;6588,320;6593,296;6597,306;6601,292;6606,304;6610,288;6615,314;6619,306;6623,304;6628,316;6632,300;6636,314;6641,298;6645,316;6649,286;6654,314;6658,298;6662,310;6667,288;6671,258;6675,298;6680,282;6684,296;6689,294;6693,284;6697,268;6702,266;6706,250;6710,264;6715,248;6719,280;6723,280;6728,264;6732,290;6736,260;6741,280;6745,264;6749,276;6754,260;6758,274;6763,258;6767,264;6771,290;6776,260;6780,288;6784,258;6789,286;6793,262;6797,276;6802,260;6806,286;6810,242;6815,290;6819,290;6824,274;6828,288;6832,258;6837,284;6841,248;6845,274;6850,258;6854,286;6858,256;6863,262;6867,288;6871,272;6876,286;6880,270;6884,284;6889,260;6893,274;6898,258;6902,272;6906,270;6911,282;6915,288;6919,272;6924,286;6928,256;6932,284;6937,246;6941,260;6945,244;6950,270;6954,256;6959,282;6963,274;6967,244;6972,272;6976,256;6980,270;6985,260;6989,286;6993,258;6998,272;7002,254;7006,282;7011,288;7015,272;7019,286;7024,256;7028,282;7033,240;7037,272;7041,258;7046,284;7050,254;7054,282;7059,252;7063,230;7067,272;7072,270;7076,282;7080,266;7085,272;7089,270;7093,282;7098,266;7102,280;7107,264;7111,254;7115,268;7120,252;7124,280;7128,264;7133,290;7137,254;7141,266;7146,250;7150,264;7154,262;7159,254;7163,280;7167,250;7172,278;7176,262;7181,290;7185,252;7189,266;7194,250;7198,276;) of size 460\r\nSTEPPER: Moving to mstep: 5200 with speed [msteps/sec]: 4000 in SpreadCycle.\r\n'), 14:17:12
bytearray(b'STEPPER: Moved 2000.00 msteps (ramp: 35%) in 699.768 ms -> average speed [msteps/sec]: 2858.09\r\nSTEPPER: Moving to mstep: 7200 with speed [msteps/sec]: 1000 in StealthChop.\r\n'), 14:17:12
bytearray(b'STEPPER: Estimate 8: [msteps] 6667\r\nSTEPPER: buffer (5200,292;5204,314;5208,284;5213,312;5217,302;5221,314;5226,286;5230,312;5234,296;5239,310;5243,312;5247,300;5252,312;5256,310;5260,310;5265,286;5269,314;5274,298;5278,310;5282,296;5287,308;5291,312;5295,282;5300,310;5304,308;5308,322;5313,306;5317,312;5321,296;5326,308;5330,294;5334,304;5339,290;5343,294;5348,322;5352,292;5356,304;5361,290;5365,322;5369,308;5374,306;5378,290;5382,304;5387,302;5391,292;5395,306;5400,290;5404,316;5408,300;5413,314;5417,304;5422,302;5426,286;5430,314;5435,298;5439,290;5443,302;5448,288;5452,314;5456,298;5461,310;5465,302;5469,314;5474,298;5478,312;5482,296;5487,288;5491,300;5496,298;5500,312;5504,310;5509,310;5513,300;5517,312;5522,298;5526,310;5530,296;5535,288;5539,314;5543,298;5548,312;5552,296;5557,310;5561,300;5565,312;5570,298;5574,310;5578,310;5583,322;5587,314;5591,298;5596,312;5600,296;5604,322;5609,300;5613,312;5617,298;5622,310;5626,296;5631,324;5635,314;5639,298;5644,310;5648,310;5652,308;5657,292;5661,312;5665,296;5670,310;5674,308;5678,320;5683,304;5687,296;5692,308;5696,306;5700,306;5705,304;5709,308;5713,292;5718,320;5722,304;5726,318;5731,302;5735,292;5739,306;5744,302;5748,316;5752,286;5757,306;5761,304;5766,316;5770,302;5774,314;5779,300;5783,290;5787,316;5792,300;5796,314;5800,284;5805,312;5809,288;5813,316;5818,300;5822,312;5826,296;5831,302;5835,314;5840,298;5844,312;5848,296;5853,308;5857,298;5861,326;5866,296;5870,322;5874,294;5879,306;5883,310;5887,308;5892,308;5896,292;5900,304;5905,294;5909,308;5914,294;5918,320;5922,290;5927,302;5931,306;5935,290;5940,316;5944,286;5948,300;5953,298;5957,316;5961,300;5966,314;5970,298;5975,310;5979,314;5983,300;5988,312;5992,284;5996,310;6001,294;6005,312;6009,296;6014,308;6018,294;6022,306;6027,290;6031,296;6035,308;6040,292;6044,304;6049,290;6053,308;6057,292;6062,318;6066,288;6070,302;6075,286;6079,292;6083,302;6088,288;6092,300;6096,298;6101,310;6105,302;6109,314;6114,298;6118,310;6123,296;6127,300;6131,312;6136,296;6140,310;6144,294;6149,308;6153,298;6157,312;6162,296;6166,308;6170,294;6175,300;6179,312;6184,282;6188,308;6192,292;6197,306;6201,296;6205,310;6210,294;6214,306;6218,290;6223,316;6227,306;6231,292;6236,306;6240,290;6244,304;6249,294;6253,322;6258,292;6262,320;6266,290;6271,316;6275,308;6279,292;6284,306;6288,290;6292,304;6297,302;6301,322;6305,292;6310,304;6314,288;6318,302;6323,308;6327,292;6332,304;6336,290;6340,314;6345,300;6349,320;6353,304;6358,304;6362,302;6366,314;6371,300;6375,290;6379,304;6384,288;6388,314;6392,298;6397,312;6401,302;6406,302;6410,286;6414,312;6419,298;6423,288;6427,302;6432,300;6436,314;6440,296;6445,310;6449,300;6453,314;6458,298;6462,312;6467,296;6471,286;6475,300;6480,298;6484,310;6488,296;6493,308;6497,298;6501,312;6506,296;6510,308;6514,294;6519,320;6523,310;6527,296;6532,308;6536,294;6541,306;6545,296;6549,308;6554,294;6558,306;6562,292;6567,304;6571,310;6575,294;6580,308;6584,304;6588,318;6593,282;6597,308;6601,292;6606,306;6610,290;6615,304;6619,308;6623,306;6628,318;6632,304;6636,316;6641,286;6645,306;6649,288;6654,316;6658,286;6662,314;6667,290;6671,260;6676,300;6680,286;6684,298;6689,284;6693,288;6697,258;6702,272;6706,254;6710,268;6715,254;6719,272;6723,284;6728,240;6732,282;6736,280;6741,286;6745,256;6750,268;6754,266;6758,280;6763,278;6767,228;6771,282;6776,266;6780,294;6784,274;6789,268;6793,252;6797,278;6802,276;6806,288;6810,274;6815,264;6819,276;6824,260;6828,272;6832,272;6837,284;6841,262;6845,288;6850,258;6854,286;6858,256;6863,274;6867,288;6871,272;6876,272;6880,240;6884,280;6889,258;6893,284;6898,254;6902,282;6906,250;6911,278;6915,284;6919,268;6924,280;6928,252;6932,278;6937,268;6941,282;6945,264;6950,278;6954,248;6958,274;6963,280;6967,264;6972,278;6976,262;6980,274;6985,230;6989,278;6993,262;6998,274;7002,232;7006,272;7011,278;7015,248;7019,276;7024,232;7028,286;7033,286;7037,276;7041,260;7046,274;7050,244;7054,270;7059,254;7063,260;7067,272;7072,228;7076,284;7080,282;7085,272;7089,270;7093,284;7098,268;7102,280;7107,264;7111,268;7115,282;7120,252;7124,280;7128,264;7133,290;7137,266;7141,278;7146,264;7150,276;7154,260;7159,266;7163,278;7167,248;7172,276;7176,232;7181,286;7185,262;7189,276;7194,260;7198,272;) of size 460\r\nSTEPPER: Moving to mstep: 5200 with speed [msteps/sec]: 4000 in SpreadCycle.\r\n'), 14:17:15
bytearray(b'STEPPER: Moved 2000.00 msteps (ramp: 35%) in 699.756 ms -> average speed [msteps/sec]: 2858.14\r\nSTEPPER: Moving to mstep: 7200 with speed [msteps/sec]: 1000 in StealthChop.\r\n'), 14:17:15
bytearray(b'STEPPER: Estimate 9: [msteps] 6689\r\nSTEPPER: buffer (5200,284;5204,308;5208,280;5213,306;5217,296;5221,310;5226,292;5230,318;5234,290;5239,302;5243,320;5247,290;5252,316;5256,302;5260,314;5265,290;5269,316;5274,288;5278,314;5282,286;5287,312;5291,316;5295,314;5300,314;5304,312;5308,310;5313,310;5317,314;5321,298;5326,310;5330,282;5334,308;5339,292;5343,310;5348,310;5352,308;5356,320;5361,304;5365,310;5369,292;5374,306;5378,290;5382,304;5387,286;5391,292;5395,318;5400,302;5404,314;5408,300;5413,304;5417,288;5422,316;5426,286;5430,314;5435,298;5439,302;5443,302;5448,300;5452,298;5456,296;5461,308;5465,286;5469,312;5474,296;5478,322;5483,292;5487,312;5491,310;5496,294;5500,306;5504,304;5509,316;5513,292;5517,306;5522,290;5526,302;5530,286;5535,312;5539,304;5543,302;5548,314;5552,298;5557,310;5561,314;5565,326;5570,298;5574,308;5578,292;5583,320;5587,310;5591,294;5596,322;5600,306;5604,318;5609,294;5613,306;5617,290;5622,304;5626,288;5631,314;5635,318;5639,302;5644,316;5648,300;5652,326;5657,298;5661,314;5665,300;5670,312;5674,296;5678,308;5683,292;5687,310;5691,310;5696,308;5700,320;5705,304;5709,310;5713,294;5718,306;5722,290;5726,302;5731,288;5735,306;5739,318;5744,302;5748,302;5752,300;5757,312;5761,290;5765,302;5770,286;5774,312;5779,296;5783,300;5787,314;5792,298;5796,310;5800,294;5805,322;5809,284;5813,310;5818,282;5822,308;5826,278;5831,298;5835,310;5839,294;5844,306;5848,304;5853,318;5857,280;5861,320;5866,304;5870,304;5874,288;5879,300;5883,320;5887,304;5892,316;5896,302;5900,314;5905,290;5909,304;5914,288;5918,300;5922,284;5927,312;5931,304;5935,300;5940,312;5944,300;5948,310;5953,310;5957,300;5961,286;5966,312;5970,296;5974,310;5979,294;5983,300;5988,324;5992,294;5996,308;6001,306;6005,310;6009,280;6014,308;6018,280;6022,304;6027,288;6031,308;6035,320;6040,304;6044,316;6049,302;6053,308;6057,290;6062,304;6066,288;6070,314;6075,300;6079,304;6083,316;6088,302;6092,314;6096,298;6101,312;6105,288;6109,300;6114,284;6118,298;6123,282;6127,302;6131,314;6136,312;6140,310;6144,308;6149,322;6153,296;6157,312;6162,296;6166,310;6170,294;6175,304;6179,310;6183,296;6188,320;6192,292;6197,316;6201,294;6205,306;6210,278;6214,302;6218,286;6223,300;6227,320;6231,304;6236,316;6240,300;6244,312;6249,298;6253,314;6257,286;6262,312;6266,282;6271,310;6275,300;6279,286;6284,312;6288,296;6292,310;6297,296;6301,312;6305,298;6310,310;6314,280;6318,306;6323,278;6327,310;6331,322;6336,308;6340,320;6345,304;6349,310;6353,294;6358,306;6362,292;6366,318;6371,302;6375,294;6379,306;6384,290;6388,318;6392,300;6397,328;6401,290;6405,304;6410,288;6414,300;6419,286;6423,304;6427,302;6432,300;6436,312;6440,296;6445,324;6449,284;6453,312;6458,282;6462,310;6466,280;6471,298;6475,310;6480,294;6484,308;6488,278;6493,304;6497,296;6501,308;6506,292;6510,306;6514,288;6519,314;6523,320;6527,304;6532,304;6536,302;6540,314;6545,290;6549,304;6554,288;6558,316;6562,300;6567,314;6571,304;6575,288;6580,316;6584,300;6588,326;6593,288;6597,302;6601,286;6606,312;6610,298;6615,310;6619,316;6623,300;6628,314;6632,282;6636,310;6641,296;6645,314;6649,300;6654,312;6658,296;6662,310;6667,280;6671,284;6675,298;6680,282;6684,294;6689,278;6693,284;6697,268;6702,280;6706,264;6710,262;6715,276;6719,268;6723,278;6728,276;6732,290;6736,246;6741,278;6745,262;6749,276;6754,262;6758,274;6763,258;6767,234;6771,288;6776,274;6780,286;6784,272;6789,298;6793,246;6797,274;6802,258;6806,270;6810,254;6815,260;6819,286;6823,258;6828,284;6832,268;6837,296;6841,258;6845,270;6850,254;6854,282;6858,252;6863,256;6867,284;6871,254;6876,266;6880,252;6884,278;6889,270;6893,268;6897,252;6902,280;6906,250;6911,276;6915,280;6919,250;6924,288;6928,262;6932,274;6937,264;6941,278;6945,262;6950,260;6954,244;6958,286;6963,276;6967,262;6972,274;6976,258;6980,270;6985,256;6989,288;6993,272;6998,272;7002,270;7006,284;7011,266;7015,272;7019,284;7024,254;7028,282;7032,252;7037,270;7041,254;7046,282;7050,252;7054,280;7059,250;7063,240;7067,282;7072,280;7076,280;7080,264;7085,270;7089,254;7093,266;7098,252;7102,278;7106,262;7111,238;7115,280;7120,278;7124,290;7128,276;7133,274;7137,262;7141,278;7146,264;7150,276;7154,260;7159,266;7163,292;7167,248;7172,276;7176,260;7181,286;7185,250;7189,276;7194,248;7198,272;) of size 460\r\nSTEPPER: Moving to mstep: 5200 with speed [msteps/sec]: 4000 in SpreadCycle.\r\n'), 14:17:18
bytearray(b'STEPPER: Moved 2000.00 msteps (ramp: 35%) in 699.756 ms -> average speed [msteps/sec]: 2858.14\r\nSTEPPER: Moving to mstep: 7200 with speed [msteps/sec]: 1000 in StealthChop.\r\n'), 14:17:19
bytearray(b'STEPPER: Estimate 10: [msteps] 6693\r\nSTEPPER: buffer (5200,290;5204,308;5208,280;5213,306;5217,296;5221,308;5226,294;5230,320;5234,292;5239,318;5243,308;5247,306;5252,318;5256,302;5260,316;5265,292;5269,306;5274,288;5278,300;5282,286;5287,312;5291,304;5295,302;5300,314;5304,312;5308,310;5313,308;5317,312;5321,284;5326,310;5330,294;5334,308;5339,300;5343,296;5348,310;5352,294;5356,308;5361,306;5365,310;5369,282;5374,308;5378,292;5382,306;5387,288;5391,294;5395,320;5400,290;5404,318;5408,300;5413,304;5417,290;5422,302;5426,286;5430,314;5435,298;5439,302;5443,300;5448,298;5452,312;5456,294;5461,320;5465,284;5469,310;5474,296;5478,308;5482,292;5487,312;5491,310;5496,308;5500,320;5504,304;5509,316;5513,278;5517,306;5522,276;5526,304;5530,286;5535,314;5539,304;5543,304;5548,316;5552,300;5556,314;5561,290;5565,316;5570,286;5574,300;5578,282;5583,310;5587,314;5591,300;5596,312;5600,296;5604,322;5609,286;5613,312;5617,296;5622,308;5626,278;5631,306;5635,310;5639,294;5644,308;5648,306;5652,304;5657,302;5661,308;5665,292;5670,320;5674,290;5678,316;5683,288;5687,306;5691,320;5696,304;5700,316;5705,302;5709,306;5713,290;5718,302;5722,286;5726,314;5731,284;5735,302;5739,316;5744,300;5748,312;5752,296;5757,302;5761,300;5766,314;5770,284;5774,310;5779,294;5783,298;5787,324;5792,310;5796,308;5800,294;5805,318;5809,296;5813,308;5818,292;5822,304;5826,290;5831,308;5835,320;5840,304;5844,316;5848,300;5853,314;5857,288;5861,318;5866,286;5870,328;5874,298;5879,310;5883,314;5887,298;5892,310;5896,294;5900,308;5905,298;5909,312;5914,296;5918,308;5922,292;5927,306;5931,310;5935,294;5940,308;5944,306;5948,318;5953,302;5957,308;5961,292;5966,318;5970,302;5974,314;5979,312;5983,302;5988,316;5992,300;5996,326;6001,296;6005,316;6009,286;6014,298;6018,284;6022,310;6027,280;6031,298;6035,312;6040,296;6044,322;6048,306;6053,306;6057,294;6062,320;6066,292;6070,318;6075,288;6079,306;6083,318;6088,302;6092,316;6096,300;6101,312;6105,288;6109,314;6114,300;6118,312;6122,282;6127,300;6131,312;6136,296;6140,296;6144,294;6149,320;6153,296;6157,322;6162,294;6166,320;6170,290;6175,316;6179,320;6183,292;6188,318;6192,302;6197,314;6201,290;6205,318;6210,288;6214,300;6218,284;6223,298;6227,318;6231,300;6236,300;6240,298;6244,310;6249,300;6253,314;6257,284;6262,310;6266,282;6271,308;6275,312;6279,298;6284,310;6288,294;6292,294;6297,292;6301,312;6305,296;6310,308;6314,292;6318,306;6323,290;6327,294;6332,322;6336,306;6340,318;6345,302;6349,308;6353,292;6358,318;6362,290;6366,316;6371,286;6375,292;6379,318;6384,302;6388,316;6392,300;6397,306;6401,276;6406,302;6410,286;6414,300;6419,284;6423,304;6427,316;6432,300;6436,312;6440,310;6445,310;6449,286;6453,312;6458,296;6462,310;6466,280;6471,300;6475,312;6480,296;6484,310;6488,308;6493,320;6497,282;6501,310;6506,280;6510,306;6514,290;6519,302;6523,322;6527,306;6532,306;6536,304;6540,302;6545,292;6549,304;6554,290;6558,302;6562,286;6567,312;6571,304;6575,302;6580,314;6584,300;6588,312;6593,274;6597,300;6601,284;6606,298;6610,282;6614,308;6619,280;6623,298;6628,312;6632,296;6636,308;6641,306;6645,312;6649,282;6654,308;6658,278;6662,306;6667,276;6671,280;6675,294;6680,278;6684,290;6689,276;6693,294;6697,278;6702,276;6706,274;6710,288;6715,272;6719,262;6723,290;6728,274;6732,288;6736,258;6741,276;6745,248;6749,274;6754,258;6758,270;6763,254;6767,260;6771,272;6776,258;6780,284;6784,254;6789,282;6793,258;6797,272;6802,256;6806,282;6810,252;6815,258;6819,298;6824,282;6828,296;6832,266;6837,280;6841,242;6845,270;6850,252;6854,294;6858,250;6863,254;6867,282;6871,266;6876,280;6880,264;6884,290;6889,252;6893,266;6898,250;6902,276;6906,262;6911,260;6915,294;6919,278;6924,290;6928,276;6932,288;6937,252;6941,278;6945,248;6950,276;6954,246;6958,272;6963,292;6967,262;6972,274;6976,244;6980,272;6985,270;6989,290;6993,274;6998,288;7002,258;7006,284;7011,254;7015,258;7019,286;7024,256;7028,284;7032,268;7037,272;7041,256;7046,284;7050,254;7054,280;7059,252;7063,256;7067,284;7072,254;7076,280;7080,266;7085,270;7089,254;7093,268;7098,266;7102,278;7106,248;7111,268;7115,280;7120,264;7124,292;7128,264;7133,290;7137,252;7141,264;7146,248;7150,262;7154,246;7159,266;7163,278;7167,248;7172,262;7176,246;7181,274;7185,264;7189,278;7194,248;7198,276;) of size 460\r\nSTEPPER: Final estimate: [mstep] 6676\r\nFound dispense position: [\xc2\xb5m] 33360\r\nreturn;find;6672\r\n\xef\xbf\xbdreceived from UR: find -> find (0,1)\r\nSTEPPER: Moving to mstep: 5200 with speed [msteps/sec]: 4000 in SpreadCycle.\r\n'), 14:17:21
bytearray(b'STEPPER: Moved 2000.00 msteps (ramp: 35%) in 699.764 ms -> average speed [msteps/sec]: 2858.11\r\nSTEPPER: Moving to mstep: 7200 with speed [msteps/sec]: 1000 in StealthChop.\r\n'), 14:17:22
bytearray(b'STEPPER: Estimate 1: [msteps] 6675\r\nSTEPPER: buffer (5200,286;5204,306;5208,290;5213,318;5217,294;5221,308;5226,292;5230,304;5234,304;5239,316;5243,308;5247,292;5252,306;5256,302;5260,316;5265,292;5269,306;5274,290;5278,318;5282,302;5287,314;5291,306;5295,304;5300,316;5304,302;5308,314;5313,300;5317,304;5321,288;5326,316;5330,300;5334,312;5339,304;5343,290;5348,302;5352,300;5356,312;5361,284;5365,302;5369,300;5374,314;5378,298;5382,312;5387,296;5391,286;5395,312;5400,296;5404,324;5408,294;5413,300;5417,298;5422,310;5426,296;5430,308;5435,292;5439,312;5443,310;5448,294;5452,306;5456,292;5461,304;5465,296;5469,322;5474,306;5478,306;5483,290;5487,294;5491,308;5496,292;5500,304;5504,302;5509,314;5513,306;5517,318;5522,302;5526,302;5530,300;5535,314;5539,318;5543,288;5548,300;5552,300;5557,312;5561,302;5565,316;5570,300;5574,312;5578,296;5583,310;5587,314;5591,286;5596,312;5600,296;5604,310;5609,300;5613,312;5617,282;5622,310;5626,294;5631,320;5635,312;5639,310;5644,322;5648,306;5652,320;5657,304;5661,324;5665,280;5670,306;5674,306;5678,318;5683,302;5687,294;5692,306;5696,306;5700,318;5705,300;5709,308;5713,292;5718,304;5722,302;5726,316;5731,298;5735,290;5739,316;5744,300;5748,314;5752,284;5757,304;5761,302;5766,314;5770,300;5774,310;5779,296;5783,288;5787,314;5792,300;5796,312;5800,296;5805,310;5809,286;5813,312;5818,298;5822,310;5826,294;5831,300;5835,312;5840,298;5844,310;5848,294;5853,308;5857,298;5861,326;5866,294;5870,322;5874,292;5879,306;5883,310;5887,294;5892,306;5896,292;5900,304;5905,294;5909,320;5914,292;5918,316;5922,302;5927,302;5931,308;5935,290;5940,304;5944,288;5948,300;5953,298;5957,318;5961,302;5966,314;5970,298;5974,310;5979,294;5983,300;5988,310;5992,296;5996,308;6001,292;6005,312;6009,296;6014,308;6018,278;6022,306;6027,290;6031,294;6035,308;6040,292;6044,304;6049,302;6053,322;6057,294;6062,320;6066,290;6070,316;6075,302;6079,292;6083,304;6088,302;6092,316;6096,300;6101,312;6105,288;6109,300;6114,286;6118,312;6123,296;6127,302;6131,314;6136,298;6140,312;6144,282;6149,308;6153,300;6157,312;6162,310;6166,310;6170,308;6175,284;6179,312;6183,296;6188,308;6192,292;6197,306;6201,296;6205,308;6210,292;6214,320;6218,290;6223,302;6227,306;6231,292;6236,306;6240,290;6244,302;6249,292;6253,306;6258,302;6262,318;6266,300;6271,314;6275,304;6279,302;6284,302;6288,286;6292,298;6297,298;6301,302;6305,300;6310,314;6314,296;6318,310;6323,294;6327,300;6332,312;6336,294;6340,308;6345,292;6349,312;6353,296;6358,310;6362,308;6366,306;6371,290;6375,294;6379,308;6384,292;6388,304;6392,290;6397,310;6401,292;6406,318;6410,302;6414,302;6419,286;6423,292;6427,318;6432,288;6436,302;6440,298;6445,312;6449,302;6453,316;6458,298;6462,312;6467,296;6471,300;6475,312;6480,298;6484,296;6488,294;6493,306;6497,298;6501,310;6506,294;6510,308;6514,292;6519,304;6523,310;6527,294;6532,320;6536,304;6541,316;6545,280;6549,306;6554,290;6558,316;6562,302;6567,300;6571,304;6575,290;6580,302;6584,286;6588,314;6593,290;6597,302;6601,302;6606,314;6610,298;6615,310;6619,314;6623,300;6628,312;6632,298;6636,298;6641,294;6645,314;6649,298;6654,310;6658,294;6662,306;6667,298;6671,282;6675,294;6680,250;6684,292;6689,288;6693,280;6697,278;6702,276;6706,260;6710,274;6715,244;6719,276;6723,288;6728,258;6732,286;6736,270;6741,274;6745,258;6750,270;6754,270;6758,280;6763,266;6767,272;6771,284;6776,270;6780,282;6784,266;6789,292;6793,254;6797,282;6802,252;6806,280;6810,236;6815,284;6819,282;6824,266;6828,278;6832,264;6837,290;6841,254;6845,280;6850,250;6854,276;6858,262;6863,238;6867,294;6871,278;6876,292;6880,276;6884,288;6889,252;6893,278;6898,248;6902,276;6906,260;6911,274;6915,292;6919,276;6924,290;6928,260;6932,288;6937,278;6941,276;6945,276;6950,274;6954,272;6958,270;6963,290;6967,274;6972,272;6976,228;6980,284;6985,260;6989,274;6993,256;6998,270;7002,254;7006,268;7011,286;7015,270;7019,282;7024,254;7028,280;7033,280;7037,284;7041,268;7046,282;7050,252;7054,278;7059,234;7063,268;7067,280;7072,252;7076,264;7080,234;7085,282;7089,266;7093,278;7098,264;7102,262;7107,260;7111,252;7115,278;7120,276;7124,276;7128,274;7133,286;7137,262;7141,290;7146,274;7150,272;7154,256;7159,248;7163,274;7167,230;7172,286;7176,270;7181,282;7185,260;7189,272;7194,256;7198,270;) of size 460\r\nSTEPPER: Moving to mstep: 5200 with speed [msteps/sec]: 4000 in SpreadCycle.\r\n'), 14:17:24
bytearray(b'STEPPER: Moved 2000.00 msteps (ramp: 35%) in 699.764 ms -> average speed [msteps/sec]: 2858.11\r\nSTEPPER: Moving to mstep: 7200 with speed [msteps/sec]: 1000 in StealthChop.\r\n'), 14:17:25
bytearray(b'STEPPER: Estimate 2: [msteps] 6675\r\nSTEPPER: buffer (5200,290;5204,306;5208,292;5213,304;5217,296;5221,308;5226,306;5230,306;5234,304;5239,318;5243,308;5247,294;5252,306;5256,290;5260,304;5265,294;5269,322;5274,290;5278,318;5282,302;5287,316;5291,306;5295,306;5300,318;5304,288;5308,316;5313,300;5317,306;5321,304;5326,304;5330,302;5334,316;5339,306;5343,304;5348,318;5352,290;5356,316;5361,300;5365,306;5369,290;5374,316;5378,288;5382,314;5387,286;5391,304;5395,316;5400,288;5404,314;5408,300;5413,312;5417,288;5422,314;5426,300;5430,312;5435,282;5439,316;5443,314;5448,300;5452,312;5456,298;5461,310;5465,286;5469,314;5474,298;5478,310;5482,282;5487,302;5491,314;5496,312;5500,312;5504,310;5509,322;5513,286;5517,312;5522,284;5526,310;5530,296;5535,308;5539,314;5543,298;5548,310;5552,296;5556,308;5561,300;5565,312;5570,298;5574,324;5578,294;5583,308;5587,312;5591,298;5596,310;5600,294;5604,322;5609,306;5613,312;5617,282;5622,310;5626,278;5630,306;5635,312;5639,296;5644,310;5648,294;5652,308;5657,306;5661,312;5665,296;5670,308;5674,294;5678,306;5683,304;5687,296;5691,308;5696,294;5700,306;5705,306;5709,312;5713,294;5718,308;5722,294;5726,320;5731,290;5735,296;5739,308;5744,292;5748,306;5752,292;5757,318;5761,294;5765,308;5770,292;5774,304;5779,304;5783,280;5787,308;5792,292;5796,318;5800,304;5805,316;5809,292;5813,306;5818,290;5822,302;5826,286;5831,292;5835,304;5840,300;5844,314;5848,300;5853,312;5857,288;5861,316;5866,286;5870,312;5874,296;5879,310;5883,314;5887,298;5892,312;5896,296;5900,310;5905,286;5909,312;5914,284;5918,310;5922,296;5927,308;5931,314;5935,300;5940,312;5944,284;5948,310;5953,296;5957,302;5961,300;5966,312;5970,296;5974,310;5979,294;5983,300;5988,312;5992,298;5996,312;6001,296;6005,314;6009,286;6014,298;6018,284;6022,310;6027,280;6031,300;6035,312;6040,298;6044,310;6048,310;6053,322;6057,300;6062,312;6066,298;6070,324;6075,310;6079,300;6083,314;6088,298;6092,310;6096,310;6101,310;6105,286;6109,312;6114,298;6118,310;6122,280;6127,300;6131,314;6136,298;6140,310;6144,282;6149,308;6153,298;6157,312;6162,298;6166,308;6170,294;6175,308;6179,312;6183,298;6188,312;6192,296;6196,308;6201,286;6205,312;6210,298;6214,310;6218,296;6223,308;6227,314;6231,298;6236,310;6240,310;6244,310;6249,286;6253,312;6257,284;6262,310;6266,294;6271,308;6275,314;6279,284;6284,310;6288,296;6292,308;6297,294;6301,298;6305,296;6310,310;6314,294;6318,308;6323,292;6327,298;6331,310;6336,294;6340,308;6345,294;6349,312;6353,298;6358,310;6362,296;6366,322;6371,294;6375,298;6379,312;6384,296;6388,322;6392,294;6397,318;6401,282;6405,310;6410,294;6414,308;6419,292;6423,312;6427,326;6432,310;6436,324;6440,280;6445,308;6449,284;6453,312;6458,282;6462,324;6466,294;6471,286;6475,312;6480,296;6484,310;6488,310;6493,308;6497,298;6501,312;6506,296;6510,310;6514,280;6519,308;6523,312;6527,298;6532,310;6536,296;6540,308;6545,286;6549,312;6554,298;6558,312;6562,296;6567,308;6571,314;6575,286;6580,312;6584,284;6588,310;6593,280;6597,312;6601,298;6606,310;6610,280;6614,308;6619,294;6623,298;6628,310;6632,296;6636,308;6641,294;6645,312;6649,298;6654,310;6658,296;6662,308;6667,280;6671,284;6675,298;6680,268;6684,282;6688,280;6693,286;6697,270;6702,268;6706,252;6710,266;6715,264;6719,270;6723,284;6728,240;6732,282;6736,280;6741,272;6745,256;6749,284;6754,254;6758,280;6762,266;6767,230;6771,284;6776,270;6780,282;6784,266;6789,280;6793,270;6797,284;6802,268;6806,296;6810,266;6815,258;6819,284;6823,240;6828,282;6832,282;6837,294;6841,258;6845,270;6850,270;6854,284;6858,266;6863,258;6867,270;6871,242;6876,282;6880,282;6884,294;6889,258;6893,284;6897,256;6902,268;6906,254;6911,266;6915,286;6919,270;6924,284;6928,270;6932,282;6937,260;6941,272;6945,272;6950,284;6954,254;6958,266;6963,286;6967,258;6971,270;6976,256;6980,282;6985,268;6989,272;6993,258;6998,284;7002,268;7006,282;7011,254;7015,272;7019,300;7024,270;7028,282;7032,282;7037,272;7041,272;7045,284;7050,268;7054,282;7059,252;7063,272;7067,284;7072,254;7076,268;7080,266;7085,270;7089,270;7093,268;7098,254;7102,280;7106,266;7111,286;7115,284;7119,282;7124,282;7128,266;7133,278;7137,270;7141,282;7146,268;7150,280;7154,264;7159,226;7163,282;7167,268;7172,280;7176,264;7180,276;7185,254;7189,266;7194,264;7198,262;) of size 460\r\nSTEPPER: Moving to mstep: 5200 with speed [msteps/sec]: 4000 in SpreadCycle.\r\n'), 14:17:28
bytearray(b'STEPPER: Moved 2000.00 msteps (ramp: 35%) in 699.764 ms -> average speed [msteps/sec]: 2858.11\r\nSTEPPER: Moving to mstep: 7200 with speed [msteps/sec]: 1000 in StealthChop.\r\n'), 14:17:28
bytearray(b'STEPPER: Estimate 3: [msteps] 6654\r\nSTEPPER: buffer (5200,292;5204,312;5208,268;5213,310;5217,300;5221,314;5226,298;5230,310;5234,282;5239,308;5243,312;5247,298;5252,310;5256,296;5260,322;5265,284;5269,310;5274,294;5278,306;5282,292;5287,304;5291,310;5295,308;5300,308;5304,306;5308,318;5313,304;5317,308;5321,292;5326,304;5330,290;5334,302;5339,286;5343,304;5348,318;5352,302;5356,316;5361,300;5365,320;5369,290;5374,304;5378,302;5382,314;5387,286;5391,304;5395,318;5400,302;5404,314;5408,300;5413,304;5417,302;5422,314;5426,300;5430,312;5435,282;5439,302;5443,314;5448,298;5452,312;5456,296;5461,310;5465,286;5469,314;5474,284;5478,310;5482,296;5487,300;5491,314;5496,298;5500,312;5504,296;5509,308;5513,300;5517,312;5522,284;5526,310;5530,294;5535,322;5539,312;5543,298;5548,310;5552,280;5556,308;5561,300;5565,312;5570,310;5574,310;5578,306;5583,320;5587,310;5591,296;5596,322;5600,294;5604,320;5609,282;5613,308;5617,292;5622,306;5626,290;5630,304;5635,308;5639,308;5644,320;5648,304;5652,318;5657,288;5661,322;5665,292;5670,306;5674,302;5678,316;5683,286;5687,306;5691,318;5696,304;5700,316;5705,300;5709,320;5713,290;5718,302;5722,286;5726,314;5731,298;5735,304;5739,316;5744,300;5748,314;5752,298;5757,310;5761,302;5765,314;5770,300;5774,312;5779,310;5783,288;5787,316;5792,300;5796,326;5800,298;5805,324;5809,286;5813,314;5818,298;5822,312;5826,282;5831,302;5835,314;5839,298;5844,312;5848,298;5853,310;5857,286;5861,314;5866,286;5870,312;5874,284;5879,310;5883,302;5887,300;5892,314;5896,298;5900,312;5905,288;5909,300;5914,284;5918,298;5922,282;5927,296;5931,316;5935,300;5940,312;5944,298;5948,310;5953,296;5957,316;5961,286;5966,312;5970,284;5974,312;5979,296;5983,302;5988,316;5992,300;5996,314;6001,298;6005,316;6009,288;6014,316;6018,286;6022,298;6027,284;6031,302;6035,316;6040,286;6044,312;6048,298;6053,310;6057,302;6062,314;6066,300;6070,326;6075,296;6079,302;6083,302;6088,286;6092,314;6096,300;6101,312;6105,288;6109,302;6114,286;6118,314;6122,284;6127,304;6131,316;6136,286;6140,314;6144,298;6149,312;6153,290;6157,302;6162,300;6166,314;6170,298;6175,310;6179,316;6183,288;6188,314;6192,284;6196,312;6201,288;6205,314;6210,286;6214,298;6218,282;6223,296;6227,316;6231,300;6236,312;6240,298;6244,310;6249,288;6253,314;6257,284;6262,312;6266,296;6271,322;6275,312;6279,298;6284,310;6288,280;6292,308;6297,306;6301,312;6305,296;6310,310;6314,294;6318,308;6323,292;6327,298;6331,310;6336,294;6340,308;6345,292;6349,310;6353,296;6358,310;6362,308;6366,306;6371,292;6375,296;6379,310;6384,294;6388,322;6392,292;6397,320;6401,296;6405,310;6410,294;6414,308;6419,292;6423,310;6427,324;6432,308;6436,320;6440,306;6445,304;6449,308;6453,308;6458,292;6462,306;6466,290;6471,296;6475,308;6480,294;6484,320;6488,304;6493,316;6497,292;6501,306;6506,290;6510,302;6514,286;6519,300;6523,318;6527,304;6532,316;6536,300;6540,312;6545,290;6549,302;6554,288;6558,314;6562,284;6567,298;6571,316;6575,300;6580,314;6584,298;6588,312;6593,296;6597,314;6601,284;6606,312;6610,282;6614,308;6619,280;6623,284;6628,312;6632,310;6636,308;6641,306;6645,312;6649,296;6654,310;6658,280;6662,294;6667,278;6671,282;6675,296;6680,280;6684,292;6689,278;6693,282;6697,268;6702,280;6706,264;6710,278;6715,248;6719,282;6723,280;6728,266;6732,278;6736,262;6741,282;6745,266;6749,280;6754,250;6758,276;6763,248;6767,268;6771,282;6776,266;6780,292;6784,278;6789,290;6793,254;6797,280;6802,252;6806,278;6810,264;6815,240;6819,282;6823,278;6828,280;6832,264;6837,276;6841,268;6845,282;6850,266;6854,280;6858,264;6863,256;6867,282;6871,268;6876,282;6880,266;6884,278;6889,256;6893,268;6897,254;6902,280;6906,250;6911,242;6915,284;6919,282;6924,296;6928,266;6932,280;6937,242;6941,284;6945,268;6950,282;6954,266;6958,280;6963,270;6967,254;6971,282;6976,254;6980,266;6985,250;6989,284;6993,256;6998,268;7002,266;7006,280;7011,252;7015,256;7019,284;7024,270;7028,282;7032,266;7037,284;7041,258;7045,270;7050,242;7054,268;7059,252;7063,258;7067,286;7072,256;7076,284;7080,256;7085,274;7089,258;7093,272;7098,256;7102,270;7106,254;7111,232;7115,286;7120,286;7124,284;7128,256;7133,282;7137,244;7141,258;7146,256;7150,282;7154,268;7159,258;7163,286;7167,258;7172,284;7176,254;7180,282;7185,246;7189,272;7194,272;7198,286;) of size 460\r\nSTEPPER: Moving to mstep: 5200 with speed [msteps/sec]: 4000 in SpreadCycle.\r\n'), 14:17:31
bytearray(b'STEPPER: Moved 2000.00 msteps (ramp: 35%) in 699.756 ms -> average speed [msteps/sec]: 2858.14\r\nSTEPPER: Moving to mstep: 7200 with speed [msteps/sec]: 1000 in StealthChop.\r\n'), 14:17:32
bytearray(b'STEPPER: Estimate 4: [msteps] 6689\r\nSTEPPER: buffer (5200,292;5204,306;5208,290;5213,316;5217,292;5221,306;5226,290;5230,316;5234,286;5239,314;5243,304;5247,302;5252,302;5256,300;5260,312;5265,304;5269,316;5274,286;5278,312;5282,298;5287,310;5291,316;5295,300;5300,312;5304,310;5308,310;5313,308;5317,312;5321,282;5326,308;5330,292;5334,304;5339,310;5343,308;5348,320;5352,304;5356,316;5361,300;5365,304;5369,288;5374,316;5378,300;5382,312;5387,298;5391,288;5395,314;5400,298;5404,310;5408,294;5413,300;5417,284;5422,312;5426,294;5430,322;5435,292;5439,296;5443,310;5448,294;5452,306;5456,292;5461,316;5465,294;5469,320;5474,306;5478,318;5482,302;5487,292;5491,306;5496,304;5500,318;5504,302;5509,302;5513,292;5517,304;5522,302;5526,316;5530,300;5535,312;5539,316;5543,302;5548,314;5552,284;5557,312;5561,302;5565,316;5570,314;5574,326;5578,298;5583,310;5587,314;5591,298;5596,312;5600,294;5604,308;5609,292;5613,310;5617,294;5622,322;5626,292;5631,306;5635,310;5639,306;5644,320;5648,304;5652,316;5657,302;5661,320;5665,290;5670,318;5674,288;5678,314;5683,286;5687,304;5691,316;5696,302;5700,314;5705,298;5709,302;5713,288;5718,314;5722,298;5726,312;5731,296;5735,300;5739,312;5744,298;5748,310;5752,294;5757,306;5761,298;5766,310;5770,308;5774,320;5779,306;5783,296;5787,310;5792,292;5796,320;5800,290;5805,304;5809,292;5813,304;5818,288;5822,316;5826,284;5831,304;5835,318;5840,300;5844,314;5848,298;5853,310;5857,302;5861,314;5866,298;5870,312;5874,296;5879,322;5883,300;5887,298;5892,308;5896,308;5900,308;5905,284;5909,310;5914,282;5918,308;5922,292;5927,320;5931,310;5935,294;5940,308;5944,292;5948,318;5953,302;5957,308;5961,292;5966,306;5970,304;5974,318;5979,308;5983,292;5988,320;5992,304;5996,318;6001,288;6005,308;6009,292;6014,306;6018,304;6022,316;6027,302;6031,292;6035,306;6040,304;6044,316;6049,288;6053,306;6057,290;6062,318;6066,302;6070,328;6075,300;6079,290;6083,304;6088,302;6092,314;6096,298;6101,312;6105,286;6109,302;6114,300;6118,312;6123,298;6127,302;6131,314;6136,300;6140,312;6144,284;6149,296;6153,302;6157,314;6162,300;6166,312;6170,296;6175,310;6179,314;6183,300;6188,314;6192,298;6197,310;6201,288;6205,300;6210,286;6214,312;6218,282;6223,310;6227,316;6231,300;6236,312;6240,312;6244,310;6249,286;6253,314;6258,298;6262,324;6266,294;6271,308;6275,312;6279,298;6284,310;6288,294;6292,306;6297,292;6301,310;6305,296;6310,322;6314,292;6318,304;6323,310;6327,294;6332,306;6336,290;6340,302;6345,288;6349,306;6353,306;6358,318;6362,302;6366,316;6371,300;6375,292;6379,318;6384,288;6388,302;6392,286;6397,306;6401,304;6406,318;6410,302;6414,302;6419,286;6423,306;6427,320;6432,290;6436,302;6440,302;6445,314;6449,292;6453,318;6458,302;6462,314;6466,300;6471,292;6475,304;6480,288;6484,302;6488,300;6493,314;6497,302;6501,316;6506,300;6510,300;6514,284;6519,310;6523,316;6527,288;6532,300;6536,286;6540,312;6545,304;6549,316;6554,300;6558,300;6562,298;6567,312;6571,304;6575,288;6580,300;6584,284;6588,312;6593,296;6597,316;6601,300;6606,300;6610,284;6615,310;6619,316;6623,286;6628,300;6632,298;6636,312;6641,296;6645,316;6649,300;6654,312;6658,282;6662,308;6667,294;6671,256;6675,298;6680,282;6684,294;6689,280;6693,284;6697,270;6702,268;6706,266;6710,294;6715,264;6719,270;6723,282;6728,252;6732,294;6736,278;6741,284;6745,268;6749,282;6754,266;6758,280;6763,264;6767,270;6771,282;6776,254;6780,280;6784,236;6789,290;6793,254;6797,280;6802,250;6806,278;6810,248;6815,266;6819,294;6824,278;6828,292;6832,276;6837,288;6841,252;6845,266;6850,250;6854,278;6858,276;6863,238;6867,280;6871,278;6876,288;6880,274;6884,288;6889,252;6893,278;6898,276;6902,274;6906,258;6911,272;6915,290;6919,262;6924,288;6928,272;6932,286;6937,276;6941,274;6945,272;6950,286;6954,256;6958,282;6963,274;6967,230;6972,286;6976,270;6980,282;6985,268;6989,272;6993,256;6998,284;7002,268;7006,280;7011,252;7015,256;7019,284;7024,282;7028,282;7032,266;7037,270;7041,242;7046,268;7050,252;7054,280;7059,264;7063,240;7067,282;7072,268;7076,280;7080,264;7085,270;7089,270;7093,282;7098,266;7102,280;7106,250;7111,256;7115,282;7120,282;7124,280;7128,250;7133,264;7137,270;7141,282;7146,266;7150,280;7154,264;7159,270;7163,282;7167,226;7172,280;7176,280;7180,292;7185,256;7189,268;7194,252;7198,280;) of size 460\r\nSTEPPER: Moving to mstep: 5200 with speed [msteps/sec]: 4000 in SpreadCycle.\r\n'), 14:17:34
bytearray(b'STEPPER: Moved 2000.00 msteps (ramp: 35%) in 699.756 ms -> average speed [msteps/sec]: 2858.14\r\nSTEPPER: Moving to mstep: 7200 with speed [msteps/sec]: 1000 in StealthChop.\r\n'), 14:17:35
bytearray(b'STEPPER: Estimate 5: [msteps] 6654\r\nSTEPPER: buffer (5200,292;5204,308;5208,264;5213,306;5217,296;5221,310;5226,294;5230,322;5234,292;5239,318;5243,310;5247,296;5252,308;5256,306;5260,306;5265,282;5269,308;5274,294;5278,306;5282,290;5287,304;5291,308;5295,308;5300,306;5304,306;5308,318;5313,302;5317,308;5321,292;5326,306;5330,290;5335,304;5339,288;5343,278;5348,306;5352,290;5356,304;5361,302;5365,308;5369,306;5374,304;5378,288;5382,316;5387,286;5391,292;5395,318;5400,304;5404,316;5409,300;5413,308;5417,292;5422,304;5426,288;5430,316;5435,286;5439,304;5443,318;5448,302;5452,314;5456,300;5461,312;5465,288;5469,316;5474,300;5478,312;5483,284;5487,300;5491,314;5496,300;5500,312;5504,310;5509,322;5513,284;5517,300;5522,282;5526,310;5530,280;5535,306;5539,312;5543,310;5548,310;5552,308;5557,306;5561,296;5565,308;5570,294;5574,306;5578,292;5583,318;5587,324;5591,294;5596,320;5600,304;5604,318;5609,294;5613,308;5617,292;5622,306;5626,290;5631,302;5635,322;5639,308;5644,320;5648,304;5652,318;5657,302;5661,322;5665,292;5670,306;5674,290;5678,316;5683,302;5687,308;5691,318;5696,304;5700,316;5705,302;5709,306;5713,290;5718,304;5722,288;5726,302;5731,286;5735,304;5739,318;5744,302;5748,302;5752,300;5757,312;5761,290;5766,316;5770,288;5774,314;5779,298;5783,304;5787,316;5792,300;5796,312;5800,298;5805,310;5809,286;5813,314;5818,286;5822,310;5826,282;5831,300;5835,314;5840,298;5844,312;5848,296;5853,308;5857,298;5861,312;5866,296;5870,324;5874,294;5879,308;5883,312;5887,282;5892,310;5896,294;5900,306;5905,298;5909,310;5914,294;5918,322;5922,292;5927,304;5931,310;5935,294;5940,306;5944,306;5948,304;5953,288;5957,308;5961,306;5966,306;5970,290;5975,304;5979,288;5983,308;5988,320;5992,304;5996,318;6001,302;6005,308;6009,292;6014,306;6018,274;6022,316;6027,286;6031,306;6035,306;6040,302;6044,316;6049,300;6053,306;6057,290;6062,316;6066,288;6070,314;6075,284;6079,304;6083,316;6088,302;6092,314;6096,298;6101,312;6105,288;6109,314;6114,284;6118,310;6123,282;6127,300;6131,312;6136,298;6140,310;6144,296;6149,308;6153,298;6157,312;6162,296;6166,308;6170,292;6175,306;6179,324;6183,294;6188,322;6192,306;6197,318;6201,280;6205,308;6210,292;6214,304;6218,288;6223,300;6227,320;6231,304;6236,318;6240,302;6244,316;6249,278;6253,304;6257,288;6262,316;6266,286;6271,312;6275,318;6279,302;6284,300;6288,300;6292,312;6297,310;6301,302;6305,286;6310,314;6314,284;6318,312;6323,282;6327,302;6331,314;6336,300;6340,312;6345,296;6349,302;6353,300;6358,314;6362,298;6366,312;6371,296;6375,288;6379,314;6384,300;6388,312;6392,296;6397,302;6401,286;6406,300;6410,284;6414,298;6419,280;6423,302;6427,314;6432,312;6436,312;6440,310;6445,322;6449,286;6453,312;6458,284;6462,310;6466,294;6471,286;6475,312;6480,310;6484,324;6488,296;6493,308;6497,286;6501,312;6506,298;6510,310;6514,282;6519,308;6523,314;6527,298;6532,310;6536,296;6540,308;6545,272;6549,312;6554,296;6558,310;6562,294;6567,320;6571,312;6575,296;6580,310;6584,294;6588,320;6593,284;6597,298;6601,282;6606,296;6610,280;6614,308;6619,314;6623,298;6628,308;6632,294;6636,308;6641,292;6645,312;6649,296;6654,308;6658,280;6662,306;6667,276;6671,282;6675,294;6680,252;6684,292;6688,278;6693,282;6697,280;6702,280;6706,264;6710,276;6715,260;6719,266;6723,280;6728,262;6732,290;6736,262;6741,280;6745,264;6749,276;6754,262;6758,274;6762,258;6767,264;6771,290;6776,276;6780,288;6784,260;6789,286;6793,262;6797,276;6802,260;6806,288;6810,258;6815,278;6819,290;6823,274;6828,288;6832,272;6837,286;6841,260;6845,290;6850,260;6854,274;6858,258;6863,264;6867,276;6871,262;6876,288;6880,258;6884,286;6889,248;6893,276;6897,260;6902,272;6906,244;6911,234;6915,290;6919,276;6924,288;6928,274;6932,286;6937,264;6941,290;6945,248;6950,274;6954,258;6958,272;6963,278;6967,262;6972,290;6976,262;6980,274;6985,230;6989,278;6993,262;6998,276;7002,260;7006,274;7011,244;7015,264;7019,292;7024,276;7028,288;7032,274;7037,278;7041,264;7046,276;7050,260;7054,274;7059,258;7063,236;7067,262;7072,260;7076,288;7080,258;7085,278;7089,248;7093,276;7098,274;7102,274;7106,272;7111,248;7115,290;7120,274;7124,288;7128,272;7133,286;7137,248;7141,276;7146,246;7150,260;7154,258;7159,262;7163,276;7167,246;7172,288;7176,258;7180,286;7185,248;7189,276;7194,246;7198,274;) of size 460\r\nSTEPPER: Moving to mstep: 5200 with speed [msteps/sec]: 4000 in SpreadCycle.\r\n'), 14:17:37
bytearray(b'STEPPER: Moved 2000.00 msteps (ramp: 35%) in 699.756 ms -> average speed [msteps/sec]: 2858.14\r\nSTEPPER: Moving to mstep: 7200 with speed [msteps/sec]: 1000 in StealthChop.\r\n'), 14:17:38
bytearray(b'STEPPER: Estimate 6: [msteps] 6675\r\nSTEPPER: buffer (5200,288;5204,310;5208,294;5213,308;5217,298;5221,312;5226,296;5230,322;5234,294;5239,322;5243,312;5247,296;5252,308;5256,294;5260,306;5265,298;5269,312;5274,296;5278,308;5282,292;5287,306;5291,312;5295,310;5300,308;5304,294;5308,320;5313,304;5317,310;5321,294;5326,320;5330,290;5334,304;5339,310;5343,308;5348,306;5352,290;5356,304;5361,288;5365,308;5369,292;5374,320;5378,290;5382,304;5387,288;5391,294;5395,320;5400,276;5404,316;5408,302;5413,306;5417,306;5422,304;5426,290;5430,316;5435,286;5439,306;5443,318;5448,302;5452,316;5456,286;5461,312;5465,290;5469,316;5474,300;5478,312;5482,296;5487,288;5491,316;5496,300;5500,312;5504,310;5509,310;5513,286;5517,312;5522,282;5526,310;5530,294;5535,320;5539,312;5543,296;5548,308;5552,292;5556,306;5561,296;5565,308;5570,294;5574,306;5578,292;5583,304;5587,322;5591,306;5596,318;5600,290;5604,316;5609,292;5613,306;5617,290;5622,304;5626,288;5631,314;5635,306;5639,304;5644,316;5648,300;5652,314;5657,298;5661,318;5665,288;5670,328;5674,300;5678,326;5683,298;5687,302;5691,314;5696,298;5700,312;5705,310;5709,316;5713,286;5718,314;5722,298;5726,310;5731,294;5735,300;5739,312;5744,284;5748,308;5752,308;5757,306;5761,312;5766,310;5770,296;5774,322;5779,292;5783,298;5787,310;5792,296;5796,322;5800,306;5805,320;5809,296;5813,308;5818,292;5822,320;5826,290;5831,296;5835,322;5840,278;5844,304;5848,304;5853,316;5857,306;5861,320;5866,290;5870,304;5874,288;5879,328;5883,306;5887,304;5892,316;5896,288;5900,314;5905,292;5909,304;5914,288;5918,316;5922,286;5927,314;5931,318;5935,304;5940,316;5944,286;5948,314;5953,298;5957,318;5961,302;5966,314;5970,300;5974,314;5979,296;5983,302;5988,314;5992,300;5996,326;6001,296;6005,300;6009,286;6014,312;6018,296;6022,310;6027,294;6031,300;6035,312;6040,312;6044,324;6048,308;6053,312;6057,284;6062,310;6066,294;6070,306;6075,292;6079,310;6083,308;6088,294;6092,306;6096,304;6101,316;6105,292;6109,306;6114,278;6118,304;6123,288;6127,308;6131,320;6136,276;6140,304;6144,302;6149,314;6153,304;6157,304;6162,302;6166,300;6170,298;6175,290;6179,304;6183,288;6188,314;6192,300;6197,314;6201,290;6205,302;6210,288;6214,300;6218,298;6223,312;6227,318;6231,288;6236,316;6240,300;6244,314;6249,290;6253,318;6258,288;6262,316;6266,300;6271,312;6275,304;6279,304;6284,316;6288,300;6292,314;6297,298;6301,304;6305,288;6310,316;6314,288;6318,314;6323,306;6327,290;6332,304;6336,290;6340,302;6345,286;6349,306;6353,306;6358,318;6362,290;6366,316;6371,288;6375,308;6379,320;6384,292;6388,318;6392,302;6397,308;6401,294;6406,320;6410,290;6414,316;6419,288;6423,292;6427,306;6432,292;6436,318;6440,302;6445,316;6449,292;6453,320;6458,290;6462,316;6466,302;6471,292;6475,306;6480,304;6484,316;6488,288;6493,302;6497,290;6501,304;6506,302;6510,302;6514,300;6519,312;6523,304;6527,316;6532,314;6536,300;6540,312;6545,304;6549,316;6554,288;6558,314;6562,298;6567,312;6571,302;6575,300;6580,314;6584,296;6588,312;6593,288;6597,300;6601,286;6606,312;6610,282;6615,310;6619,316;6623,286;6628,314;6632,298;6636,310;6641,310;6645,316;6649,286;6654,312;6658,296;6662,298;6667,280;6671,286;6675,298;6680,282;6684,282;6689,252;6693,286;6697,270;6702,284;6706,254;6710,266;6715,266;6719,270;6723,282;6728,268;6732,280;6736,266;6741,270;6745,270;6749,282;6754,268;6758,280;6763,264;6767,270;6771,282;6776,268;6780,294;6784,278;6789,270;6793,282;6797,282;6802,266;6806,292;6810,264;6815,268;6819,282;6824,280;6828,280;6832,250;6837,292;6841,268;6845,282;6850,252;6854,280;6858,250;6863,240;6867,280;6871,280;6876,292;6880,276;6884,290;6889,254;6893,266;6898,264;6902,276;6906,260;6911,274;6915,280;6919,236;6924,290;6928,290;6932,288;6937,266;6941,278;6945,276;6950,276;6954,260;6958,288;6963,278;6967,250;6972,276;6976,260;6980,288;6985,272;6989,278;6993,262;6998,276;7002,260;7006,288;7011,278;7015,276;7019,290;7024,274;7028,274;7032,244;7037,276;7041,260;7046,288;7050,244;7054,272;7059,256;7063,232;7067,288;7072,272;7076,286;7080,270;7085,276;7089,260;7093,272;7098,270;7102,284;7106,254;7111,272;7115,272;7120,256;7124,270;7128,268;7133,280;7137,256;7141,270;7146,270;7150,282;7154,254;7159,272;7163,270;7167,242;7172,268;7176,254;7181,280;7185,256;7189,270;7194,268;7198,282;) of size 460\r\nSTEPPER: Moving to mstep: 5200 with speed [msteps/sec]: 4000 in SpreadCycle.\r\n'), 14:17:40
bytearray(b'STEPPER: Moved 2000.00 msteps (ramp: 35%) in 699.756 ms -> average speed [msteps/sec]: 2858.14\r\nSTEPPER: Moving to mstep: 7200 with speed [msteps/sec]: 1000 in StealthChop.\r\n'), 14:17:41
bytearray(b'STEPPER: Estimate 7: [msteps] 6675\r\nSTEPPER: buffer (5200,296;5204,308;5208,280;5213,308;5217,298;5221,310;5226,296;5230,308;5234,292;5239,320;5243,312;5247,296;5252,308;5256,294;5260,306;5265,298;5269,324;5274,294;5278,308;5282,292;5287,320;5291,312;5295,296;5300,308;5304,308;5308,308;5313,292;5317,310;5321,296;5326,308;5330,306;5334,320;5339,304;5343,296;5348,308;5352,292;5356,306;5361,290;5365,310;5369,294;5374,320;5378,306;5382,318;5387,302;5391,292;5395,320;5400,304;5404,316;5408,286;5413,306;5417,292;5422,318;5426,302;5430,316;5435,300;5439,292;5443,304;5448,302;5452,302;5456,286;5461,314;5465,290;5469,316;5474,288;5478,314;5482,298;5487,304;5491,302;5496,302;5500,314;5504,300;5509,312;5513,302;5517,314;5522,286;5526,312;5530,298;5535,310;5539,302;5543,286;5548,312;5552,298;5557,310;5561,288;5565,314;5570,298;5574,312;5578,296;5583,322;5587,314;5591,298;5596,326;5600,296;5604,310;5609,288;5613,314;5617,300;5622,312;5626,296;5631,310;5635,316;5639,300;5644,314;5648,298;5652,310;5657,296;5661,316;5665,300;5670,326;5674,298;5678,310;5683,296;5687,300;5691,314;5696,298;5700,312;5705,296;5709,316;5713,300;5718,314;5722,298;5726,312;5731,296;5735,302;5739,316;5744,286;5748,312;5752,284;5757,310;5761,302;5766,314;5770,300;5774,312;5779,296;5783,302;5787,314;5792,286;5796,312;5800,296;5805,310;5809,300;5813,314;5818,298;5822,312;5826,296;5831,300;5835,314;5840,286;5844,312;5848,296;5853,310;5857,300;5861,328;5866,298;5870,312;5874,296;5879,308;5883,314;5887,298;5892,298;5896,296;5900,308;5905,298;5909,312;5914,298;5918,310;5922,294;5927,308;5931,312;5935,298;5940,310;5944,296;5948,308;5953,294;5957,312;5961,310;5966,310;5970,294;5974,320;5979,306;5983,296;5988,310;5992,294;5996,308;6001,294;6005,312;6009,296;6014,308;6018,292;6022,306;6027,304;6031,294;6035,308;6040,292;6044,306;6048,304;6053,316;6057,294;6062,320;6066,290;6070,316;6075,302;6079,292;6083,304;6088,290;6092,316;6096,302;6101,314;6105,292;6109,304;6114,288;6118,302;6123,300;6127,292;6131,304;6136,290;6140,316;6144,302;6149,314;6153,306;6157,304;6162,302;6166,316;6170,300;6175,292;6179,304;6183,290;6188,316;6192,302;6197,314;6201,292;6205,304;6210,288;6214,302;6218,300;6223,314;6227,304;6231,290;6236,316;6240,300;6244,312;6249,304;6253,316;6258,288;6262,314;6266,298;6271,326;6275,302;6279,288;6284,314;6288,298;6292,312;6297,298;6301,302;6305,286;6310,314;6314,298;6318,310;6323,282;6327,302;6332,314;6336,300;6340,312;6345,296;6349,302;6353,302;6358,314;6362,300;6366,312;6371,298;6375,288;6379,314;6384,300;6388,312;6392,284;6397,304;6401,288;6406,316;6410,300;6414,312;6419,298;6423,290;6427,316;6432,300;6436,314;6440,298;6445,298;6449,290;6453,316;6458,300;6462,328;6466,300;6471,290;6475,304;6480,302;6484,302;6488,288;6493,300;6497,292;6501,304;6506,290;6510,318;6514,302;6519,302;6523,308;6527,292;6532,306;6536,290;6541,304;6545,296;6549,308;6554,296;6558,322;6562,292;6567,306;6571,312;6575,296;6580,310;6584,294;6588,308;6593,286;6597,298;6601,284;6606,310;6610,282;6615,308;6619,314;6623,300;6628,312;6632,298;6636,310;6641,296;6645,314;6649,286;6654,314;6658,284;6662,298;6667,302;6671,286;6675,298;6680,284;6684,284;6689,270;6693,276;6697,260;6702,274;6706,258;6710,284;6715,256;6719,264;6723,288;6728,274;6732,288;6736,272;6741,264;6745,264;6750,276;6754,260;6758,274;6763,260;6767,236;6771,278;6776,276;6780,290;6784,274;6789,288;6793,250;6797,278;6802,264;6806,288;6810,260;6815,278;6819,292;6824,262;6828,290;6832,274;6837,286;6841,264;6845,292;6850,262;6854,288;6858,260;6863,286;6867,290;6871,262;6876,288;6880,244;6884,286;6889,274;6893,290;6898,276;6902,288;6906,272;6911,286;6915,290;6919,276;6924,288;6928,244;6932,286;6937,264;6941,276;6945,260;6950,274;6954,258;6958,270;6963,290;6967,260;6972,288;6976,272;6980,272;6985,228;6989,276;6993,260;6998,274;7002,256;7006,284;7011,276;7015,232;7019,288;7024,272;7028,286;7032,284;7037,274;7041,232;7046,286;7050,270;7054,284;7059,268;7063,260;7067,272;7072,230;7076,284;7080,284;7085,274;7089,260;7093,272;7098,258;7102,270;7107,256;7111,276;7115,288;7120,258;7124,272;7128,228;7133,284;7137,260;7141,272;7146,258;7150,270;7154,270;7159,274;7163,288;7167,272;7172,286;7176,256;7181,282;7185,260;7189,288;7194,258;7198,272;) of size 460\r\nSTEPPER: Moving to mstep: 5200 with speed [msteps/sec]: 4000 in SpreadCycle.\r\n'), 14:17:44
bytearray(b'STEPPER: Moved 2000.00 msteps (ramp: 35%) in 699.756 ms -> average speed [msteps/sec]: 2858.14\r\nSTEPPER: Moving to mstep: 7200 with speed [msteps/sec]: 1000 in StealthChop.\r\n'), 14:17:44
bytearray(b'STEPPER: Estimate 8: [msteps] 6684\r\nSTEPPER: buffer (5200,288;5204,310;5208,280;5213,308;5217,300;5221,300;5226,284;5230,310;5234,296;5239,322;5243,314;5247,298;5252,312;5256,296;5260,308;5265,300;5269,312;5274,298;5278,310;5282,296;5287,322;5291,300;5295,298;5300,312;5304,310;5308,308;5313,292;5317,312;5321,296;5326,310;5330,294;5334,320;5339,306;5343,296;5348,310;5352,294;5356,308;5361,278;5365,310;5369,296;5374,308;5378,294;5382,306;5387,290;5391,296;5395,324;5400,308;5404,320;5408,290;5413,310;5417,296;5422,308;5426,294;5430,320;5435,304;5439,296;5443,310;5448,294;5452,306;5456,292;5461,304;5465,296;5469,308;5474,306;5478,320;5482,304;5487,296;5491,308;5496,308;5500,308;5504,292;5509,304;5513,294;5517,308;5522,294;5526,320;5530,304;5535,304;5539,310;5543,308;5548,308;5552,292;5557,304;5561,296;5565,310;5570,308;5574,322;5578,306;5583,306;5587,312;5591,296;5596,324;5600,294;5604,308;5609,292;5613,312;5617,298;5622,310;5626,296;5631,308;5635,314;5639,298;5644,312;5648,296;5652,310;5657,294;5661,314;5665,298;5670,326;5674,296;5678,308;5683,292;5687,298;5692,310;5696,296;5700,308;5705,294;5709,312;5713,296;5718,310;5722,294;5726,308;5731,292;5735,298;5739,310;5744,294;5748,308;5752,292;5757,306;5761,298;5766,310;5770,308;5774,308;5779,292;5783,298;5787,310;5792,294;5796,308;5800,294;5805,320;5809,298;5813,310;5818,294;5822,308;5826,292;5831,298;5835,312;5840,296;5844,308;5848,294;5853,306;5857,298;5861,326;5866,296;5870,308;5874,294;5879,308;5883,312;5887,298;5892,298;5896,296;5900,308;5905,300;5909,314;5914,298;5918,312;5922,296;5927,310;5931,314;5935,286;5940,312;5944,298;5948,310;5953,296;5957,312;5961,300;5966,312;5970,298;5974,312;5979,316;5983,286;5988,314;5992,298;5996,312;6001,296;6005,316;6009,300;6014,312;6018,298;6022,312;6027,296;6031,302;6035,302;6040,298;6044,312;6049,298;6053,318;6057,302;6062,314;6066,298;6070,312;6075,310;6079,288;6083,300;6088,300;6092,312;6096,312;6101,310;6105,302;6109,300;6114,286;6118,312;6123,296;6127,288;6131,302;6136,300;6140,312;6144,298;6149,310;6153,302;6157,314;6162,298;6166,310;6170,296;6175,286;6179,300;6184,284;6188,312;6192,296;6197,310;6201,298;6205,312;6210,296;6214,308;6218,294;6223,320;6227,310;6231,296;6236,308;6240,306;6244,306;6249,296;6253,310;6258,294;6262,308;6266,306;6271,320;6275,298;6279,296;6284,310;6288,294;6292,306;6297,292;6301,310;6305,296;6310,308;6314,308;6318,320;6323,292;6327,296;6332,308;6336,294;6340,306;6345,278;6349,310;6353,296;6358,308;6362,306;6366,306;6371,304;6375,294;6379,308;6384,292;6388,318;6392,304;6397,310;6401,294;6406,306;6410,292;6414,304;6419,304;6423,294;6427,308;6432,292;6436,306;6440,304;6445,304;6449,294;6453,308;6458,292;6462,318;6466,304;6471,294;6475,308;6480,292;6484,306;6488,290;6493,302;6497,294;6501,306;6506,290;6510,304;6514,300;6519,316;6523,306;6527,290;6532,304;6536,290;6541,302;6545,292;6549,306;6554,290;6558,304;6562,302;6567,302;6571,306;6575,290;6580,304;6584,288;6588,316;6593,288;6597,320;6601,290;6606,302;6610,288;6615,300;6619,306;6623,290;6628,302;6632,288;6636,314;6641,298;6645,318;6649,302;6654,316;6658,286;6662,300;6667,290;6671,260;6676,302;6680,286;6684,300;6689,284;6693,276;6697,274;6702,272;6706,258;6710,270;6715,256;6719,260;6723,288;6728,284;6732,284;6736,270;6741,276;6745,274;6750,272;6754,256;6758,268;6763,254;6767,258;6771,286;6776,270;6780,284;6784,238;6789,280;6793,272;6797,298;6802,268;6806,282;6810,266;6815,286;6819,300;6824,270;6828,282;6832,238;6837,294;6841,258;6845,284;6850,254;6854,282;6858,266;6863,280;6867,284;6871,268;6876,282;6880,238;6884,280;6889,256;6893,270;6898,240;6902,280;6906,266;6911,242;6915,284;6919,268;6924,294;6928,280;6932,292;6937,256;6941,268;6945,252;6950,266;6954,264;6958,278;6963,284;6967,268;6972,282;6976,280;6980,280;6985,256;6989,284;6993,268;6998,282;7002,252;7006,278;7011,284;7015,256;7019,282;7024,238;7028,280;7032,280;7037,270;7041,256;7046,268;7050,254;7054,268;7059,238;7063,270;7067,270;7072,226;7076,282;7080,280;7085,272;7089,270;7093,270;7098,254;7102,268;7107,238;7111,272;7115,286;7120,256;7124,270;7128,226;7133,282;7137,260;7141,272;7146,258;7150,270;7154,270;7159,262;7163,276;7167,246;7172,258;7176,228;7181,284;7185,248;7189,274;7194,246;7198,272;) of size 460\r\nSTEPPER: Moving to mstep: 5200 with speed [msteps/sec]: 4000 in SpreadCycle.\r\n'), 14:17:47
bytearray(b'STEPPER: Moved 2000.00 msteps (ramp: 35%) in 699.764 ms -> average speed [msteps/sec]: 2858.11\r\nSTEPPER: Moving to mstep: 7200 with speed [msteps/sec]: 1000 in StealthChop.\r\n'), 14:17:48
bytearray(b'STEPPER: Estimate 9: [msteps] 6662\r\nSTEPPER: buffer (5200,288;5204,294;5208,278;5213,306;5217,296;5221,310;5226,294;5230,308;5234,292;5239,320;5243,310;5247,294;5252,308;5256,306;5260,306;5265,296;5269,308;5274,292;5278,306;5282,292;5287,304;5291,310;5295,308;5300,322;5304,306;5308,318;5313,282;5317,308;5321,294;5326,306;5330,292;5334,320;5339,310;5343,296;5348,308;5352,306;5356,306;5361,290;5365,310;5369,294;5374,308;5378,294;5382,306;5387,290;5391,298;5395,322;5400,308;5404,308;5408,306;5413,312;5417,296;5422,310;5426,282;5430,308;5435,292;5439,284;5443,310;5448,296;5452,308;5456,294;5461,308;5465,298;5469,312;5474,296;5478,310;5483,294;5487,300;5491,312;5496,298;5500,310;5504,296;5509,322;5513,300;5517,300;5522,284;5526,310;5530,282;5535,308;5539,314;5543,300;5548,312;5552,296;5557,310;5561,300;5565,314;5570,300;5574,312;5578,298;5583,310;5587,316;5591,300;5596,312;5600,284;5604,310;5609,288;5613,302;5617,300;5622,314;5626,298;5631,324;5635,316;5639,302;5644,314;5648,284;5652,312;5657,296;5661,316;5665,298;5670,314;5674,298;5678,326;5683,296;5687,316;5691,314;5696,300;5700,312;5705,312;5709,302;5713,288;5718,314;5722,284;5726,298;5731,282;5735,302;5739,316;5744,300;5748,312;5752,296;5757,302;5761,286;5766,312;5770,284;5774,310;5779,296;5783,300;5787,314;5792,284;5796,310;5800,296;5805,322;5809,270;5813,312;5818,296;5822,310;5826,294;5831,286;5835,312;5840,298;5844,310;5848,294;5853,308;5857,298;5861,312;5866,282;5870,324;5874,294;5879,308;5883,312;5887,312;5892,310;5896,310;5900,322;5905,284;5909,312;5914,282;5918,308;5922,294;5927,320;5931,312;5935,296;5940,308;5944,306;5948,306;5953,290;5957,310;5961,296;5966,306;5970,292;5974,320;5979,310;5983,296;5988,322;5992,306;5996,320;6001,304;6005,310;6009,296;6014,308;6018,280;6022,306;6027,292;6031,298;6035,310;6040,280;6044,308;6049,306;6053,312;6057,298;6062,310;6066,296;6070,322;6075,292;6079,300;6083,312;6088,298;6092,310;6096,310;6101,322;6105,286;6109,314;6114,284;6118,298;6123,282;6127,302;6131,316;6136,300;6140,312;6144,284;6149,310;6153,302;6157,302;6162,300;6166,314;6170,298;6175,312;6179,304;6183,288;6188,314;6192,300;6197,312;6201,290;6205,316;6210,288;6214,302;6218,286;6223,298;6227,306;6231,290;6236,316;6240,288;6244,314;6249,292;6253,318;6257,290;6262,316;6266,288;6271,314;6275,306;6279,304;6284,318;6288,302;6292,316;6297,300;6301,306;6305,290;6310,304;6314,288;6318,302;6323,288;6327,292;6332,306;6336,304;6340,316;6345,302;6349,320;6353,292;6358,304;6362,290;6366,302;6371,288;6375,308;6379,320;6384,292;6388,318;6392,304;6397,308;6401,294;6406,306;6410,292;6414,318;6419,290;6423,296;6427,308;6432,294;6436,304;6440,306;6445,318;6449,296;6453,308;6458,294;6462,320;6466,290;6471,296;6475,310;6480,294;6484,308;6488,292;6493,304;6497,296;6501,308;6506,294;6510,306;6514,290;6519,304;6523,308;6527,294;6532,306;6536,304;6540,316;6545,294;6549,308;6554,292;6558,304;6562,290;6567,316;6571,308;6575,306;6580,320;6584,290;6588,316;6593,302;6597,306;6601,290;6606,304;6610,288;6614,302;6619,286;6623,306;6628,320;6632,304;6636,316;6641,288;6645,320;6649,288;6654,304;6658,276;6662,316;6667,272;6671,278;6675,292;6680,276;6684,288;6689,274;6693,278;6697,264;6702,276;6706,262;6710,274;6715,260;6719,236;6723,292;6728,278;6732,290;6736,276;6741,282;6745,252;6749,280;6754,264;6758,264;6763,262;6767,268;6771,280;6776,280;6780,280;6784,264;6789,276;6793,268;6797,282;6802,266;6806,280;6810,264;6815,270;6819,282;6824,254;6828,280;6832,236;6837,292;6841,256;6845,270;6850,268;6854,280;6858,266;6863,284;6867,284;6871,282;6876,282;6880,266;6884,280;6889,256;6893,270;6898,268;6902,282;6906,266;6911,280;6915,286;6919,270;6924,282;6928,252;6932,280;6937,258;6941,270;6945,256;6950,270;6954,268;6958,268;6963,288;6967,258;6972,286;6976,270;6980,284;6985,268;6989,274;6993,258;6998,258;7002,258;7006,270;7011,274;7015,246;7019,274;7024,230;7028,284;7033,270;7037,274;7041,260;7046,288;7050,244;7054,270;7059,270;7063,262;7067,274;7072,258;7076,256;7080,242;7085,274;7089,260;7093,286;7098,258;7102,270;7107,270;7111,260;7115,272;7120,230;7124,284;7128,270;7133,282;7137,258;7141,272;7146,256;7150,270;7154,268;7159,230;7163,286;7167,270;7172,284;7176,268;7181,296;7185,244;7189,272;7194,256;7198,270;) of size 460\r\nSTEPPER: Moving to mstep: 5200 with speed [msteps/sec]: 4000 in SpreadCycle.\r\n'), 14:17:50
bytearray(b'STEPPER: Moved 2000.00 msteps (ramp: 35%) in 699.764 ms -> average speed [msteps/sec]: 2858.11\r\nSTEPPER: Moving to mstep: 7200 with speed [msteps/sec]: 1000 in StealthChop.\r\n'), 14:17:51
bytearray(b'STEPPER: Estimate 10: [msteps] 6675\r\nSTEPPER: buffer (5200,290;5204,308;5208,264;5213,306;5217,296;5221,310;5226,296;5230,322;5234,292;5239,320;5243,310;5247,296;5252,308;5256,294;5260,306;5265,298;5269,312;5274,296;5278,310;5282,294;5287,306;5291,312;5295,298;5300,310;5304,294;5308,308;5313,292;5317,312;5321,296;5326,310;5330,294;5334,308;5339,292;5343,298;5348,310;5352,296;5356,308;5361,294;5365,314;5369,298;5374,312;5378,296;5382,308;5387,278;5391,298;5395,310;5400,296;5404,322;5408,292;5413,298;5417,296;5422,310;5426,282;5430,308;5435,280;5439,298;5443,310;5448,296;5452,308;5456,294;5461,320;5465,296;5469,310;5474,280;5478,308;5482,292;5487,298;5491,310;5496,296;5500,308;5504,308;5509,320;5513,282;5517,310;5522,294;5526,308;5530,292;5535,306;5539,310;5543,296;5548,308;5552,292;5557,306;5561,296;5565,324;5570,308;5574,322;5578,306;5583,318;5587,312;5591,294;5596,322;5600,306;5604,320;5609,282;5613,310;5617,280;5622,308;5626,292;5631,304;5635,324;5639,310;5644,322;5648,308;5652,320;5657,306;5661,310;5665,296;5670,322;5674,294;5678,308;5683,292;5687,310;5691,310;5696,308;5700,322;5705,306;5709,312;5713,282;5718,308;5722,280;5726,308;5731,292;5735,298;5739,310;5744,294;5748,308;5752,292;5757,320;5761,296;5765,308;5770,294;5774,306;5779,292;5783,298;5787,312;5792,296;5796,308;5800,294;5805,320;5809,298;5813,312;5818,296;5822,308;5826,294;5831,300;5835,312;5840,298;5844,312;5848,296;5853,308;5857,286;5861,314;5866,284;5870,312;5874,296;5879,310;5883,314;5887,298;5892,312;5896,296;5900,310;5905,288;5909,314;5914,284;5918,298;5922,282;5927,310;5931,316;5935,286;5940,312;5944,298;5948,310;5953,294;5957,314;5961,298;5966,312;5970,282;5974,310;5979,316;5983,300;5988,314;5992,298;5996,324;6001,282;6005,314;6009,300;6014,312;6018,298;6022,310;6027,296;6031,300;6035,314;6040,298;6044,312;6049,296;6053,316;6057,286;6062,314;6066,298;6070,312;6075,296;6079,302;6083,314;6088,298;6092,312;6096,296;6101,310;6105,286;6109,300;6114,284;6118,310;6123,294;6127,300;6131,314;6136,298;6140,310;6144,296;6149,308;6153,298;6157,312;6162,296;6166,310;6170,294;6175,320;6179,312;6183,296;6188,324;6192,294;6197,320;6201,284;6205,310;6210,266;6214,308;6218,292;6223,306;6227,310;6231,294;6236,308;6240,294;6244,306;6249,296;6253,324;6257,296;6262,308;6266,292;6271,318;6275,310;6279,296;6284,308;6288,306;6292,306;6297,304;6301,310;6305,280;6310,308;6314,290;6318,318;6323,288;6327,294;6331,306;6336,304;6340,304;6345,302;6349,308;6353,292;6358,306;6362,290;6366,302;6371,286;6375,306;6379,318;6384,290;6388,316;6392,300;6397,314;6401,290;6406,316;6410,288;6414,300;6419,284;6423,304;6427,316;6432,300;6436,314;6440,298;6445,312;6449,288;6453,314;6458,298;6462,312;6466,294;6471,300;6475,312;6480,298;6484,310;6488,308;6493,308;6497,284;6501,310;6506,282;6510,308;6514,292;6519,306;6523,310;6527,308;6532,308;6536,292;6541,304;6545,296;6549,308;6554,294;6558,320;6562,290;6567,302;6571,308;6575,292;6580,306;6584,290;6588,316;6593,278;6597,306;6601,290;6606,304;6610,288;6615,314;6619,320;6623,304;6628,318;6632,302;6636,314;6641,300;6645,318;6649,288;6654,302;6658,286;6662,314;6667,284;6671,276;6675,302;6680,274;6684,286;6689,270;6693,288;6697,260;6702,272;6706,256;6710,284;6715,254;6719,260;6723,286;6728,242;6732,284;6736,284;6741,272;6745,258;6749,272;6754,242;6758,282;6763,268;6767,272;6771,272;6776,240;6780,282;6784,280;6789,292;6793,268;6797,282;6802,252;6806,278;6810,248;6815,268;6819,294;6823,266;6828,278;6832,264;6837,290;6841,252;6845,280;6850,252;6854,278;6858,262;6863,238;6867,280;6871,280;6876,292;6880,278;6884,290;6889,254;6893,268;6898,252;6902,264;6906,250;6911,276;6915,282;6919,266;6924,280;6928,234;6932,290;6937,268;6941,266;6945,264;6950,264;6954,262;6958,276;6963,280;6967,280;6972,292;6976,276;6980,290;6985,252;6989,280;6993,250;6998,264;7002,248;7006,276;7011,282;7015,252;7019,280;7024,264;7028,278;7033,262;7037,266;7041,252;7046,278;7050,248;7054,276;7059,246;7063,252;7067,278;7072,264;7076,290;7080,274;7085,266;7089,252;7093,278;7098,250;7102,276;7107,262;7111,282;7115,294;7120,278;7124,292;7128,248;7133,276;7137,266;7141,264;7146,264;7150,276;7154,262;7159,252;7163,280;7167,262;7172,276;7176,260;7181,274;7185,264;7189,278;7194,262;7198,274;) of size 460\r\nSTEPPER: Final estimate: [mstep] 6671\r\nFound dispense position: [\xc2\xb5m] 33335\r\nreturn;find;6667\r\n\xef\xbf\xbdreceived from UR: find -> find (0,1)\r\nSTEPPER: Moving to mstep: 5200 with speed [msteps/sec]: 4000 in SpreadCycle.\r\n'), 14:17:53
bytearray(b'STEPPER: Moved 2000.00 msteps (ramp: 35%) in 699.764 ms -> average speed [msteps/sec]: 2858.11\r\nSTEPPER: Moving to mstep: 7200 with speed [msteps/sec]: 1000 in StealthChop.\r\n'), 14:17:54
bytearray(b'STEPPER: Estimate 1: [msteps] 6675\r\nSTEPPER: buffer (5200,294;5204,310;5208,280;5213,308;5217,298;5221,310;5226,294;5230,306;5234,292;5239,318;5243,308;5247,292;5252,306;5256,304;5260,316;5265,306;5269,320;5274,290;5278,316;5282,300;5287,314;5291,304;5295,304;5300,316;5304,302;5308,314;5313,298;5317,304;5321,288;5326,314;5330,300;5334,312;5339,304;5343,288;5348,314;5352,300;5356,312;5361,284;5365,302;5369,300;5374,314;5378,298;5382,312;5387,296;5391,286;5395,314;5400,298;5404,310;5408,294;5413,300;5417,286;5422,312;5426,296;5430,310;5435,292;5439,298;5443,310;5448,294;5452,308;5456,292;5461,304;5465,296;5469,322;5474,294;5478,320;5482,304;5487,296;5491,308;5496,294;5500,306;5504,304;5509,302;5513,292;5517,306;5522,304;5526,316;5530,302;5535,314;5539,306;5543,290;5548,316;5552,288;5556,300;5561,304;5565,318;5570,302;5574,316;5578,298;5583,312;5587,318;5591,302;5596,314;5600,298;5604,312;5609,288;5613,314;5617,300;5622,312;5626,294;5631,308;5635,314;5639,298;5644,310;5648,296;5652,308;5657,292;5661,312;5665,310;5670,322;5674,308;5678,306;5683,290;5687,296;5691,308;5696,292;5700,304;5705,302;5709,308;5713,306;5718,318;5722,304;5726,302;5731,288;5735,306;5739,318;5744,290;5748,302;5752,288;5757,306;5761,304;5766,318;5770,302;5774,314;5779,298;5783,304;5787,316;5792,288;5796,314;5800,298;5805,312;5809,304;5813,316;5818,300;5822,312;5826,298;5831,302;5835,316;5840,286;5844,300;5848,296;5853,310;5857,300;5861,328;5866,298;5870,312;5874,296;5879,308;5883,314;5887,298;5892,298;5896,296;5900,308;5905,298;5909,312;5914,296;5918,308;5922,294;5927,306;5931,312;5935,296;5940,310;5944,294;5948,306;5953,292;5957,310;5961,310;5966,308;5970,292;5974,318;5979,310;5983,296;5988,308;5992,292;5996,320;6001,304;6005,310;6009,294;6014,306;6018,292;6022,304;6027,304;6031,294;6035,306;6040,292;6044,304;6048,304;6053,316;6057,294;6062,320;6066,290;6070,316;6075,302;6079,292;6083,306;6088,290;6092,316;6096,302;6101,314;6105,292;6109,304;6114,288;6118,316;6123,300;6127,292;6131,304;6136,290;6140,302;6144,300;6149,314;6153,304;6157,302;6162,302;6166,314;6170,298;6175,288;6179,302;6183,286;6188,314;6192,298;6197,312;6201,302;6205,300;6210,286;6214,312;6218,296;6223,310;6227,300;6231,298;6236,312;6240,296;6244,308;6249,286;6253,312;6258,296;6262,324;6266,294;6271,320;6275,298;6279,294;6284,310;6288,294;6292,306;6297,290;6301,310;6305,294;6310,306;6314,292;6318,316;6323,290;6327,294;6332,306;6336,304;6340,304;6345,288;6349,308;6353,292;6358,306;6362,304;6366,316;6371,300;6375,292;6379,304;6384,304;6388,316;6392,286;6397,306;6401,290;6406,304;6410,302;6414,314;6419,298;6423,290;6427,316;6432,302;6436,314;6440,298;6445,298;6449,288;6453,316;6458,300;6462,326;6466,296;6471,288;6475,314;6480,300;6484,310;6488,296;6493,308;6497,286;6501,312;6506,296;6510,308;6514,294;6519,306;6523,310;6527,294;6532,308;6536,292;6540,318;6545,294;6549,306;6554,290;6558,304;6562,288;6567,316;6571,306;6575,290;6580,304;6584,302;6588,314;6593,284;6597,304;6601,288;6606,302;6610,300;6614,312;6619,302;6623,286;6628,312;6632,298;6636,310;6641,296;6645,314;6649,298;6654,310;6658,294;6662,306;6667,278;6671,282;6675,294;6680,250;6684,290;6689,290;6693,280;6697,278;6702,276;6706,260;6710,272;6715,244;6719,262;6723,288;6728,258;6732,286;6736,268;6741,274;6745,244;6749,286;6754,270;6758,282;6763,280;6767,242;6771,270;6776,254;6780,282;6784,266;6789,280;6793,270;6797,282;6802,266;6806,280;6810,264;6815,256;6819,282;6824,266;6828,292;6832,264;6837,290;6841,252;6845,278;6850,248;6854,274;6858,246;6863,278;6867,290;6871,260;6876,286;6880,272;6884,284;6889,246;6893,274;6898,258;6902,270;6906,240;6911,282;6915,288;6919,272;6924,284;6928,270;6932,282;6937,274;6941,274;6945,258;6950,270;6954,242;6958,268;6963,288;6967,272;6972,286;6976,270;6980,282;6985,254;6989,272;6993,242;6998,270;7002,254;7006,268;7011,238;7015,272;7019,284;7024,254;7028,282;7032,280;7037,286;7041,270;7046,284;7050,266;7054,280;7059,266;7063,284;7067,282;7072,268;7076,280;7080,236;7085,278;7089,268;7093,268;7098,266;7102,264;7106,250;7111,254;7115,280;7120,280;7124,278;7128,276;7133,276;7137,266;7141,278;7146,264;7150,276;7154,260;7159,264;7163,278;7167,232;7172,276;7176,272;7181,286;7185,248;7189,276;7194,260;7198,286;) of size 460\r\nSTEPPER: Moving to mstep: 5200 with speed [msteps/sec]: 4000 in SpreadCycle.\r\n'), 14:17:57
bytearray(b'STEPPER: Moved 2000.00 msteps (ramp: 35%) in 699.756 ms -> average speed [msteps/sec]: 2858.14\r\nSTEPPER: Moving to mstep: 7200 with speed [msteps/sec]: 1000 in StealthChop.\r\n'), 14:17:57
bytearray(b'STEPPER: Estimate 2: [msteps] 6689\r\nSTEPPER: buffer (5200,292;5204,312;5208,268;5213,310;5217,298;5221,312;5226,296;5230,322;5234,294;5239,320;5243,312;5247,296;5252,308;5256,294;5260,306;5265,284;5269,310;5274,280;5278,306;5282,292;5287,318;5291,310;5295,294;5300,306;5304,306;5308,318;5313,282;5317,308;5321,280;5326,306;5330,290;5334,304;5339,310;5343,308;5348,308;5352,292;5356,320;5361,304;5365,310;5369,294;5374,322;5378,308;5382,306;5387,292;5391,298;5395,324;5400,296;5404,322;5408,294;5413,312;5417,284;5422,312;5426,282;5430,310;5435,280;5439,300;5443,312;5448,282;5452,310;5456,294;5461,306;5465,298;5469,310;5474,294;5478,308;5483,292;5487,298;5491,312;5496,310;5500,308;5504,294;5509,308;5513,284;5517,310;5522,296;5526,308;5530,294;5535,320;5539,312;5543,310;5548,322;5552,294;5557,320;5561,298;5565,310;5570,296;5574,308;5578,292;5583,320;5587,312;5591,296;5596,322;5600,278;5604,306;5609,304;5613,310;5617,296;5622,308;5626,292;5631,304;5635,310;5639,308;5644,322;5648,306;5652,306;5657,304;5661,324;5665,294;5670,306;5674,290;5678,316;5683,302;5687,308;5692,320;5696,304;5700,318;5705,302;5709,322;5713,292;5718,304;5722,288;5726,302;5731,286;5735,306;5739,318;5744,304;5748,316;5752,302;5757,306;5761,290;5766,316;5770,302;5774,314;5779,300;5783,290;5787,316;5792,302;5796,314;5800,300;5805,326;5809,288;5813,302;5818,286;5822,314;5826,284;5831,290;5835,302;5840,288;5844,314;5848,298;5853,312;5857,288;5861,316;5866,286;5870,312;5874,298;5879,310;5883,316;5887,288;5892,312;5896,300;5900,312;5905,304;5909,304;5914,302;5918,314;5922,286;5927,312;5931,318;5935,302;5940,314;5944,300;5948,312;5953,296;5957,316;5961,302;5966,314;5970,298;5975,312;5979,316;5983,302;5988,314;5992,298;5996,326;6001,310;6005,302;6009,286;6014,300;6018,284;6022,312;6027,296;6031,286;6035,314;6040,300;6044,312;6049,298;6053,316;6057,300;6062,328;6066,286;6070,312;6075,296;6079,288;6083,302;6088,300;6092,312;6096,298;6101,310;6105,288;6109,300;6114,284;6118,312;6123,296;6127,288;6131,314;6136,298;6140,312;6144,296;6149,310;6153,286;6157,300;6162,284;6166,312;6170,296;6175,302;6179,314;6184,298;6188,312;6192,298;6197,324;6201,286;6205,300;6210,284;6214,312;6218,296;6223,310;6227,316;6231,300;6236,312;6240,298;6244,312;6249,288;6253,314;6258,286;6262,312;6266,284;6271,310;6275,316;6279,300;6284,314;6288,298;6292,310;6297,296;6301,302;6305,286;6310,300;6314,284;6318,310;6323,296;6327,300;6332,314;6336,298;6340,310;6345,296;6349,316;6353,300;6358,312;6362,298;6366,310;6371,296;6375,300;6379,314;6384,298;6388,312;6392,296;6397,316;6401,286;6406,314;6410,284;6414,310;6419,282;6423,300;6427,314;6432,300;6436,312;6440,310;6445,324;6449,286;6453,314;6458,284;6462,312;6467,296;6471,302;6475,314;6480,284;6484,312;6488,296;6493,310;6497,300;6501,314;6506,298;6510,312;6514,282;6519,310;6523,314;6527,300;6532,312;6536,298;6541,310;6545,286;6549,300;6554,284;6558,312;6562,296;6567,322;6571,300;6575,286;6580,312;6584,298;6588,310;6593,288;6597,314;6601,298;6606,312;6610,282;6615,308;6619,314;6623,298;6628,312;6632,296;6636,310;6641,294;6645,314;6649,284;6654,310;6658,280;6662,304;6667,298;6671,282;6675,296;6680,280;6684,294;6689,278;6693,284;6697,268;6702,282;6706,266;6710,278;6715,264;6719,256;6723,282;6728,268;6732,294;6736,264;6741,284;6745,270;6750,282;6754,268;6758,280;6763,266;6767,256;6771,284;6776,256;6780,282;6784,268;6789,272;6793,256;6797,270;6802,254;6806,282;6810,252;6815,244;6819,298;6824,282;6828,294;6832,280;6837,292;6841,254;6845,268;6850,252;6854,278;6858,250;6863,270;6867,282;6871,252;6876,280;6880,236;6884,278;6889,268;6893,282;6898,252;6902,264;6906,236;6911,278;6915,282;6919,268;6924,280;6928,236;6932,292;6937,254;6941,282;6945,252;6950,264;6954,250;6958,262;6963,280;6967,252;6972,278;6976,234;6980,276;6985,252;6989,280;6993,264;6998,262;7002,248;7006,274;7011,260;7015,278;7019,290;7024,276;7028,288;7033,258;7037,264;7041,248;7046,274;7050,246;7054,272;7059,258;7063,262;7067,290;7072,260;7076,288;7080,258;7085,264;7089,262;7093,276;7098,260;7102,272;7107,256;7111,262;7115,290;7120,274;7124,286;7128,272;7133,284;7137,262;7141,274;7146,260;7150,272;7154,244;7159,248;7163,290;7167,260;7172,286;7176,256;7181,270;7185,262;7189,274;7194,244;7198,272;) of size 460\r\nSTEPPER: Moving to mstep: 5200 with speed [msteps/sec]: 4000 in SpreadCycle.\r\n'), 14:18:00
bytearray(b'STEPPER: Moved 2000.00 msteps (ramp: 35%) in 699.756 ms -> average speed [msteps/sec]: 2858.14\r\nSTEPPER: Moving to mstep: 7200 with speed [msteps/sec]: 1000 in StealthChop.\r\n'), 14:18:00
bytearray(b'STEPPER: Estimate 3: [msteps] 6684\r\nSTEPPER: buffer (5200,290;5204,308;5208,264;5213,306;5217,296;5221,310;5226,294;5230,322;5234,292;5239,320;5243,310;5247,296;5252,308;5256,292;5260,308;5265,298;5269,324;5274,296;5278,322;5282,292;5287,306;5291,312;5295,282;5300,310;5304,310;5308,308;5313,308;5317,314;5321,298;5326,312;5330,296;5335,310;5339,316;5343,286;5348,312;5352,298;5356,312;5361,282;5365,316;5369,300;5374,314;5378,298;5382,312;5387,296;5391,288;5395,314;5400,300;5404,312;5409,296;5413,302;5417,286;5422,300;5426,298;5430,310;5435,282;5439,288;5443,314;5448,300;5452,312;5456,298;5461,310;5465,288;5469,316;5474,300;5478,298;5483,296;5487,302;5491,316;5496,300;5500,312;5504,312;5509,312;5513,288;5517,316;5522,286;5526,300;5530,298;5535,312;5539,316;5543,288;5548,314;5552,298;5557,312;5561,302;5565,316;5570,300;5574,312;5578,300;5583,312;5587,318;5591,274;5596,316;5600,300;5604,314;5609,298;5613,304;5617,302;5622,316;5626,286;5631,312;5635,318;5639,304;5644,314;5648,300;5652,312;5657,298;5661,318;5665,288;5670,316;5674,300;5678,312;5683,296;5687,302;5691,316;5696,300;5700,312;5705,298;5709,316;5713,288;5718,314;5722,298;5726,312;5731,296;5735,302;5739,314;5744,298;5748,312;5752,298;5757,310;5761,288;5766,300;5770,298;5774,312;5779,296;5783,302;5787,328;5792,298;5796,312;5800,296;5805,310;5809,288;5813,314;5818,286;5822,312;5826,296;5831,302;5835,316;5840,286;5844,312;5848,298;5853,310;5857,288;5861,314;5866,286;5870,312;5874,298;5879,288;5883,314;5887,314;5892,314;5896,312;5901,310;5905,288;5909,302;5914,286;5918,312;5922,298;5927,310;5931,316;5935,286;5940,312;5944,298;5948,310;5953,282;5957,316;5961,300;5966,312;5970,298;5975,310;5979,316;5983,300;5988,328;5992,300;5996,312;6001,296;6005,316;6009,288;6014,314;6018,270;6022,312;6027,296;6031,302;6035,314;6040,300;6044,312;6049,296;6053,316;6057,302;6062,314;6066,284;6070,312;6075,296;6079,302;6083,314;6088,314;6092,312;6096,312;6101,312;6105,288;6109,314;6114,298;6118,312;6123,284;6127,302;6131,316;6136,286;6140,312;6144,312;6149,310;6153,302;6157,300;6162,300;6166,312;6170,298;6175,310;6179,316;6183,272;6188,314;6192,298;6197,312;6201,302;6205,316;6210,300;6214,314;6218,284;6223,312;6227,318;6231,288;6236,314;6240,300;6244,312;6249,290;6253,304;6257,288;6262,316;6266,286;6271,312;6275,318;6279,274;6284,316;6288,300;6292,312;6297,298;6301,316;6305,288;6310,314;6314,286;6318,298;6323,284;6327,302;6332,314;6336,300;6340,312;6345,296;6349,316;6353,302;6358,314;6362,298;6366,310;6371,296;6375,302;6379,314;6384,298;6388,312;6392,296;6397,310;6401,286;6406,314;6410,298;6414,308;6419,294;6423,300;6427,312;6432,298;6436,310;6440,294;6445,308;6449,284;6453,312;6458,296;6462,310;6466,294;6471,300;6475,314;6480,298;6484,310;6488,308;6493,308;6497,300;6501,312;6506,284;6510,310;6514,294;6519,286;6523,314;6527,298;6532,312;6536,308;6541,310;6545,286;6549,314;6554,298;6558,312;6562,296;6567,308;6571,314;6575,272;6580,312;6584,296;6588,310;6593,294;6597,314;6601,298;6606,310;6610,282;6615,308;6619,314;6623,284;6628,312;6632,296;6636,310;6641,308;6645,314;6649,284;6654,312;6658,296;6662,308;6667,280;6671,298;6675,298;6680,282;6684,294;6689,280;6693,284;6697,270;6702,282;6706,268;6710,280;6715,264;6719,284;6723,298;6728,268;6732,280;6736,252;6741,284;6745,270;6749,282;6754,268;6758,280;6763,266;6767,270;6771,284;6776,268;6780,294;6784,266;6789,292;6793,270;6797,282;6802,268;6806,294;6810,266;6815,256;6819,284;6823,240;6828,282;6832,280;6837,280;6841,270;6845,282;6850,268;6854,280;6858,266;6863,280;6867,284;6871,268;6876,282;6880,268;6884,280;6889,258;6893,284;6897,270;6902,282;6906,266;6911,280;6915,286;6919,270;6924,284;6928,242;6932,268;6937,258;6941,272;6945,256;6950,270;6954,268;6958,282;6963,288;6967,272;6972,286;6976,270;6980,284;6985,268;6989,288;6993,258;6998,284;7002,270;7006,282;7011,268;7015,272;7019,286;7024,270;7028,284;7032,268;7037,274;7041,258;7046,284;7050,270;7054,284;7059,254;7063,260;7067,272;7072,256;7076,270;7080,254;7085,282;7089,260;7093,272;7098,256;7102,270;7106,254;7111,274;7115,288;7120,258;7124,286;7128,270;7133,284;7137,260;7141,274;7146,272;7150,272;7154,270;7159,276;7163,288;7167,260;7172,272;7176,242;7180,270;7185,260;7189,274;7194,244;7198,272;) of size 460\r\nSTEPPER: Moving to mstep: 5200 with speed [msteps/sec]: 4000 in SpreadCycle.\r\n'), 14:18:03
bytearray(b'STEPPER: Moved 2000.00 msteps (ramp: 35%) in 699.756 ms -> average speed [msteps/sec]: 2858.14\r\nSTEPPER: Moving to mstep: 7200 with speed [msteps/sec]: 1000 in StealthChop.\r\n'), 14:18:04
bytearray(b'STEPPER: Estimate 4: [msteps] 6662\r\nSTEPPER: buffer (5200,288;5204,304;5208,260;5213,302;5217,294;5221,306;5226,290;5230,318;5234,302;5239,316;5243,306;5247,290;5252,316;5256,302;5260,314;5265,290;5269,318;5274,288;5278,316;5282,300;5287,312;5291,304;5295,302;5300,316;5304,300;5308,312;5313,310;5317,302;5321,286;5326,312;5330,298;5334,310;5339,302;5343,300;5348,312;5352,296;5356,308;5361,292;5365,312;5369,298;5374,310;5378,296;5382,322;5387,306;5391,298;5395,310;5400,294;5404,322;5408,292;5413,306;5417,282;5422,310;5426,296;5430,322;5435,292;5439,298;5443,310;5448,296;5452,308;5456,294;5461,306;5465,298;5469,312;5474,296;5478,310;5482,294;5487,298;5491,312;5496,310;5500,310;5504,294;5509,308;5513,286;5517,310;5522,296;5526,310;5530,294;5535,306;5539,312;5543,296;5548,310;5552,294;5556,306;5561,298;5565,310;5570,310;5574,322;5578,308;5583,306;5587,312;5591,296;5596,322;5600,294;5604,308;5609,292;5613,310;5617,296;5622,322;5626,294;5631,306;5635,310;5639,296;5644,308;5648,294;5652,306;5657,290;5661,324;5665,294;5670,322;5674,306;5678,306;5683,290;5687,310;5691,308;5696,294;5700,306;5705,304;5709,310;5713,294;5718,322;5722,292;5726,306;5731,290;5735,294;5739,308;5744,292;5748,304;5752,290;5757,302;5761,308;5766,320;5770,306;5774,304;5779,290;5783,294;5787,320;5792,292;5796,304;5800,288;5805,316;5809,306;5813,320;5818,290;5822,304;5826,288;5831,294;5835,320;5840,290;5844,302;5848,288;5853,314;5857,304;5861,320;5866,302;5870,316;5874,300;5879,312;5883,304;5887,290;5892,302;5896,300;5900,314;5905,292;5909,318;5914,290;5918,302;5922,286;5927,314;5931,318;5935,290;5940,302;5944,288;5948,314;5953,298;5957,318;5961,302;5966,316;5970,300;5974,314;5979,298;5983,288;5988,302;5992,286;5996,312;6001,298;6005,316;6009,302;6014,314;6018,298;6022,312;6027,296;6031,298;6035,314;6040,298;6044,310;6048,296;6053,310;6057,300;6062,312;6066,296;6070,310;6075,296;6079,286;6083,298;6088,296;6092,310;6096,308;6101,308;6105,298;6109,310;6114,296;6118,308;6122,294;6127,298;6131,310;6136,294;6140,308;6144,292;6149,306;6153,298;6157,310;6162,294;6166,320;6170,306;6175,284;6179,310;6183,294;6188,306;6192,292;6197,318;6201,296;6205,308;6210,292;6214,306;6218,304;6223,318;6227,308;6231,292;6236,306;6240,304;6244,304;6249,294;6253,308;6257,292;6262,320;6266,304;6271,316;6275,308;6279,292;6284,304;6288,302;6292,316;6297,288;6301,304;6305,290;6310,302;6314,300;6318,314;6323,304;6327,290;6332,316;6336,302;6340,314;6345,284;6349,304;6353,302;6358,314;6362,300;6366,312;6371,298;6375,288;6379,314;6384,298;6388,312;6392,282;6397,302;6401,286;6406,314;6410,298;6414,312;6419,296;6423,300;6427,314;6432,298;6436,312;6440,296;6445,310;6449,286;6453,314;6458,300;6462,326;6466,296;6471,288;6475,316;6480,300;6484,312;6488,298;6493,296;6497,288;6501,302;6506,300;6510,312;6514,298;6519,310;6523,316;6527,300;6532,314;6536,284;6540,312;6545,290;6549,302;6554,300;6558,314;6562,298;6567,312;6571,302;6575,300;6580,314;6584,284;6588,310;6593,296;6597,302;6601,300;6606,312;6610,298;6614,310;6619,294;6623,300;6628,314;6632,298;6636,296;6641,296;6645,316;6649,300;6654,312;6658,296;6662,310;6667,280;6671,286;6675,284;6680,254;6684,296;6689,294;6693,286;6697,256;6702,284;6706,268;6710,280;6715,264;6719,256;6723,284;6728,240;6732,282;6736,280;6741,284;6745,270;6749,282;6754,268;6758,280;6763,266;6767,256;6771,282;6776,240;6780,280;6784,280;6789,292;6793,256;6797,282;6802,252;6806,280;6810,250;6815,270;6819,296;6824,266;6828,294;6832,264;6837,290;6841,268;6845,282;6850,266;6854,280;6858,264;6863,268;6867,282;6871,238;6876,280;6880,278;6884,290;6889,268;6893,280;6898,252;6902,278;6906,264;6911,276;6915,296;6919,268;6924,278;6928,252;6932,278;6937,254;6941,280;6945,266;6950,278;6954,276;6958,276;6963,282;6967,252;6972,278;6976,234;6980,278;6985,276;6989,280;6993,266;6998,278;7002,250;7006,276;7011,262;7015,278;7019,294;7024,266;7028,280;7032,262;7037,268;7041,266;7046,280;7050,264;7054,278;7059,262;7063,240;7067,280;7072,278;7076,292;7080,278;7085,268;7089,252;7093,266;7098,250;7102,278;7106,262;7111,254;7115,282;7120,282;7124,280;7128,252;7133,278;7137,256;7141,282;7146,268;7150,280;7154,266;7159,270;7163,284;7167,254;7172,268;7176,236;7180,278;7185,256;7189,282;7194,254;7198,280;) of size 460\r\nSTEPPER: Moving to mstep: 5200 with speed [msteps/sec]: 4000 in SpreadCycle.\r\n'), 14:18:06
bytearray(b'STEPPER: Moved 2000.00 msteps (ramp: 35%) in 699.756 ms -> average speed [msteps/sec]: 2858.14\r\nSTEPPER: Moving to mstep: 7200 with speed [msteps/sec]: 1000 in StealthChop.\r\n'), 14:18:07
bytearray(b'STEPPER: Estimate 5: [msteps] 6675\r\nSTEPPER: buffer (5200,288;5204,308;5208,292;5213,306;5217,296;5221,308;5226,308;5230,320;5234,292;5239,320;5243,310;5247,296;5252,308;5256,278;5260,304;5265,296;5269,310;5274,294;5278,308;5282,306;5287,304;5291,310;5295,310;5300,308;5304,294;5308,306;5313,306;5317,310;5321,294;5326,308;5330,292;5334,306;5339,290;5343,296;5348,308;5352,292;5356,306;5361,304;5365,310;5369,308;5374,308;5378,292;5382,306;5387,290;5391,282;5395,308;5400,308;5404,320;5408,306;5413,318;5417,296;5422,310;5426,294;5430,308;5435,292;5439,296;5443,310;5448,310;5452,310;5456,306;5461,320;5465,298;5469,310;5474,296;5478,308;5482,294;5487,306;5491,312;5496,312;5500,310;5504,296;5509,308;5513,286;5517,300;5522,284;5526,298;5530,296;5535,310;5539,316;5543,288;5548,314;5552,300;5557,312;5561,304;5565,318;5570,302;5574,314;5578,286;5583,312;5587,318;5591,302;5596,316;5600,302;5604,328;5609,290;5613,304;5617,274;5622,316;5626,300;5631,314;5635,318;5639,304;5644,316;5648,302;5652,314;5657,300;5661,304;5665,302;5670,316;5674,286;5678,312;5683,298;5687,304;5691,316;5696,314;5700,314;5705,298;5709,318;5713,288;5718,316;5722,300;5726,314;5731,284;5735,304;5739,316;5744,286;5748,312;5752,298;5757,310;5761,288;5766,314;5770,300;5774,312;5779,296;5783,288;5787,316;5792,286;5796,312;5800,298;5805,310;5809,288;5813,314;5818,284;5822,312;5826,296;5831,302;5835,314;5840,300;5844,312;5848,310;5853,310;5857,288;5861,314;5866,300;5870,326;5874,296;5879,310;5883,314;5887,298;5892,312;5896,310;5900,310;5905,298;5909,312;5914,284;5918,310;5922,296;5927,322;5931,314;5935,298;5940,310;5944,296;5948,308;5953,294;5957,314;5961,298;5966,310;5970,296;5974,324;5979,294;5983,300;5988,328;5992,284;5996,310;6001,296;6005,302;6009,300;6014,314;6018,298;6022,310;6027,294;6031,300;6035,314;6040,284;6044,310;6048,296;6053,308;6057,300;6062,314;6066,298;6070,324;6075,296;6079,302;6083,314;6088,298;6092,312;6096,298;6101,310;6105,286;6109,312;6114,298;6118,310;6122,282;6127,300;6131,314;6136,286;6140,312;6144,296;6149,310;6153,300;6157,300;6162,298;6166,312;6170,296;6175,288;6179,314;6183,298;6188,312;6192,282;6197,310;6201,286;6205,314;6210,298;6214,310;6218,296;6223,310;6227,314;6231,298;6236,312;6240,296;6244,310;6249,286;6253,314;6257,286;6262,312;6266,296;6271,310;6275,314;6279,286;6284,312;6288,312;6292,310;6297,308;6301,314;6305,284;6310,312;6314,298;6318,310;6323,282;6327,300;6331,314;6336,284;6340,310;6345,296;6349,302;6353,286;6358,314;6362,298;6366,310;6371,296;6375,286;6379,312;6384,298;6388,312;6392,296;6397,310;6401,300;6405,314;6410,284;6414,310;6419,296;6423,302;6427,314;6432,298;6436,312;6440,296;6445,310;6449,300;6453,314;6458,284;6462,312;6466,296;6471,302;6475,314;6479,300;6484,312;6488,284;6493,310;6497,288;6501,300;6506,300;6510,298;6514,282;6519,310;6523,314;6527,300;6532,312;6536,296;6540,310;6545,302;6549,314;6553,300;6558,298;6562,298;6567,310;6571,302;6575,286;6580,314;6584,298;6588,312;6593,296;6597,316;6601,286;6606,300;6610,284;6614,298;6619,296;6623,286;6628,314;6632,286;6636,310;6641,296;6645,316;6649,286;6654,314;6658,286;6662,312;6667,284;6671,276;6675,300;6680,258;6684,286;6688,284;6693,290;6697,274;6702,274;6706,272;6710,286;6715,270;6719,276;6723,290;6728,274;6732,288;6736,244;6741,278;6745,264;6749,278;6754,262;6758,274;6763,274;6767,238;6771,280;6776,278;6780,292;6784,278;6789,290;6793,254;6797,282;6802,266;6806,266;6810,264;6815,270;6819,284;6823,240;6828,284;6832,282;6837,296;6841,260;6845,272;6850,272;6854,286;6858,270;6863,262;6867,260;6871,260;6876,274;6880,242;6884,284;6889,274;6893,276;6897,274;6902,274;6906,260;6911,236;6915,278;6919,278;6924,290;6928,276;6932,274;6937,266;6941,264;6945,264;6950,276;6954,262;6958,260;6963,280;6967,264;6971,278;6976,276;6980,276;6985,260;6989,280;6993,264;6998,280;7002,262;7006,276;7011,248;7015,268;7019,280;7024,252;7028,278;7032,234;7037,284;7041,254;7045,266;7050,266;7054,278;7059,278;7063,270;7067,282;7072,268;7076,280;7080,252;7085,278;7089,254;7093,268;7098,268;7102,266;7106,252;7111,230;7115,284;7119,270;7124,284;7128,282;7133,294;7137,258;7141,256;7146,242;7150,282;7154,268;7159,260;7163,272;7167,228;7172,284;7176,270;7180,284;7185,260;7189,288;7193,258;7198,272;) of size 460\r\nSTEPPER: Moving to mstep: 5200 with speed [msteps/sec]: 4000 in SpreadCycle.\r\n'), 14:18:09
bytearray(b'STEPPER: Moved 2000.00 msteps (ramp: 35%) in 699.756 ms -> average speed [msteps/sec]: 2858.14\r\nSTEPPER: Moving to mstep: 7200 with speed [msteps/sec]: 1000 in StealthChop.\r\n'), 14:18:10
bytearray(b'STEPPER: Estimate 6: [msteps] 6667\r\nSTEPPER: buffer (5200,290;5204,310;5208,266;5213,308;5217,300;5221,312;5226,296;5230,324;5234,294;5239,308;5243,314;5247,298;5252,310;5256,296;5260,308;5265,286;5269,312;5274,284;5278,310;5282,296;5287,322;5291,300;5295,298;5300,310;5304,310;5308,308;5313,308;5317,298;5321,282;5326,310;5330,294;5334,322;5339,306;5343,298;5348,310;5352,296;5356,308;5361,292;5365,312;5369,296;5374,310;5378,296;5382,308;5387,292;5391,298;5395,326;5400,296;5404,322;5408,294;5413,320;5417,298;5422,312;5426,282;5430,308;5435,294;5439,298;5443,312;5448,298;5452,310;5456,294;5461,310;5465,300;5469,326;5474,296;5478,310;5482,294;5487,300;5491,312;5496,298;5500,310;5504,308;5509,320;5513,284;5517,312;5522,296;5526,310;5530,294;5535,306;5539,312;5543,296;5548,310;5552,294;5557,308;5561,298;5565,312;5570,310;5574,322;5578,306;5583,306;5587,310;5591,296;5596,322;5600,294;5604,320;5609,282;5613,310;5617,294;5622,306;5626,290;5631,304;5635,310;5639,308;5644,308;5648,306;5652,320;5657,304;5661,324;5665,294;5670,320;5674,292;5678,304;5683,288;5687,308;5691,322;5696,306;5700,320;5705,304;5709,310;5713,294;5718,322;5722,294;5726,306;5731,292;5735,298;5739,322;5744,306;5748,320;5752,306;5757,318;5761,294;5766,308;5770,292;5774,306;5779,290;5783,296;5787,322;5792,294;5796,322;5800,306;5805,320;5809,268;5813,310;5818,294;5822,306;5826,292;5831,296;5835,310;5840,294;5844,308;5848,292;5853,306;5857,296;5861,310;5866,280;5870,306;5874,290;5879,318;5883,310;5887,310;5892,308;5896,306;5900,304;5905,294;5909,310;5914,294;5918,306;5922,290;5927,304;5931,324;5935,308;5940,322;5944,306;5948,306;5953,304;5957,310;5961,310;5966,308;5970,308;5974,320;5979,290;5983,296;5988,308;5992,294;5996,308;6001,292;6005,312;6009,282;6014,310;6018,280;6022,306;6027,278;6031,312;6035,312;6040,310;6044,312;6048,308;6053,308;6057,298;6062,326;6066,296;6070,310;6075,282;6079,302;6083,314;6088,284;6092,312;6096,310;6101,310;6105,288;6109,314;6114,286;6118,312;6123,284;6127,302;6131,316;6136,300;6140,314;6144,284;6149,296;6153,302;6157,314;6162,314;6166,312;6170,296;6175,310;6179,314;6183,300;6188,312;6192,298;6197,324;6201,288;6205,300;6210,284;6214,298;6218,282;6223,296;6227,316;6231,302;6236,314;6240,298;6244,312;6249,290;6253,316;6257,286;6262,314;6266,286;6271,312;6275,318;6279,304;6284,316;6288,302;6292,314;6297,300;6301,304;6305,288;6310,302;6314,286;6318,300;6323,284;6327,304;6332,304;6336,302;6340,302;6345,300;6349,320;6353,304;6358,318;6362,302;6366,314;6371,300;6375,276;6379,304;6384,302;6388,316;6392,300;6397,314;6401,292;6406,304;6410,288;6414,316;6419,300;6423,306;6427,320;6432,304;6436,318;6440,302;6445,316;6449,292;6453,306;6458,290;6462,318;6466,288;6471,294;6475,320;6480,306;6484,318;6488,304;6493,304;6497,294;6501,306;6506,292;6510,306;6514,290;6519,304;6523,310;6527,308;6532,320;6536,292;6540,306;6545,296;6549,308;6554,292;6558,320;6562,292;6567,318;6571,310;6575,294;6580,320;6584,306;6588,318;6593,304;6597,308;6601,294;6606,308;6610,292;6615,318;6619,310;6623,296;6628,308;6632,306;6636,306;6641,290;6645,324;6649,294;6654,322;6658,280;6662,306;6667,298;6671,254;6675,292;6680,280;6684,292;6689,278;6693,282;6697,268;6702,280;6706,266;6710,278;6715,262;6719,268;6723,294;6728,266;6732,292;6736,278;6741,282;6745,268;6749,280;6754,264;6758,278;6763,262;6767,268;6771,280;6776,264;6780,292;6784,262;6789,290;6793,268;6797,294;6802,264;6806,278;6810,276;6815,252;6819,280;6823,236;6828,292;6832,276;6837,290;6841,266;6845,280;6850,250;6854,276;6858,248;6863,266;6867,280;6871,264;6876,278;6880,262;6884,288;6889,252;6893,278;6897,264;6902,278;6906,262;6911,238;6915,280;6919,278;6924,292;6928,276;6932,290;6937,238;6941,280;6945,264;6950,290;6954,262;6958,274;6963,280;6967,252;6972,278;6976,250;6980,290;6985,260;6989,280;6993,250;6998,264;7002,248;7006,276;7011,246;7015,238;7019,278;7024,264;7028,276;7032,232;7037,280;7041,266;7046,278;7050,264;7054,276;7059,260;7063,238;7067,264;7072,250;7076,290;7080,260;7085,280;7089,266;7093,278;7098,262;7102,276;7106,260;7111,238;7115,292;7120,278;7124,290;7128,260;7133,288;7137,264;7141,290;7146,262;7150,274;7154,258;7159,250;7163,278;7167,234;7172,274;7176,258;7181,286;7185,248;7189,276;7194,260;7198,288;) of size 460\r\nSTEPPER: Moving to mstep: 5200 with speed [msteps/sec]: 4000 in SpreadCycle.\r\n'), 14:18:13
bytearray(b'STEPPER: Moved 2000.00 msteps (ramp: 35%) in 699.756 ms -> average speed [msteps/sec]: 2858.14\r\nSTEPPER: Moving to mstep: 7200 with speed [msteps/sec]: 1000 in StealthChop.\r\n'), 14:18:13
bytearray(b'STEPPER: Estimate 7: [msteps] 6662\r\nSTEPPER: buffer (5200,288;5204,300;5208,270;5213,312;5217,290;5221,316;5226,302;5230,328;5234,286;5239,314;5243,318;5247,304;5252,316;5256,302;5260,314;5265,292;5269,306;5274,290;5278,318;5282,288;5287,302;5291,308;5295,306;5300,306;5304,304;5308,318;5313,302;5317,308;5321,294;5326,306;5330,292;5334,306;5339,310;5343,296;5348,308;5352,294;5356,308;5361,294;5365,312;5369,298;5374,310;5378,296;5382,310;5387,294;5391,286;5395,314;5400,298;5404,326;5408,296;5413,302;5417,286;5422,314;5426,298;5430,312;5435,284;5439,302;5443,302;5448,288;5452,300;5456,286;5461,312;5465,290;5469,316;5474,288;5478,302;5482,286;5487,306;5491,320;5496,304;5500,318;5504,316;5509,316;5513,294;5517,308;5522,292;5526,306;5530,290;5535,304;5539,310;5543,294;5548,308;5552,294;5557,320;5561,296;5565,310;5570,308;5574,308;5578,292;5583,304;5587,326;5591,310;5596,322;5600,308;5604,306;5609,306;5613,310;5617,296;5622,322;5626,294;5631,320;5635,312;5639,310;5644,324;5648,308;5652,322;5657,306;5661,312;5665,284;5670,310;5674,294;5678,322;5683,294;5687,300;5691,312;5696,298;5700,312;5705,310;5709,316;5713,302;5718,314;5722,286;5726,314;5731,298;5735,290;5739,304;5744,302;5748,316;5752,300;5757,314;5761,292;5765,304;5770,290;5774,318;5779,288;5783,294;5787,322;5792,292;5796,318;5800,304;5805,318;5809,294;5813,308;5818,280;5822,306;5826,278;5831,304;5835,324;5840,310;5844,322;5848,306;5853,306;5857,298;5861,310;5866,282;5870,310;5874,294;5879,308;5883,312;5887,312;5892,310;5896,308;5900,308;5905,286;5909,312;5914,284;5918,310;5922,282;5927,308;5931,314;5935,298;5940,312;5944,296;5948,310;5953,294;5957,314;5961,300;5966,312;5970,298;5974,310;5979,296;5983,300;5988,328;5992,284;5996,312;6001,298;6005,302;6009,302;6014,314;6018,298;6022,312;6027,284;6031,302;6035,314;6040,300;6044,312;6048,296;6053,310;6057,300;6062,314;6066,284;6070,312;6075,294;6079,302;6083,326;6088,314;6092,312;6096,310;6101,310;6105,288;6109,314;6114,298;6118,312;6122,282;6127,304;6131,316;6136,286;6140,314;6144,298;6149,324;6153,288;6157,300;6162,286;6166,312;6170,298;6175,324;6179,302;6183,286;6188,312;6192,298;6196,324;6201,288;6205,300;6210,284;6214,298;6218,282;6223,296;6227,314;6231,300;6236,312;6240,298;6244,310;6249,288;6253,314;6257,284;6262,312;6266,282;6271,310;6275,314;6279,300;6284,312;6288,296;6292,310;6297,296;6301,312;6305,284;6310,298;6314,282;6318,310;6323,294;6327,300;6331,312;6336,296;6340,310;6345,294;6349,314;6353,284;6358,312;6362,296;6366,310;6371,294;6375,300;6379,312;6384,296;6388,324;6392,294;6397,322;6401,298;6405,310;6410,294;6414,308;6419,292;6423,298;6427,310;6432,294;6436,308;6440,292;6445,306;6449,282;6453,308;6458,294;6462,320;6466,292;6471,296;6475,310;6480,294;6484,320;6488,278;6493,304;6497,294;6501,308;6506,294;6510,320;6514,290;6519,302;6523,308;6527,292;6532,306;6536,304;6540,316;6545,292;6549,306;6554,290;6558,304;6562,288;6567,300;6571,320;6575,290;6580,316;6584,288;6588,300;6593,286;6597,318;6601,290;6606,302;6610,286;6614,300;6619,284;6623,304;6628,316;6632,302;6636,314;6641,300;6645,304;6649,288;6654,314;6658,286;6662,312;6667,282;6671,274;6675,300;6680,256;6684,286;6688,282;6693,288;6697,272;6702,284;6706,270;6710,282;6715,266;6719,272;6723,284;6728,284;6732,296;6736,252;6741,284;6745,270;6749,282;6754,266;6758,280;6763,264;6767,268;6771,280;6776,264;6780,292;6784,262;6789,290;6793,266;6797,278;6802,248;6806,276;6810,246;6815,266;6819,292;6823,278;6828,290;6832,274;6837,286;6841,264;6845,290;6850,262;6854,274;6858,272;6863,262;6867,290;6871,260;6876,286;6880,256;6884,284;6889,260;6893,274;6898,258;6902,284;6906,270;6911,232;6915,288;6919,286;6924,286;6928,272;6932,284;6937,246;6941,272;6945,244;6950,284;6954,270;6958,282;6963,274;6967,246;6972,272;6976,228;6980,284;6985,268;6989,274;6993,258;6998,286;7002,242;7006,284;7011,254;7015,258;7019,272;7024,256;7028,282;7032,254;7037,272;7041,244;7046,270;7050,256;7054,282;7059,254;7063,258;7067,270;7072,242;7076,284;7080,268;7085,274;7089,258;7093,272;7098,270;7102,284;7106,268;7111,274;7115,288;7120,258;7124,284;7128,270;7133,282;7137,274;7141,272;7146,256;7150,270;7154,240;7159,274;7163,286;7167,258;7172,270;7176,240;7180,282;7185,272;7189,284;7194,254;7198,268;) of size 460\r\nSTEPPER: Moving to mstep: 5200 with speed [msteps/sec]: 4000 in SpreadCycle.\r\n'), 14:18:16
bytearray(b'STEPPER: Moved 2000.00 msteps (ramp: 35%) in 699.756 ms -> average speed [msteps/sec]: 2858.14\r\nSTEPPER: Moving to mstep: 7200 with speed [msteps/sec]: 1000 in StealthChop.\r\n'), 14:18:17
bytearray(b'STEPPER: Estimate 8: [msteps] 6688\r\nSTEPPER: buffer (5200,296;5204,304;5208,288;5213,316;5217,292;5221,306;5226,290;5230,318;5234,288;5239,316;5243,320;5247,304;5252,318;5256,302;5260,316;5265,292;5269,304;5274,290;5278,302;5282,286;5287,312;5291,304;5295,302;5300,316;5304,314;5308,314;5313,298;5317,304;5321,288;5326,314;5330,286;5334,312;5339,296;5343,288;5348,314;5352,300;5356,298;5361,284;5365,316;5369,302;5374,314;5378,284;5382,312;5387,282;5391,302;5395,316;5400,300;5404,328;5408,298;5413,304;5417,288;5422,314;5426,284;5430,312;5435,282;5439,302;5443,314;5448,300;5452,312;5456,310;5461,324;5465,286;5469,314;5474,298;5478,312;5482,296;5487,300;5491,314;5496,300;5500,312;5504,310;5509,310;5513,288;5517,300;5522,286;5526,312;5530,284;5535,310;5539,316;5543,300;5548,312;5552,298;5556,310;5561,302;5565,316;5570,300;5574,312;5578,296;5583,310;5587,316;5591,300;5596,326;5600,298;5604,324;5609,286;5613,314;5617,284;5622,296;5626,282;5631,310;5635,314;5639,300;5644,312;5648,298;5652,310;5657,308;5661,314;5665,284;5670,312;5674,296;5678,310;5683,294;5687,314;5691,312;5696,312;5700,310;5705,296;5709,316;5713,300;5718,314;5722,284;5726,310;5731,296;5735,288;5739,314;5744,300;5748,298;5752,298;5757,310;5761,302;5765,314;5770,300;5774,312;5779,298;5783,288;5787,316;5792,300;5796,314;5800,298;5805,326;5809,288;5813,316;5818,286;5822,314;5826,284;5831,312;5835,318;5839,302;5844,316;5848,300;5853,314;5857,290;5861,318;5866,288;5870,316;5874,302;5879,314;5883,306;5887,304;5892,304;5896,302;5900,302;5905,292;5909,306;5914,290;5918,304;5922,288;5927,316;5931,320;5935,306;5940,318;5944,304;5948,316;5953,302;5957,322;5961,306;5966,318;5970,304;5974,316;5979,300;5983,292;5988,320;5992,290;5996,304;6001,290;6005,310;6009,294;6014,308;6018,292;6022,306;6027,278;6031,310;6035,324;6040,308;6044,320;6048,306;6053,318;6057,296;6062,322;6066,294;6070,320;6075,292;6079,296;6083,310;6088,310;6092,322;6096,306;6101,318;6105,282;6109,310;6114,294;6118,308;6122,292;6127,298;6131,312;6136,296;6140,310;6144,294;6149,308;6153,298;6157,312;6162,296;6166,310;6170,294;6175,308;6179,312;6183,284;6188,310;6192,282;6196,308;6201,300;6205,312;6210,284;6214,310;6218,296;6223,308;6227,314;6231,298;6236,312;6240,298;6244,310;6249,296;6253,316;6257,286;6262,312;6266,298;6271,310;6275,304;6279,288;6284,314;6288,284;6292,312;6297,298;6301,304;6305,302;6310,314;6314,300;6318,312;6323,282;6327,302;6331,316;6336,300;6340,314;6345,298;6349,304;6353,302;6358,302;6362,300;6366,314;6371,298;6375,304;6379,318;6384,288;6388,316;6392,286;6397,314;6401,290;6405,304;6410,288;6414,302;6419,286;6423,306;6427,318;6432,304;6436,316;6440,302;6445,314;6449,292;6453,318;6458,288;6462,316;6466,288;6471,292;6475,320;6479,304;6484,318;6488,304;6493,302;6497,294;6501,308;6506,278;6510,304;6514,276;6519,302;6523,322;6527,308;6532,306;6536,292;6540,306;6545,296;6549,308;6553,294;6558,308;6562,292;6567,320;6571,310;6575,296;6580,308;6584,294;6588,306;6593,292;6597,312;6601,296;6606,310;6610,280;6614,308;6619,278;6623,296;6627,310;6632,296;6636,308;6641,292;6645,314;6649,284;6654,312;6658,282;6662,294;6667,280;6671,284;6675,298;6680,282;6684,296;6688,282;6693,272;6697,272;6702,284;6706,270;6710,284;6715,268;6719,288;6723,286;6728,258;6732,286;6736,270;6741,276;6745,274;6749,274;6754,258;6758,286;6762,270;6767,276;6771,288;6776,274;6780,286;6784,256;6789,286;6793,248;6797,274;6802,260;6806,288;6810,258;6815,262;6819,290;6823,274;6828,288;6832,272;6837,286;6841,262;6845,276;6850,246;6854,274;6858,258;6863,262;6867,276;6871,246;6876,288;6880,258;6884,284;6889,248;6893,274;6897,260;6902,274;6906,256;6911,270;6915,290;6919,274;6924,288;6928,272;6932,284;6937,248;6941,260;6945,260;6950,286;6954,258;6958,284;6963,288;6967,260;6971,286;6976,272;6980,284;6985,256;6989,274;6993,246;6998,274;7002,272;7006,284;7011,256;7015,276;7019,288;7024,258;7028,300;7032,272;7037,276;7041,260;7045,274;7050,272;7054,284;7059,256;7063,258;7067,272;7072,258;7076,284;7080,268;7085,282;7089,258;7093,286;7098,270;7102,268;7106,268;7111,260;7115,272;7119,242;7124,284;7128,282;7133,282;7137,258;7141,272;7146,256;7150,284;7154,268;7159,232;7163,272;7167,256;7172,270;7176,254;7180,266;7185,272;7189,286;7194,270;7198,282;) of size 460\r\nSTEPPER: Moving to mstep: 5200 with speed [msteps/sec]: 4000 in SpreadCycle.\r\n'), 14:18:19
bytearray(b'STEPPER: Moved 2000.00 msteps (ramp: 35%) in 699.764 ms -> average speed [msteps/sec]: 2858.11\r\nSTEPPER: Moving to mstep: 7200 with speed [msteps/sec]: 1000 in StealthChop.\r\n'), 14:18:20
bytearray(b'STEPPER: Estimate 9: [msteps] 6684\r\nSTEPPER: buffer (5200,284;5204,304;5208,288;5213,316;5217,292;5221,320;5226,290;5230,316;5234,286;5239,314;5243,318;5247,302;5252,316;5256,300;5260,314;5265,288;5269,316;5274,286;5278,312;5282,296;5287,324;5291,300;5295,300;5300,312;5304,310;5308,310;5313,308;5317,298;5321,284;5326,310;5330,282;5334,308;5339,292;5343,298;5348,310;5352,296;5356,308;5361,292;5365,312;5369,296;5374,310;5378,294;5382,306;5387,292;5391,296;5395,322;5400,294;5404,306;5408,292;5413,318;5417,294;5422,308;5426,278;5430,306;5435,290;5439,296;5443,308;5448,294;5452,320;5456,304;5461,304;5465,294;5469,322;5474,292;5478,306;5483,288;5487,308;5491,320;5496,304;5500,304;5504,302;5509,316;5513,292;5517,306;5522,290;5526,302;5530,300;5535,314;5539,318;5543,304;5548,316;5552,302;5557,314;5561,292;5565,318;5570,302;5574,316;5578,286;5583,298;5587,318;5591,316;5596,316;5600,300;5604,314;5609,288;5613,302;5617,288;5622,300;5626,284;5631,312;5635,318;5639,316;5644,314;5648,300;5652,312;5657,296;5661,330;5665,300;5670,328;5674,298;5678,310;5683,296;5687,286;5692,314;5696,312;5700,312;5705,308;5709,314;5713,286;5718,312;5722,282;5726,310;5731,280;5735,314;5739,312;5744,312;5748,310;5752,308;5757,300;5761,284;5766,312;5770,296;5774,322;5779,306;5783,286;5787,312;5792,296;5796,324;5800,294;5805,322;5809,284;5813,298;5818,282;5822,308;5826,280;5831,306;5835,314;5840,312;5844,310;5848,296;5853,308;5857,286;5861,314;5866,284;5870,310;5874,296;5879,308;5883,314;5887,298;5892,312;5896,296;5900,310;5905,288;5909,314;5914,286;5918,310;5922,282;5927,310;5931,316;5935,286;5940,312;5944,298;5948,310;5953,310;5957,316;5961,300;5966,314;5970,298;5974,310;5979,296;5983,302;5988,314;5992,286;5996,312;6001,296;6005,316;6009,288;6014,314;6018,284;6022,312;6027,282;6031,302;6035,314;6040,300;6044,312;6049,298;6053,316;6057,288;6062,314;6066,298;6070,312;6075,282;6079,300;6083,314;6088,300;6092,312;6096,310;6101,310;6105,286;6109,300;6114,284;6118,310;6123,294;6127,300;6131,312;6136,310;6140,310;6144,294;6149,308;6153,300;6157,312;6162,298;6166,310;6170,294;6175,300;6179,314;6183,298;6188,312;6192,296;6197,322;6201,286;6205,300;6210,298;6214,312;6218,282;6223,310;6227,314;6231,300;6236,312;6240,298;6244,310;6249,288;6253,314;6258,286;6262,312;6266,284;6271,310;6275,316;6279,286;6284,300;6288,296;6292,310;6297,296;6301,302;6305,286;6310,298;6314,284;6318,296;6323,294;6327,300;6332,314;6336,298;6340,312;6345,296;6349,316;6353,300;6358,312;6362,284;6366,310;6371,296;6375,300;6379,314;6384,298;6388,312;6392,296;6397,302;6401,286;6406,314;6410,270;6414,310;6419,296;6423,300;6427,314;6432,298;6436,310;6440,296;6445,310;6449,286;6453,314;6458,298;6462,310;6466,294;6471,300;6475,312;6480,298;6484,310;6488,296;6493,308;6497,286;6501,298;6506,284;6510,310;6514,280;6519,308;6523,314;6527,298;6532,310;6536,296;6540,310;6545,286;6549,298;6554,284;6558,310;6562,282;6567,308;6571,314;6575,298;6580,312;6584,296;6588,310;6593,286;6597,300;6601,298;6606,310;6610,282;6615,308;6619,314;6623,298;6628,312;6632,296;6636,308;6641,292;6645,312;6649,282;6654,310;6658,294;6662,306;6667,276;6671,282;6675,310;6680,280;6684,292;6689,260;6693,284;6697,280;6702,280;6706,278;6710,276;6715,276;6719,266;6723,294;6728,278;6732,290;6736,262;6741,280;6745,278;6749,278;6754,262;6758,274;6763,260;6767,250;6771,276;6776,260;6780,286;6784,244;6789,284;6793,274;6797,288;6802,272;6806,284;6810,254;6815,260;6819,286;6823,284;6828,284;6832,268;6837,280;6841,270;6845,284;6850,254;6854,282;6858,266;6863,256;6867,284;6871,254;6876,280;6880,266;6884,292;6889,256;6893,282;6897,266;6902,280;6906,264;6911,278;6915,282;6919,266;6924,280;6928,236;6932,290;6937,268;6941,280;6945,236;6950,278;6954,264;6958,290;6963,266;6967,250;6971,278;6976,262;6980,276;6985,246;6989,280;6993,250;6998,276;7002,248;7006,274;7011,258;7015,250;7019,276;7024,232;7028,288;7032,272;7037,278;7041,262;7045,276;7050,246;7054,274;7059,244;7063,264;7067,292;7072,262;7076,274;7080,260;7085,274;7089,264;7093,278;7098,262;7102,276;7106,260;7111,252;7115,280;7120,264;7124,276;7128,262;7133,274;7137,252;7141,264;7146,250;7150,262;7154,246;7159,268;7163,280;7167,264;7172,280;7176,264;7181,278;7185,254;7189,280;7194,250;7198,264;) of size 460\r\nSTEPPER: Moving to mstep: 5200 with speed [msteps/sec]: 4000 in SpreadCycle.\r\n'), 14:18:22
bytearray(b'STEPPER: Moved 2000.00 msteps (ramp: 35%) in 699.764 ms -> average speed [msteps/sec]: 2858.11\r\nSTEPPER: Moving to mstep: 7200 with speed [msteps/sec]: 1000 in StealthChop.\r\n'), 14:18:23
bytearray(b'STEPPER: Estimate 10: [msteps] 6654\r\nSTEPPER: buffer (5200,294;5204,316;5208,272;5213,314;5217,292;5221,304;5226,288;5230,316;5234,300;5239,328;5243,304;5247,302;5252,316;5256,286;5260,314;5265,290;5269,316;5274,302;5278,316;5282,300;5287,312;5291,304;5295,302;5300,314;5304,298;5308,312;5313,298;5317,316;5321,288;5326,314;5330,300;5334,312;5339,304;5343,302;5348,316;5352,286;5356,312;5361,298;5365,304;5369,288;5374,314;5378,298;5382,312;5387,296;5391,302;5395,314;5400,286;5404,312;5408,310;5413,302;5417,286;5422,300;5426,284;5430,310;5435,280;5439,302;5443,314;5448,298;5452,310;5456,310;5461,308;5465,284;5469,312;5474,296;5478,310;5483,294;5487,300;5491,312;5496,298;5500,310;5504,294;5509,308;5513,286;5517,312;5522,298;5526,310;5530,296;5535,308;5539,314;5543,298;5548,312;5552,296;5557,310;5561,300;5565,314;5570,300;5574,326;5578,298;5583,310;5587,314;5591,300;5596,312;5600,296;5604,310;5609,288;5613,314;5617,298;5622,312;5626,296;5631,308;5635,314;5639,300;5644,312;5648,296;5652,310;5657,294;5661,314;5665,300;5670,326;5674,298;5678,310;5683,296;5687,300;5691,314;5696,298;5700,310;5705,296;5709,316;5713,300;5718,312;5722,298;5726,310;5731,296;5735,300;5739,314;5744,284;5748,312;5752,296;5757,310;5761,302;5766,314;5770,300;5774,312;5779,296;5783,288;5787,314;5792,286;5796,312;5800,296;5805,310;5809,302;5813,314;5818,298;5822,312;5826,296;5831,302;5835,314;5840,298;5844,312;5848,298;5853,310;5857,302;5861,328;5866,298;5870,312;5874,298;5879,310;5883,316;5887,288;5892,300;5896,298;5900,310;5905,302;5909,316;5914,300;5918,314;5922,284;5927,310;5931,316;5935,286;5940,312;5944,296;5948,310;5953,296;5957,314;5961,300;5966,312;5970,296;5974,322;5979,314;5983,284;5988,310;5992,294;5996,310;6001,292;6005,312;6009,296;6014,308;6018,292;6022,320;6027,304;6031,294;6035,308;6040,292;6044,304;6049,304;6053,316;6057,292;6062,318;6066,290;6070,314;6075,300;6079,290;6083,302;6088,302;6092,314;6096,298;6101,310;6105,302;6109,300;6114,284;6118,310;6123,296;6127,286;6131,312;6136,298;6140,310;6144,294;6149,308;6153,298;6157,310;6162,294;6166,320;6170,306;6175,282;6179,308;6183,292;6188,306;6192,304;6197,316;6201,292;6205,306;6210,290;6214,302;6218,300;6223,314;6227,304;6231,290;6236,316;6240,300;6244,314;6249,290;6253,316;6257,288;6262,314;6266,298;6271,310;6275,316;6279,300;6284,312;6288,310;6292,310;6297,294;6301,312;6305,298;6310,310;6314,294;6318,308;6323,292;6327,298;6331,310;6336,294;6340,308;6345,292;6349,312;6353,296;6358,308;6362,292;6366,306;6371,290;6375,296;6379,322;6384,278;6388,306;6392,304;6397,316;6401,294;6406,308;6410,292;6414,304;6419,288;6423,308;6427,320;6432,292;6436,318;6440,302;6445,314;6449,290;6453,316;6458,286;6462,314;6466,284;6471,302;6475,316;6480,300;6484,314;6488,298;6493,296;6497,288;6501,314;6506,298;6510,312;6514,296;6519,310;6523,314;6527,298;6532,310;6536,296;6540,308;6545,300;6549,312;6554,298;6558,310;6562,308;6567,306;6571,312;6575,296;6580,310;6584,280;6588,306;6593,290;6597,310;6601,294;6606,308;6610,292;6614,304;6619,310;6623,294;6628,308;6632,290;6636,302;6641,288;6645,306;6649,290;6654,318;6658,288;6662,300;6667,284;6671,276;6675,288;6680,258;6684,300;6688,284;6693,290;6697,260;6702,286;6706,256;6710,270;6715,268;6719,272;6723,286;6728,256;6732,284;6736,266;6741,270;6745,254;6749,282;6754,266;6758,280;6762,250;6767,268;6771,280;6776,264;6780,278;6784,234;6789,288;6793,266;6797,278;6802,262;6806,274;6810,260;6815,236;6819,290;6823,276;6828,288;6832,286;6837,298;6841,260;6845,288;6850,272;6854,284;6858,256;6863,282;6867,286;6871,242;6876,282;6880,268;6884,280;6889,272;6893,284;6897,268;6902,282;6906,266;6911,278;6915,272;6919,240;6924,282;6928,280;6932,292;6937,254;6941,268;6945,266;6950,292;6954,264;6958,290;6963,280;6967,250;6972,276;6976,262;6980,288;6985,258;6989,278;6993,262;6998,276;7002,260;7006,272;7011,256;7015,260;7019,274;7024,230;7028,286;7032,284;7037,288;7041,244;7046,272;7050,242;7054,268;7059,252;7063,272;7067,284;7072,254;7076,268;7080,266;7085,272;7089,256;7093,270;7098,268;7102,280;7106,252;7111,270;7115,284;7120,254;7124,282;7128,264;7133,292;7137,254;7141,282;7146,238;7150,278;7154,264;7159,254;7163,268;7167,250;7172,278;7176,262;7180,290;7185,266;7189,280;7194,264;7198,278;) of size 460\r\nSTEPPER: Final estimate: [mstep] 6674\r\nFound dispense position: [\xc2\xb5m] 33350\r\nreturn;find;6670\r\n\xef\xbf\xbdreceived from UR: find -> find (0,1)\r\nSTEPPER: Moving to mstep: 5200 with speed [msteps/sec]: 4000 in SpreadCycle.\r\n'), 14:18:25
bytearray(b'STEPPER: Moved 2000.00 msteps (ramp: 35%) in 699.756 ms -> average speed [msteps/sec]: 2858.14\r\nSTEPPER: Moving to mstep: 7200 with speed [msteps/sec]: 1000 in StealthChop.\r\n'), 14:18:26
bytearray(b'STEPPER: Estimate 1: [msteps] 6689\r\nSTEPPER: buffer (5200,288;5204,304;5208,290;5213,316;5217,292;5221,306;5226,290;5230,304;5234,274;5239,302;5243,320;5247,304;5252,318;5256,288;5260,316;5265,292;5269,320;5274,290;5278,316;5282,300;5287,312;5291,306;5295,304;5300,316;5304,300;5308,314;5313,290;5317,302;5321,286;5326,300;5330,298;5335,312;5339,316;5343,288;5348,314;5352,300;5356,312;5361,296;5365,316;5369,286;5374,312;5378,296;5382,308;5387,294;5391,300;5395,312;5400,298;5404,310;5409,294;5413,314;5417,284;5422,312;5426,282;5430,322;5435,294;5439,300;5443,312;5448,296;5452,310;5456,294;5461,308;5465,284;5469,310;5474,296;5478,308;5483,292;5487,312;5491,310;5496,310;5500,308;5504,292;5509,320;5513,294;5517,308;5522,292;5526,320;5530,290;5535,294;5539,306;5543,306;5548,318;5552,288;5557,314;5561,306;5565,320;5570,290;5574,316;5578,300;5583,314;5587,318;5591,304;5596,316;5600,288;5604,314;5609,290;5613,304;5617,288;5622,314;5626,270;5631,312;5635,318;5639,302;5644,312;5648,298;5652,312;5657,296;5661,316;5665,300;5670,312;5674,282;5678,310;5683,308;5687,298;5692,310;5696,310;5700,308;5705,292;5709,310;5713,296;5718,322;5722,292;5726,306;5731,290;5735,296;5739,322;5744,278;5748,306;5752,304;5757,308;5761,308;5766,306;5770,306;5774,318;5779,288;5783,292;5787,320;5792,276;5796,316;5800,300;5805,314;5809,304;5813,318;5818,300;5822,314;5826,284;5831,290;5835,302;5840,286;5844,312;5848,298;5853,310;5857,284;5861,314;5866,298;5870,310;5874,296;5879,286;5883,312;5887,298;5892,310;5896,308;5901,306;5905,298;5909,310;5914,294;5918,308;5922,292;5927,318;5931,310;5935,294;5940,320;5944,278;5948,304;5953,288;5957,306;5961,304;5966,318;5970,302;5975,316;5979,306;5983,304;5988,318;5992,302;5996,316;6001,300;6005,304;6009,288;6014,314;6018,286;6022,312;6027,282;6031,302;6035,314;6040,298;6044,310;6049,294;6053,314;6057,298;6062,324;6066,296;6070,308;6075,292;6079,284;6083,310;6088,308;6092,322;6096,306;6101,318;6105,282;6109,308;6114,280;6118,306;6123,290;6127,308;6131,306;6136,306;6140,318;6144,302;6149,316;6153,292;6157,304;6162,290;6166,302;6170,288;6175,314;6179,306;6183,290;6188,316;6192,288;6197,314;6201,278;6205,302;6210,288;6214,314;6218,298;6223,312;6227,316;6231,300;6236,314;6240,298;6244,310;6249,288;6253,316;6257,286;6262,312;6266,296;6271,310;6275,314;6279,300;6284,312;6288,298;6292,310;6297,294;6301,314;6305,284;6310,310;6314,294;6318,306;6323,292;6327,298;6332,310;6336,296;6340,308;6345,294;6349,310;6353,296;6358,310;6362,294;6366,308;6371,306;6375,284;6379,310;6384,296;6388,310;6393,294;6397,312;6401,284;6406,310;6410,294;6414,306;6419,294;6423,298;6427,310;6432,296;6436,308;6440,308;6445,306;6449,284;6453,324;6458,294;6462,322;6467,292;6471,296;6475,310;6480,280;6484,306;6488,306;6493,304;6497,294;6501,322;6506,292;6510,318;6514,288;6519,316;6523,320;6527,292;6532,318;6536,302;6541,314;6545,290;6549,304;6554,288;6558,300;6562,298;6567,312;6571,302;6575,286;6580,314;6584,298;6588,310;6593,288;6597,314;6601,284;6606,298;6610,282;6615,310;6619,314;6623,284;6628,310;6632,296;6636,308;6641,308;6645,314;6649,284;6654,310;6658,282;6662,308;6667,278;6671,284;6675,296;6680,282;6684,294;6689,292;6693,284;6697,270;6702,280;6706,266;6710,280;6715,264;6719,270;6723,282;6728,238;6732,294;6736,278;6741,284;6745,254;6749,280;6754,266;6758,278;6763,276;6767,282;6771,294;6776,278;6780,292;6784,246;6789,290;6793,264;6797,292;6802,276;6806,288;6810,272;6815,278;6819,290;6824,274;6828,288;6832,244;6837,284;6841,262;6845,288;6850,258;6854,270;6858,270;6863,274;6867,286;6871,258;6876,270;6880,254;6884,268;6889,272;6893,270;6898,270;6902,268;6906,268;6911,280;6915,286;6919,270;6924,282;6928,252;6932,280;6937,270;6941,270;6945,254;6950,266;6954,264;6958,278;6963,282;6967,268;6972,278;6976,236;6980,276;6985,262;6989,294;6993,264;6998,276;7002,262;7006,274;7011,244;7015,264;7019,290;7024,276;7028,274;7032,244;7037,278;7041,248;7046,274;7050,244;7054,258;7059,270;7063,262;7067,274;7072,258;7076,256;7080,240;7085,276;7089,260;7093,286;7098,256;7102,268;7107,254;7111,272;7115,272;7120,254;7124,268;7128,238;7133,280;7137,256;7141,268;7146,266;7150,266;7154,278;7159,270;7163,282;7167,252;7172,266;7176,250;7181,276;7185,268;7189,280;7194,252;7198,266;) of size 460\r\nSTEPPER: Moving to mstep: 5200 with speed [msteps/sec]: 4000 in SpreadCycle.\r\n'), 14:18:29
bytearray(b'STEPPER: Moved 2000.00 msteps (ramp: 35%) in 699.756 ms -> average speed [msteps/sec]: 2858.14\r\nSTEPPER: Moving to mstep: 7200 with speed [msteps/sec]: 1000 in StealthChop.\r\n'), 14:18:29
bytearray(b'STEPPER: Estimate 2: [msteps] 6667\r\nSTEPPER: buffer (5200,284;5204,302;5208,256;5213,298;5217,288;5221,314;5226,300;5230,312;5234,298;5239,310;5243,314;5247,298;5252,310;5256,296;5260,310;5265,298;5269,312;5274,296;5278,310;5282,294;5287,320;5291,298;5295,296;5300,310;5304,308;5308,320;5313,306;5317,310;5321,280;5326,306;5330,290;5334,304;5339,288;5343,294;5348,306;5352,292;5356,304;5361,290;5365,322;5369,306;5374,318;5378,304;5382,316;5387,286;5391,292;5395,318;5400,288;5404,316;5408,300;5413,312;5417,302;5422,314;5426,286;5430,312;5435,282;5439,302;5443,314;5448,298;5452,310;5456,296;5461,308;5465,284;5469,310;5474,282;5478,308;5482,292;5487,298;5491,310;5496,294;5500,306;5504,306;5509,318;5513,282;5517,306;5522,292;5526,318;5530,302;5535,314;5539,304;5543,290;5548,316;5552,300;5557,312;5561,290;5565,316;5570,300;5574,312;5578,310;5583,324;5587,314;5591,298;5596,312;5600,296;5604,324;5609,292;5613,312;5617,296;5622,322;5626,306;5631,320;5635,310;5639,294;5644,308;5648,306;5652,318;5657,290;5661,322;5665,292;5670,318;5674,302;5678,316;5683,300;5687,302;5691,316;5696,302;5700,314;5705,298;5709,302;5713,288;5718,312;5722,298;5726,312;5731,296;5735,300;5739,312;5744,296;5748,308;5752,294;5757,306;5761,296;5765,310;5770,294;5774,322;5779,304;5783,296;5787,308;5792,306;5796,320;5800,288;5805,316;5809,292;5813,304;5818,302;5822,316;5826,300;5831,290;5835,304;5840,302;5844,314;5848,286;5853,298;5857,288;5861,316;5866,300;5870,326;5874,298;5879,310;5883,316;5887,300;5892,312;5896,296;5900,308;5905,284;5909,312;5914,296;5918,324;5922,294;5927,306;5931,310;5935,296;5940,308;5944,292;5948,304;5953,288;5957,306;5961,306;5966,318;5970,302;5974,314;5979,306;5983,290;5988,316;5992,288;5996,314;6001,298;6005,316;6009,302;6014,314;6018,298;6022,310;6027,294;6031,298;6035,312;6040,296;6044,308;6048,292;6053,304;6057,294;6062,320;6066,306;6070,318;6075,290;6079,306;6083,320;6088,290;6092,302;6096,300;6101,312;6105,304;6109,316;6114,300;6118,312;6123,284;6127,302;6131,314;6136,286;6140,310;6144,296;6149,310;6153,300;6157,314;6162,298;6166,310;6170,294;6175,300;6179,312;6183,282;6188,310;6192,294;6197,306;6201,298;6205,310;6210,294;6214,308;6218,292;6223,304;6227,310;6231,294;6236,306;6240,292;6244,304;6249,294;6253,322;6257,292;6262,306;6266,290;6271,316;6275,308;6279,292;6284,304;6288,290;6292,316;6297,300;6301,320;6305,290;6310,302;6314,288;6318,314;6323,298;6327,304;6332,316;6336,300;6340,314;6345,298;6349,318;6353,302;6358,314;6362,300;6366,312;6371,298;6375,288;6379,300;6384,286;6388,312;6392,296;6397,310;6401,300;6406,312;6410,296;6414,310;6419,294;6423,300;6427,312;6432,298;6436,310;6440,294;6445,306;6449,296;6453,310;6458,294;6462,320;6466,304;6471,296;6475,308;6480,292;6484,304;6488,304;6493,304;6497,294;6501,306;6506,290;6510,302;6514,300;6519,314;6523,304;6527,288;6532,316;6536,300;6540,312;6545,288;6549,300;6554,286;6558,312;6562,296;6567,310;6571,300;6575,298;6580,310;6584,280;6588,308;6593,284;6597,312;6601,296;6606,308;6610,292;6615,306;6619,310;6623,308;6628,308;6632,292;6636,304;6641,288;6645,308;6649,292;6654,318;6658,288;6662,302;6667,292;6671,290;6675,288;6680,258;6684,300;6689,286;6693,288;6697,260;6702,286;6706,270;6710,282;6715,266;6719,286;6723,286;6728,270;6732,282;6736,252;6741,270;6745,268;6749,282;6754,266;6758,278;6763,278;6767,282;6771,294;6776,264;6780,278;6784,262;6789,288;6793,266;6797,292;6802,276;6806,288;6810,260;6815,264;6819,290;6823,276;6828,288;6832,274;6837,286;6841,262;6845,290;6850,274;6854,286;6858,256;6863,284;6867,274;6871,244;6876,286;6880,284;6884,282;6889,244;6893,286;6897,270;6902,284;6906,268;6911,280;6915,272;6919,242;6924,282;6928,282;6932,294;6937,258;6941,270;6945,238;6950,280;6954,266;6958,278;6963,268;6967,224;6972,280;6976,278;6980,290;6985,248;6989,280;6993,264;6998,278;7002,260;7006,274;7011,258;7015,264;7019,290;7024,274;7028,288;7032,258;7037,276;7041,260;7046,288;7050,258;7054,284;7059,254;7063,260;7067,272;7072,242;7076,268;7080,268;7085,280;7089,272;7093,268;7098,252;7102,280;7106,264;7111,254;7115,280;7120,264;7124,290;7128,274;7133,288;7137,262;7141,276;7146,274;7150,274;7154,270;7159,276;7163,288;7167,272;7172,272;7176,256;7181,282;7185,258;7189,286;7194,270;7198,282;) of size 460\r\nSTEPPER: Moving to mstep: 5200 with speed [msteps/sec]: 4000 in SpreadCycle.\r\n'), 14:18:32
bytearray(b'STEPPER: Moved 2000.00 msteps (ramp: 35%) in 699.756 ms -> average speed [msteps/sec]: 2858.14\r\nSTEPPER: Moving to mstep: 7200 with speed [msteps/sec]: 1000 in StealthChop.\r\n'), 14:18:33
bytearray(b'STEPPER: Estimate 3: [msteps] 6689\r\nSTEPPER: buffer (5200,282;5204,312;5208,256;5213,308;5217,300;5221,314;5226,298;5230,324;5234,308;5239,320;5243,312;5247,310;5252,324;5256,292;5260,306;5265,296;5269,310;5274,294;5278,308;5282,292;5287,304;5291,310;5295,308;5300,320;5304,304;5308,316;5313,300;5317,308;5321,292;5326,318;5330,288;5335,314;5339,306;5343,290;5348,304;5352,302;5356,314;5361,284;5365,304;5369,286;5374,314;5378,284;5382,312;5387,282;5391,300;5395,312;5400,298;5404,310;5409,294;5413,312;5417,284;5422,310;5426,280;5430,308;5435,292;5439,312;5443,324;5448,308;5452,322;5456,278;5461,304;5465,294;5469,308;5474,292;5478,320;5483,290;5487,296;5491,308;5496,292;5500,304;5504,304;5509,316;5513,294;5517,308;5522,292;5526,302;5530,290;5535,302;5539,308;5543,306;5548,306;5552,304;5557,318;5561,294;5565,322;5570,292;5574,306;5578,288;5583,316;5587,320;5591,290;5596,318;5600,304;5604,318;5609,292;5613,306;5617,290;5622,318;5626,302;5631,316;5635,320;5639,304;5644,318;5648,302;5652,316;5657,286;5661,318;5665,290;5670,316;5674,300;5678,314;5683,298;5687,304;5691,316;5696,302;5700,314;5705,298;5709,316;5713,302;5718,314;5722,284;5726,312;5731,282;5735,302;5739,314;5744,298;5748,310;5752,310;5757,308;5761,300;5766,312;5770,296;5774,308;5779,306;5783,272;5787,312;5792,296;5796,308;5800,294;5805,318;5809,296;5813,308;5818,292;5822,306;5826,290;5831,296;5835,308;5840,292;5844,306;5848,302;5853,316;5857,294;5861,320;5866,290;5870,318;5874,288;5879,294;5883,306;5887,290;5892,304;5896,302;5901,316;5905,292;5909,304;5914,290;5918,316;5922,300;5927,314;5931,304;5935,290;5940,316;5944,300;5948,314;5953,290;5957,318;5961,302;5966,314;5970,300;5975,312;5979,316;5983,288;5988,314;5992,298;5996,312;6001,282;6005,316;6009,300;6014,312;6018,298;6022,324;6027,296;6031,300;6035,312;6040,298;6044,310;6049,294;6053,328;6057,286;6062,310;6066,294;6070,308;6075,292;6079,298;6083,310;6088,310;6092,322;6096,292;6101,306;6105,296;6109,308;6114,294;6118,320;6123,290;6127,296;6131,308;6136,292;6140,306;6144,304;6149,314;6153,306;6157,320;6162,290;6166,316;6170,300;6175,276;6179,304;6183,302;6188,314;6192,300;6197,326;6201,290;6205,316;6210,286;6214,300;6218,284;6223,310;6227,316;6231,286;6236,312;6240,296;6244,308;6249,286;6253,312;6258,296;6262,322;6266,294;6271,306;6275,310;6279,296;6284,320;6288,292;6292,304;6297,282;6301,308;6305,292;6310,306;6314,290;6318,302;6323,308;6327,306;6332,306;6336,290;6340,302;6345,286;6349,306;6353,304;6358,304;6362,286;6366,312;6371,284;6375,302;6379,314;6384,300;6388,326;6393,296;6397,316;6401,286;6406,312;6410,296;6414,310;6419,280;6423,300;6427,312;6432,298;6436,310;6440,294;6445,308;6449,298;6453,310;6458,294;6462,308;6467,292;6471,298;6475,308;6480,294;6484,306;6488,292;6493,304;6497,294;6501,308;6506,292;6510,304;6514,290;6519,316;6523,308;6527,306;6532,318;6536,276;6541,316;6545,292;6549,306;6554,290;6558,318;6562,302;6567,314;6571,306;6575,290;6580,318;6584,274;6588,316;6593,292;6597,306;6601,290;6606,316;6610,288;6615,314;6619,306;6623,304;6628,316;6632,302;6636,300;6641,286;6645,318;6649,304;6654,316;6658,286;6662,314;6667,290;6671,276;6675,302;6680,272;6684,286;6689,284;6693,290;6697,274;6702,286;6706,272;6710,284;6715,256;6719,274;6723,286;6728,258;6732,284;6736,268;6741,288;6745,258;6749,272;6754,256;6758,270;6763,254;6767,232;6771,286;6776,270;6780,284;6784,268;6789,280;6793,258;6797,286;6802,270;6806,282;6810,266;6815,272;6819,298;6824,270;6828,284;6832,268;6837,280;6841,258;6845,298;6850,254;6854,268;6858,252;6863,258;6867,270;6871,240;6876,282;6880,280;6884,294;6889,256;6893,284;6898,252;6902,266;6906,250;6911,278;6915,282;6919,268;6924,280;6928,252;6932,278;6937,254;6941,282;6945,266;6950,278;6954,264;6959,276;6963,282;6967,266;6972,280;6976,250;6980,278;6985,254;6989,282;6993,252;6998,278;7002,262;7006,276;7011,282;7015,280;7019,292;7024,264;7028,290;7033,260;7037,264;7041,264;7046,276;7050,248;7054,274;7059,258;7063,250;7067,276;7072,232;7076,286;7080,270;7085,276;7089,260;7093,274;7098,256;7102,270;7107,254;7111,272;7115,272;7120,256;7124,270;7128,268;7133,280;7137,256;7141,268;7146,266;7150,280;7154,264;7159,270;7163,282;7167,252;7172,278;7176,262;7181,276;7185,266;7189,266;7194,264;7198,290;) of size 460\r\nSTEPPER: Moving to mstep: 5200 with speed [msteps/sec]: 4000 in SpreadCycle.\r\n'), 14:18:35
bytearray(b'STEPPER: Moved 2000.00 msteps (ramp: 35%) in 699.764 ms -> average speed [msteps/sec]: 2858.11\r\nSTEPPER: Moving to mstep: 7200 with speed [msteps/sec]: 1000 in StealthChop.\r\n'), 14:18:36
bytearray(b'STEPPER: Estimate 4: [msteps] 6654\r\nSTEPPER: buffer (5200,282;5204,302;5208,286;5213,314;5217,292;5221,316;5226,288;5230,314;5234,286;5239,312;5243,316;5247,300;5252,328;5256,298;5260,310;5265,288;5269,314;5274,286;5278,312;5282,296;5287,308;5291,314;5295,312;5300,326;5304,310;5308,308;5313,306;5317,312;5321,296;5326,308;5330,278;5334,306;5339,290;5343,296;5348,322;5352,306;5356,304;5361,304;5365,308;5369,308;5374,306;5378,290;5382,302;5387,286;5391,306;5395,318;5400,304;5404,330;5408,300;5413,304;5417,288;5422,316;5426,300;5430,314;5435,282;5439,302;5443,316;5448,300;5452,326;5456,310;5461,310;5465,286;5469,312;5474,284;5478,310;5482,294;5487,306;5491,312;5496,310;5500,324;5504,308;5509,320;5513,282;5517,308;5522,294;5526,320;5530,290;5535,304;5539,308;5543,306;5548,320;5552,304;5557,318;5561,294;5565,320;5570,292;5574,304;5578,288;5583,316;5587,322;5591,306;5596,318;5600,304;5604,316;5609,280;5613,320;5617,302;5622,318;5626,288;5631,314;5635,320;5639,292;5644,318;5648,302;5652,316;5657,300;5661,318;5665,288;5670,316;5674,286;5678,314;5683,286;5687,304;5691,316;5696,300;5700,326;5705,312;5709,304;5713,300;5718,298;5722,284;5726,310;5731,294;5735,300;5739,300;5744,298;5748,310;5752,296;5757,308;5761,298;5765,312;5770,296;5774,308;5779,294;5783,298;5787,312;5792,296;5796,322;5800,306;5805,320;5809,282;5813,308;5818,294;5822,320;5826,276;5831,302;5835,310;5839,306;5844,318;5848,302;5853,316;5857,292;5861,306;5866,288;5870,316;5874,286;5879,312;5883,304;5887,302;5892,314;5896,298;5900,298;5905,288;5909,314;5914,286;5918,312;5922,282;5927,308;5931,314;5935,298;5940,312;5944,308;5948,308;5953,292;5957,310;5961,294;5966,308;5970,292;5974,318;5979,288;5983,308;5988,334;5992,304;5996,318;6001,302;6005,322;6009,292;6014,318;6018,304;6022,316;6027,286;6031,306;6035,318;6040,302;6044,316;6048,300;6053,306;6057,288;6062,316;6066,288;6070,314;6075,284;6079,304;6083,318;6088,302;6092,314;6096,314;6101,312;6105,276;6109,316;6114,288;6118,314;6122,284;6127,304;6131,316;6136,302;6140,314;6144,300;6149,312;6153,288;6157,302;6162,300;6166,312;6170,296;6175,308;6179,314;6183,300;6188,326;6192,298;6197,324;6201,286;6205,300;6210,284;6214,310;6218,282;6223,308;6227,314;6231,298;6236,310;6240,310;6244,322;6249,284;6253,312;6257,282;6262,308;6266,280;6271,306;6275,312;6279,296;6284,308;6288,306;6292,306;6297,304;6301,308;6305,280;6310,306;6314,276;6318,302;6323,288;6327,306;6331,318;6336,304;6340,316;6345,302;6349,306;6353,290;6358,318;6362,302;6366,314;6371,284;6375,304;6379,316;6384,300;6388,324;6392,298;6397,310;6401,286;6405,300;6410,284;6414,312;6419,282;6423,302;6427,314;6432,298;6436,312;6440,296;6445,310;6449,286;6453,312;6458,296;6462,310;6466,280;6471,298;6475,312;6479,296;6484,296;6488,294;6493,320;6497,296;6501,310;6506,294;6510,308;6514,292;6519,318;6523,310;6527,294;6532,308;6536,292;6540,304;6545,294;6549,308;6554,292;6558,306;6562,288;6567,302;6571,320;6575,306;6580,318;6584,302;6588,314;6593,278;6597,304;6601,286;6606,314;6610,284;6614,312;6619,282;6623,300;6628,314;6632,298;6636,310;6641,296;6645,314;6649,284;6654,310;6658,280;6662,294;6667,264;6671,282;6675,296;6680,280;6684,292;6689,276;6693,282;6697,254;6702,278;6706,250;6710,276;6715,260;6719,252;6723,292;6728,264;6732,276;6736,260;6741,280;6745,264;6749,278;6754,248;6758,274;6763,258;6767,264;6771,292;6776,276;6780,288;6784,258;6789,286;6793,262;6797,288;6802,258;6806,286;6810,270;6815,260;6819,286;6823,242;6828,284;6832,282;6837,296;6841,258;6845,284;6850,254;6854,282;6858,252;6863,280;6867,270;6871,242;6876,282;6880,280;6884,294;6889,256;6893,268;6897,252;6902,280;6906,264;6911,278;6915,282;6919,266;6924,280;6928,262;6932,290;6937,254;6941,280;6945,266;6950,278;6954,262;6958,288;6963,280;6967,278;6971,290;6976,262;6980,288;6985,258;6989,278;6993,250;6998,276;7002,260;7006,286;7011,256;7015,262;7019,288;7024,258;7028,286;7032,270;7037,262;7041,246;7045,272;7050,242;7054,270;7059,268;7063,274;7067,286;7072,270;7076,270;7080,226;7085,282;7089,258;7093,270;7098,254;7102,268;7106,252;7111,258;7115,284;7120,268;7124,296;7128,280;7133,292;7137,256;7141,268;7146,252;7150,264;7154,264;7159,254;7163,268;7167,252;7172,280;7176,250;7180,276;7185,268;7189,282;7194,252;7198,278;) of size 460\r\nSTEPPER: Moving to mstep: 5200 with speed [msteps/sec]: 4000 in SpreadCycle.\r\n'), 14:18:38
bytearray(b'STEPPER: Moved 2000.00 msteps (ramp: 35%) in 699.764 ms -> average speed [msteps/sec]: 2858.11\r\nSTEPPER: Moving to mstep: 7200 with speed [msteps/sec]: 1000 in StealthChop.\r\n'), 14:18:39
bytearray(b'STEPPER: Estimate 5: [msteps] 6654\r\nSTEPPER: buffer (5200,288;5204,306;5208,290;5213,318;5217,294;5221,320;5226,292;5230,318;5234,302;5239,302;5243,320;5247,304;5252,316;5256,302;5260,314;5265,290;5269,318;5274,302;5278,314;5282,298;5287,312;5291,316;5295,300;5300,312;5304,298;5308,324;5313,294;5317,300;5321,284;5326,310;5330,294;5334,308;5339,312;5343,296;5348,310;5352,294;5356,306;5361,306;5365,312;5369,296;5374,308;5378,294;5382,320;5387,290;5391,296;5395,322;5400,292;5404,320;5408,304;5413,308;5417,294;5422,306;5426,292;5430,318;5435,288;5439,294;5443,320;5448,276;5452,304;5456,302;5461,316;5465,292;5469,318;5474,288;5478,316;5483,300;5487,292;5491,304;5496,302;5500,316;5504,286;5509,312;5513,290;5517,316;5522,300;5526,314;5530,298;5535,290;5539,316;5543,300;5548,312;5552,298;5557,310;5561,302;5565,314;5570,300;5574,312;5578,296;5583,324;5587,314;5591,298;5596,312;5600,310;5604,324;5609,286;5613,312;5617,298;5622,310;5626,294;5631,308;5635,314;5639,312;5644,312;5648,296;5652,310;5657,294;5661,328;5665,298;5670,312;5674,296;5678,308;5683,294;5687,312;5691,312;5696,296;5700,310;5705,308;5709,314;5713,284;5718,310;5722,296;5726,310;5731,294;5735,312;5739,312;5744,310;5748,308;5752,292;5757,306;5761,298;5766,310;5770,294;5774,308;5779,292;5783,296;5787,324;5792,308;5796,322;5800,292;5805,318;5809,296;5813,308;5818,292;5822,320;5826,290;5831,296;5835,322;5840,278;5844,304;5848,302;5853,316;5857,306;5861,320;5866,304;5870,318;5874,288;5879,314;5883,320;5887,278;5892,304;5896,302;5900,316;5905,292;5909,306;5914,290;5918,316;5922,288;5927,314;5931,320;5935,304;5940,302;5944,302;5948,314;5953,300;5957,320;5961,304;5966,318;5970,302;5974,314;5979,300;5983,276;5988,318;5992,290;5996,316;6001,300;6005,306;6009,290;6014,316;6018,286;6022,314;6027,298;6031,292;6035,316;6040,302;6044,314;6049,298;6053,318;6057,288;6062,316;6066,300;6070,314;6075,298;6079,302;6083,316;6088,300;6092,314;6096,284;6101,310;6105,288;6109,314;6114,298;6118,312;6123,282;6127,286;6131,312;6136,298;6140,310;6144,296;6149,308;6153,300;6157,312;6162,296;6166,310;6170,294;6175,284;6179,312;6183,296;6188,308;6192,292;6197,320;6201,282;6205,296;6210,280;6214,306;6218,292;6223,304;6227,310;6231,294;6236,306;6240,306;6244,304;6249,302;6253,306;6257,290;6262,318;6266,302;6271,314;6275,306;6279,292;6284,304;6288,302;6292,314;6297,300;6301,320;6305,290;6310,302;6314,286;6318,314;6323,284;6327,290;6331,316;6336,288;6340,314;6345,298;6349,304;6353,290;6358,316;6362,300;6366,312;6371,298;6375,288;6379,314;6384,286;6388,312;6392,298;6397,324;6401,286;6406,300;6410,298;6414,310;6419,296;6423,300;6427,312;6432,310;6436,310;6440,308;6445,308;6449,298;6453,326;6458,296;6462,322;6466,292;6471,298;6475,312;6480,296;6484,308;6488,308;6493,306;6497,296;6501,310;6506,280;6510,308;6514,292;6519,304;6523,310;6527,294;6532,308;6536,292;6540,306;6545,296;6549,310;6554,294;6558,306;6562,306;6567,318;6571,310;6575,294;6580,308;6584,292;6588,306;6593,290;6597,310;6601,280;6606,308;6610,292;6614,304;6619,276;6623,310;6628,308;6632,292;6636,306;6641,276;6645,310;6649,294;6654,306;6658,278;6662,306;6667,276;6671,268;6675,294;6680,250;6684,292;6688,290;6693,282;6697,266;6702,278;6706,264;6710,262;6715,260;6719,266;6723,278;6728,234;6732,290;6736,276;6741,280;6745,264;6749,278;6754,262;6758,276;6763,260;6767,266;6771,292;6776,276;6780,288;6784,244;6789,286;6793,264;6797,290;6802,262;6806,288;6810,258;6815,236;6819,290;6823,276;6828,288;6832,274;6837,286;6841,250;6845,276;6850,262;6854,274;6858,260;6863,236;6867,292;6871,276;6876,290;6880,274;6884,272;6889,264;6893,262;6898,262;6902,274;6906,272;6911,236;6915,292;6919,276;6924,290;6928,274;6932,286;6937,264;6941,276;6945,262;6950,274;6954,272;6958,272;6963,292;6967,262;6972,288;6976,272;6980,272;6985,228;6989,276;6993,260;6998,288;7002,258;7006,284;7011,262;7015,246;7019,274;7024,230;7028,284;7032,284;7037,274;7041,260;7046,272;7050,256;7054,270;7059,254;7063,246;7067,272;7072,228;7076,284;7080,270;7085,274;7089,260;7093,272;7098,272;7102,284;7106,268;7111,288;7115,286;7120,272;7124,284;7128,254;7133,268;7137,272;7141,286;7146,256;7150,268;7154,268;7159,244;7163,272;7167,228;7172,284;7176,268;7180,282;7185,258;7189,284;7194,256;7198,268;) of size 460\r\nSTEPPER: Moving to mstep: 5200 with speed [msteps/sec]: 4000 in SpreadCycle.\r\n'), 14:18:41
bytearray(b'STEPPER: Moved 2000.00 msteps (ramp: 35%) in 699.764 ms -> average speed [msteps/sec]: 2858.11\r\nSTEPPER: Moving to mstep: 7200 with speed [msteps/sec]: 1000 in StealthChop.\r\n'), 14:18:42
bytearray(b'STEPPER: Estimate 6: [msteps] 6667\r\nSTEPPER: buffer (5200,288;5204,304;5208,288;5213,316;5217,292;5221,306;5226,290;5230,316;5234,288;5239,328;5243,318;5247,302;5252,314;5256,300;5260,312;5265,302;5269,316;5274,286;5278,312;5282,296;5287,310;5291,300;5295,298;5300,312;5304,296;5308,310;5313,308;5317,298;5321,282;5326,310;5330,280;5334,308;5339,292;5343,312;5348,310;5352,308;5356,320;5361,306;5365,310;5369,308;5374,308;5378,292;5382,304;5387,290;5391,308;5395,322;5400,292;5404,320;5409,304;5413,294;5417,292;5422,306;5426,290;5430,318;5435,288;5439,306;5443,320;5448,304;5452,304;5456,302;5461,300;5465,304;5469,318;5474,288;5478,314;5483,300;5487,304;5491,318;5496,302;5500,314;5504,300;5509,312;5513,290;5517,302;5522,286;5526,300;5530,284;5535,310;5539,316;5543,302;5548,314;5552,312;5557,310;5561,286;5565,314;5570,286;5574,324;5578,308;5583,322;5587,328;5591,312;5596,324;5600,308;5604,320;5609,298;5613,310;5617,282;5622,308;5626,292;5631,304;5635,324;5639,308;5644,322;5648,306;5652,318;5657,288;5661,322;5665,292;5670,304;5674,288;5678,302;5683,286;5687,304;5691,316;5696,302;5700,314;5705,312;5709,302;5713,286;5718,298;5722,282;5726,310;5731,280;5735,312;5739,312;5744,310;5748,320;5752,304;5757,318;5761,296;5765,306;5770,290;5774,304;5779,288;5783,306;5787,320;5792,290;5796,318;5800,288;5805,314;5809,292;5813,304;5818,288;5822,316;5826,300;5831,312;5835,318;5840,302;5844,314;5848,298;5853,310;5857,288;5861,328;5866,284;5870,312;5874,282;5879,308;5883,314;5887,312;5892,310;5896,308;5900,308;5905,284;5909,310;5914,294;5918,306;5922,292;5927,318;5931,310;5935,294;5940,320;5944,276;5948,302;5953,288;5957,320;5961,304;5966,316;5970,300;5975,314;5979,304;5983,304;5988,314;5992,298;5996,312;6001,296;6005,314;6009,298;6014,312;6018,282;6022,308;6027,278;6031,310;6035,312;6040,308;6044,320;6049,304;6053,310;6057,292;6062,306;6066,290;6070,304;6075,288;6079,306;6083,320;6088,304;6092,316;6096,302;6101,314;6105,290;6109,304;6114,288;6118,300;6123,284;6127,304;6131,318;6136,302;6140,314;6144,312;6149,310;6153,286;6157,300;6162,284;6166,310;6170,294;6175,300;6179,312;6183,296;6188,322;6192,292;6197,306;6201,294;6205,310;6210,292;6214,304;6218,288;6223,300;6227,320;6231,304;6236,316;6240,300;6244,312;6249,288;6253,316;6258,300;6262,310;6266,296;6271,308;6275,312;6279,298;6284,310;6288,308;6292,320;6297,290;6301,310;6305,294;6310,308;6314,292;6318,318;6323,288;6327,308;6332,320;6336,304;6340,318;6345,302;6349,306;6353,290;6358,304;6362,286;6366,300;6371,284;6375,302;6379,314;6384,298;6388,312;6392,296;6397,308;6401,298;6406,310;6410,280;6414,308;6419,292;6423,296;6427,308;6432,308;6436,320;6440,304;6445,304;6449,294;6453,320;6458,304;6462,318;6467,288;6471,292;6475,304;6480,302;6484,316;6488,300;6493,312;6497,290;6501,300;6506,284;6510,312;6514,282;6519,310;6523,314;6527,298;6532,310;6536,294;6541,308;6545,298;6549,310;6554,294;6558,306;6562,292;6567,318;6571,310;6575,294;6580,320;6584,292;6588,318;6593,294;6597,308;6601,292;6606,304;6610,302;6615,314;6619,320;6623,304;6628,318;6632,302;6636,314;6641,298;6645,318;6649,286;6654,314;6658,286;6662,312;6667,296;6671,272;6675,286;6680,256;6684,296;6689,294;6693,284;6697,268;6702,282;6706,266;6710,278;6715,262;6719,268;6723,280;6728,250;6732,278;6736,262;6741,280;6745,264;6749,276;6754,246;6758,288;6763,272;6767,262;6771,276;6776,244;6780,286;6784,284;6789,298;6793,258;6797,286;6802,270;6806,282;6810,252;6815,272;6819,284;6823,240;6828,282;6832,280;6837,292;6841,254;6845,280;6850,266;6854,292;6858,262;6863,268;6867,280;6871,264;6876,290;6880,262;6884,288;6889,264;6893,276;6897,246;6902,272;6906,258;6911,270;6915,288;6919,260;6924,272;6928,256;6932,270;6937,260;6941,258;6945,256;6950,268;6954,252;6958,278;6963,270;6967,254;6972,282;6976,252;6980,278;6985,234;6989,282;6993,266;6998,292;7002,262;7006,288;7011,244;7015,278;7019,290;7024,274;7028,272;7032,230;7037,290;7041,258;7046,272;7050,242;7054,268;7059,252;7063,258;7067,286;7072,270;7076,282;7080,266;7085,284;7089,268;7093,282;7098,266;7102,278;7107,278;7111,282;7115,294;7120,252;7124,276;7128,260;7133,288;7137,264;7141,276;7146,262;7150,272;7154,242;7159,276;7163,288;7167,260;7172,272;7176,242;7181,282;7185,260;7189,272;7194,256;7198,270;) of size 460\r\nSTEPPER: Moving to mstep: 5200 with speed [msteps/sec]: 4000 in SpreadCycle.\r\n'), 14:18:45
bytearray(b'STEPPER: Moved 2000.00 msteps (ramp: 35%) in 699.756 ms -> average speed [msteps/sec]: 2858.14\r\nSTEPPER: Moving to mstep: 7200 with speed [msteps/sec]: 1000 in StealthChop.\r\n'), 14:18:45
bytearray(b'STEPPER: Estimate 7: [msteps] 6667\r\nSTEPPER: buffer (5200,292;5204,310;5208,296;5213,306;5217,298;5221,310;5226,296;5230,308;5234,292;5239,304;5243,310;5247,294;5252,306;5256,290;5260,304;5265,294;5269,306;5274,304;5278,318;5282,288;5287,314;5291,306;5295,304;5300,316;5304,302;5308,312;5313,284;5317,302;5321,286;5326,300;5330,298;5334,310;5339,294;5343,300;5348,312;5352,310;5356,310;5361,294;5365,312;5369,284;5374,310;5378,294;5382,306;5387,292;5391,296;5395,310;5400,294;5404,320;5408,290;5413,318;5417,294;5422,320;5426,288;5430,304;5435,288;5439,308;5443,306;5448,290;5452,304;5456,302;5461,316;5465,292;5469,318;5474,290;5478,316;5482,300;5487,292;5491,318;5496,302;5500,316;5504,300;5509,312;5513,290;5517,316;5522,286;5526,314;5530,284;5535,310;5539,316;5543,300;5548,312;5552,298;5557,308;5561,300;5565,314;5570,298;5574,310;5578,296;5583,308;5587,326;5591,312;5596,324;5600,294;5604,322;5609,298;5613,312;5617,296;5622,308;5626,294;5631,320;5635,310;5639,308;5644,308;5648,306;5652,306;5657,290;5661,322;5665,306;5670,320;5674,290;5678,316;5683,300;5687,306;5691,318;5696,302;5700,316;5705,300;5709,306;5713,290;5718,316;5722,286;5726,314;5731,298;5735,290;5739,302;5744,300;5748,312;5752,298;5757,310;5761,302;5766,314;5770,298;5774,312;5779,296;5783,286;5787,312;5792,298;5796,324;5800,294;5805,320;5809,282;5813,310;5818,294;5822,306;5826,290;5831,296;5835,308;5840,306;5844,304;5848,288;5853,314;5857,292;5861,318;5866,302;5870,316;5874,286;5879,312;5883,316;5887,302;5892,314;5896,298;5900,310;5905,286;5909,312;5914,298;5918,310;5922,294;5927,320;5931,312;5935,296;5940,310;5944,280;5948,306;5953,304;5957,310;5961,294;5966,322;5970,292;5974,318;5979,310;5983,294;5988,306;5992,306;5996,318;6001,302;6005,320;6009,290;6014,304;6018,288;6022,316;6027,286;6031,304;6035,302;6040,302;6044,314;6048,298;6053,312;6057,302;6062,314;6066,284;6070,310;6075,296;6079,300;6083,314;6088,296;6092,310;6096,310;6101,308;6105,298;6109,310;6114,296;6118,308;6123,292;6127,298;6131,310;6136,294;6140,308;6144,290;6149,304;6153,294;6157,306;6162,290;6166,304;6170,302;6175,292;6179,306;6183,290;6188,302;6192,300;6197,328;6201,288;6205,316;6210,286;6214,314;6218,298;6223,310;6227,314;6231,300;6236,312;6240,296;6244,310;6249,286;6253,314;6257,282;6262,310;6266,294;6271,322;6275,312;6279,296;6284,310;6288,308;6292,308;6297,306;6301,310;6305,294;6310,320;6314,292;6318,304;6323,288;6327,292;6331,306;6336,304;6340,316;6345,288;6349,320;6353,290;6358,304;6362,288;6366,300;6371,300;6375,276;6379,316;6384,300;6388,312;6392,298;6397,302;6401,286;6405,314;6410,282;6414,296;6419,294;6423,300;6427,312;6432,310;6436,324;6440,308;6445,320;6449,296;6453,310;6458,294;6462,320;6466,290;6471,296;6475,308;6480,292;6484,306;6488,304;6493,316;6497,294;6501,308;6506,290;6510,304;6514,288;6519,300;6523,318;6527,304;6532,316;6536,300;6540,314;6545,290;6549,304;6554,302;6558,314;6562,298;6567,312;6571,318;6575,302;6580,314;6584,298;6588,312;6593,288;6597,302;6601,286;6606,300;6610,284;6615,298;6619,314;6623,298;6628,312;6632,296;6636,308;6641,292;6645,312;6649,282;6654,308;6658,278;6662,306;6667,296;6671,280;6675,294;6680,250;6684,290;6689,290;6693,280;6697,264;6702,278;6706,262;6710,274;6715,272;6719,236;6723,290;6728,276;6732,288;6736,286;6741,264;6745,278;6749,290;6754,274;6758,288;6763,272;6767,248;6771,274;6776,232;6780,286;6784,270;6789,296;6793,260;6797,286;6802,256;6806,284;6810,252;6815,272;6819,284;6823,254;6828,282;6832,266;6837,292;6841,256;6845,282;6850,268;6854,280;6858,264;6863,270;6867,296;6871,266;6876,280;6880,234;6884,276;6889,266;6893,280;6898,264;6902,276;6906,262;6911,274;6915,278;6919,264;6924,292;6928,276;6932,288;6937,244;6941,278;6945,276;6950,288;6954,272;6958,286;6963,276;6967,276;6972,288;6976,272;6980,284;6985,254;6989,274;6993,258;6998,284;7002,268;7006,282;7011,252;7015,272;7019,284;7024,268;7028,280;7032,250;7037,286;7041,270;7046,296;7050,266;7054,264;7059,278;7063,268;7067,282;7072,252;7076,264;7080,234;7085,282;7089,266;7093,278;7098,264;7102,276;7107,246;7111,280;7115,278;7120,248;7124,276;7128,260;7133,266;7137,264;7141,276;7146,276;7150,274;7154,258;7159,264;7163,276;7167,246;7172,274;7176,258;7181,284;7185,262;7189,260;7194,272;7198,284;) of size 460\r\nSTEPPER: Moving to mstep: 5200 with speed [msteps/sec]: 4000 in SpreadCycle.\r\n'), 14:18:48
bytearray(b'STEPPER: Moved 2000.00 msteps (ramp: 35%) in 699.756 ms -> average speed [msteps/sec]: 2858.14\r\nSTEPPER: Moving to mstep: 7200 with speed [msteps/sec]: 1000 in StealthChop.\r\n'), 14:18:49
bytearray(b'STEPPER: Estimate 8: [msteps] 6662\r\nSTEPPER: buffer (5200,288;5204,304;5208,260;5213,302;5217,292;5221,304;5226,290;5230,316;5234,300;5239,328;5243,306;5247,304;5252,316;5256,286;5260,314;5265,290;5269,318;5274,302;5278,330;5282,300;5287,324;5291,316;5295,302;5300,314;5304,284;5308,310;5313,308;5317,314;5321,298;5326,312;5330,296;5334,322;5339,292;5343,298;5348,312;5352,296;5356,322;5361,306;5365,310;5369,310;5374,322;5378,308;5382,306;5387,290;5391,296;5395,310;5400,292;5404,306;5408,292;5413,310;5417,296;5422,322;5426,292;5430,306;5435,290;5439,310;5443,308;5448,292;5452,306;5456,290;5461,304;5465,296;5469,322;5474,306;5478,318;5482,290;5487,308;5491,320;5496,292;5500,304;5504,302;5509,316;5513,306;5517,316;5522,302;5526,302;5530,300;5535,314;5539,318;5543,290;5548,302;5552,300;5556,314;5561,304;5565,318;5570,302;5574,314;5578,298;5583,312;5587,316;5591,288;5596,314;5600,298;5604,312;5609,296;5613,314;5617,298;5622,312;5626,296;5630,308;5635,312;5639,298;5644,310;5648,294;5652,308;5657,292;5661,324;5665,308;5670,308;5674,292;5678,318;5683,304;5687,294;5691,306;5696,306;5700,318;5705,302;5709,322;5713,306;5718,304;5722,288;5726,316;5731,300;5735,290;5739,304;5744,302;5748,314;5752,298;5757,310;5761,302;5766,314;5770,298;5774,312;5779,296;5783,288;5787,314;5792,298;5796,310;5800,296;5805,322;5809,300;5813,312;5818,296;5822,310;5826,294;5831,298;5835,310;5840,296;5844,308;5848,292;5853,306;5857,296;5861,310;5866,294;5870,320;5874,306;5879,318;5883,308;5887,292;5892,304;5896,302;5900,316;5905,292;5909,306;5914,290;5918,316;5922,300;5927,314;5931,304;5935,288;5940,314;5944,300;5948,312;5953,296;5957,314;5961,300;5966,312;5970,310;5974,324;5979,308;5983,298;5988,310;5992,296;5996,308;6001,294;6005,312;6009,282;6014,308;6018,294;6022,320;6027,304;6031,296;6035,308;6040,306;6044,306;6048,290;6053,310;6057,294;6062,320;6066,292;6070,318;6075,302;6079,294;6083,306;6088,304;6092,304;6096,302;6101,300;6105,290;6109,304;6114,302;6118,316;6122,300;6127,290;6131,316;6136,288;6140,314;6144,284;6149,298;6153,302;6157,314;6162,300;6166,312;6170,296;6175,286;6179,312;6183,298;6188,310;6192,282;6197,308;6201,296;6205,310;6210,296;6214,308;6218,292;6223,306;6227,310;6231,308;6236,308;6240,292;6244,304;6249,294;6253,308;6257,292;6262,318;6266,302;6271,316;6275,306;6279,306;6284,304;6288,288;6292,302;6297,300;6301,306;6305,290;6310,316;6314,300;6318,312;6323,304;6327,290;6332,314;6336,286;6340,312;6345,296;6349,316;6353,302;6358,314;6362,298;6366,310;6371,294;6375,300;6379,312;6384,282;6388,308;6392,294;6397,308;6401,298;6406,312;6410,296;6414,308;6419,292;6423,298;6427,310;6432,294;6436,308;6440,292;6445,306;6449,296;6453,322;6458,294;6462,306;6466,290;6471,296;6475,308;6480,292;6484,306;6488,290;6493,316;6497,294;6501,318;6506,304;6510,304;6514,288;6519,314;6523,318;6527,302;6532,316;6536,300;6540,312;6545,304;6549,316;6554,300;6558,312;6562,296;6567,308;6571,314;6575,284;6580,296;6584,294;6588,308;6593,292;6597,310;6601,280;6606,306;6610,290;6614,316;6619,308;6623,292;6628,304;6632,290;6636,302;6641,300;6645,318;6649,290;6654,316;6658,286;6662,312;6667,284;6671,258;6675,300;6680,284;6684,296;6689,282;6693,286;6697,270;6702,282;6706,268;6710,280;6715,264;6719,270;6723,296;6728,266;6732,292;6736,276;6741,268;6745,252;6749,264;6754,248;6758,276;6763,260;6767,266;6771,292;6776,262;6780,288;6784,272;6789,286;6793,276;6797,288;6802,258;6806,284;6810,256;6815,260;6819,288;6824,242;6828,284;6832,282;6837,294;6841,256;6845,284;6850,254;6854,280;6858,264;6863,268;6867,280;6871,236;6876,292;6880,276;6884,290;6889,266;6893,278;6898,264;6902,276;6906,258;6911,272;6915,276;6919,232;6924,288;6928,272;6932,286;6937,262;6941,274;6945,274;6950,286;6954,270;6958,282;6963,288;6967,272;6972,284;6976,256;6980,268;6985,250;6989,270;6993,254;6998,282;7002,266;7006,278;7011,248;7015,266;7019,280;7024,264;7028,278;7032,234;7037,280;7041,252;7046,278;7050,262;7054,276;7059,258;7063,278;7067,292;7072,276;7076,274;7080,230;7085,280;7089,278;7093,276;7098,260;7102,260;7106,272;7111,276;7115,290;7120,274;7124,274;7128,258;7133,272;7137,264;7141,274;7146,258;7150,272;7154,256;7159,232;7163,288;7167,274;7172,286;7176,256;7180,282;7185,260;7189,286;7194,270;7198,284;) of size 460\r\nSTEPPER: Moving to mstep: 5200 with speed [msteps/sec]: 4000 in SpreadCycle.\r\n'), 14:18:51
bytearray(b'STEPPER: Moved 2000.00 msteps (ramp: 35%) in 699.756 ms -> average speed [msteps/sec]: 2858.14\r\nSTEPPER: Moving to mstep: 7200 with speed [msteps/sec]: 1000 in StealthChop.\r\n'), 14:18:52
bytearray(b'STEPPER: Estimate 9: [msteps] 6654\r\nSTEPPER: buffer (5200,290;5204,312;5208,282;5213,310;5217,300;5221,312;5226,296;5230,308;5234,280;5239,308;5243,312;5247,296;5252,322;5256,306;5260,318;5265,296;5269,308;5274,292;5278,320;5282,290;5287,302;5291,322;5295,306;5300,318;5304,302;5308,316;5313,300;5317,304;5321,288;5326,316;5330,288;5334,312;5339,296;5343,302;5348,314;5352,298;5356,310;5361,294;5365,314;5369,298;5374,312;5378,296;5382,308;5387,292;5391,298;5395,312;5400,296;5404,322;5408,306;5413,320;5417,266;5422,308;5426,292;5430,318;5435,288;5439,294;5443,306;5448,290;5452,318;5456,302;5461,316;5465,292;5469,318;5474,302;5478,316;5482,300;5487,290;5491,304;5496,302;5500,314;5504,300;5509,312;5513,302;5517,314;5522,286;5526,312;5530,296;5535,310;5539,314;5543,312;5548,312;5552,296;5557,308;5561,298;5565,312;5570,296;5574,322;5578,306;5583,306;5587,310;5591,296;5596,322;5600,306;5604,318;5609,282;5613,308;5617,292;5622,304;5626,288;5631,302;5635,320;5639,304;5644,318;5648,302;5652,314;5657,300;5661,318;5665,302;5670,316;5674,300;5678,314;5683,298;5687,302;5691,302;5696,300;5700,312;5705,310;5709,316;5713,300;5718,312;5722,296;5726,310;5731,294;5735,298;5739,312;5744,296;5748,310;5752,294;5757,306;5761,298;5765,312;5770,296;5774,322;5779,308;5783,286;5787,312;5792,296;5796,324;5800,294;5805,308;5809,298;5813,310;5818,296;5822,310;5826,292;5831,298;5835,312;5840,296;5844,310;5848,294;5853,306;5857,298;5861,310;5866,282;5870,308;5874,292;5879,306;5883,310;5887,310;5892,322;5896,292;5900,306;5905,296;5909,308;5914,294;5918,306;5922,290;5927,304;5931,322;5935,308;5940,320;5944,304;5948,304;5953,302;5957,308;5961,306;5966,304;5970,290;5974,316;5979,308;5983,292;5988,304;5992,290;5996,316;6001,300;6005,320;6009,290;6014,302;6018,288;6022,314;6027,298;6031,304;6035,318;6040,300;6044,314;6049,298;6053,318;6057,288;6062,314;6066,286;6070,312;6075,296;6079,288;6083,300;6088,300;6092,312;6096,298;6101,310;6105,286;6109,312;6114,284;6118,298;6123,280;6127,300;6131,312;6136,298;6140,310;6144,294;6149,306;6153,298;6157,310;6162,294;6166,308;6170,292;6175,296;6179,310;6183,296;6188,322;6192,292;6197,318;6201,294;6205,308;6210,292;6214,306;6218,290;6223,304;6227,308;6231,306;6236,320;6240,290;6244,302;6249,294;6253,306;6257,292;6262,318;6266,302;6271,316;6275,320;6279,304;6284,316;6288,302;6292,316;6297,300;6301,304;6305,288;6310,302;6314,286;6318,312;6323,304;6327,302;6332,316;6336,302;6340,300;6345,298;6349,318;6353,286;6358,300;6362,284;6366,310;6371,294;6375,286;6379,312;6384,296;6388,308;6392,294;6397,306;6401,296;6406,310;6410,294;6414,320;6419,290;6423,296;6427,324;6432,306;6436,306;6440,304;6445,316;6449,292;6453,306;6458,290;6462,316;6466,300;6471,290;6475,304;6480,302;6484,314;6488,312;6493,312;6497,288;6501,300;6506,284;6510,296;6514,282;6519,294;6523,314;6527,312;6532,310;6536,296;6541,308;6545,298;6549,310;6554,294;6558,306;6562,280;6567,304;6571,308;6575,294;6580,306;6584,304;6588,304;6593,294;6597,306;6601,292;6606,304;6610,288;6615,316;6619,306;6623,304;6628,316;6632,302;6636,314;6641,298;6645,304;6649,286;6654,314;6658,284;6662,298;6667,268;6671,286;6675,298;6680,282;6684,280;6689,266;6693,298;6697,268;6702,280;6706,264;6710,278;6715,276;6719,252;6723,280;6728,236;6732,290;6736,276;6741,280;6745,264;6749,276;6754,260;6758,274;6763,258;6767,264;6771,290;6776,260;6780,288;6784,258;6789,286;6793,248;6797,288;6802,258;6806,272;6810,256;6815,260;6819,288;6824,242;6828,284;6832,284;6837,296;6841,258;6845,286;6850,256;6854,282;6858,252;6863,272;6867,284;6871,268;6876,282;6880,250;6884,278;6889,268;6893,282;6898,278;6902,292;6906,264;6911,276;6915,294;6919,264;6924,276;6928,262;6932,288;6937,250;6941,276;6945,262;6950,274;6954,274;6958,286;6963,292;6967,262;6972,288;6976,258;6980,286;6985,256;6989,288;6993,260;6998,272;7002,242;7006,268;7011,288;7015,258;7019,286;7024,256;7028,282;7033,268;7037,272;7041,256;7046,284;7050,240;7054,280;7059,266;7063,270;7067,284;7072,268;7076,280;7080,252;7085,270;7089,254;7093,282;7098,252;7102,278;7107,250;7111,240;7115,280;7120,280;7124,292;7128,264;7133,268;7137,252;7141,280;7146,264;7150,276;7154,248;7159,266;7163,280;7167,264;7172,262;7176,246;7181,274;7185,264;7189,276;7194,248;7198,274;) of size 460\r\nSTEPPER: Moving to mstep: 5200 with speed [msteps/sec]: 4000 in SpreadCycle.\r\n'), 14:18:54
bytearray(b'STEPPER: Moved 2000.00 msteps (ramp: 35%) in 699.756 ms -> average speed [msteps/sec]: 2858.14\r\nSTEPPER: Moving to mstep: 7200 with speed [msteps/sec]: 1000 in StealthChop.\r\n'), 14:18:55
bytearray(b'STEPPER: Estimate 10: [msteps] 6688\r\nSTEPPER: buffer (5200,286;5204,308;5208,264;5213,320;5217,284;5221,310;5226,294;5230,320;5234,290;5239,318;5243,308;5247,306;5252,318;5256,304;5260,316;5265,280;5269,306;5274,290;5278,302;5282,288;5287,314;5291,320;5295,306;5300,318;5304,302;5308,314;5313,278;5317,304;5321,274;5326,302;5330,286;5334,312;5339,282;5343,304;5348,314;5352,300;5356,312;5361,296;5365,316;5369,300;5374,312;5378,296;5382,322;5387,294;5391,284;5395,310;5400,294;5404,322;5409,306;5413,310;5417,280;5422,308;5426,292;5430,318;5435,288;5439,294;5443,306;5448,292;5452,318;5456,302;5461,316;5465,278;5469,318;5474,290;5478,302;5483,286;5487,306;5491,318;5496,302;5500,314;5504,300;5509,312;5513,288;5517,316;5522,286;5526,312;5530,282;5535,310;5539,302;5543,300;5548,312;5552,296;5557,310;5561,300;5565,312;5570,298;5574,310;5578,296;5583,322;5587,314;5591,298;5596,324;5600,296;5604,322;5609,284;5613,312;5617,280;5622,308;5626,292;5631,318;5635,310;5639,308;5644,306;5648,304;5652,318;5657,302;5661,320;5665,292;5670,318;5674,288;5678,314;5683,298;5687,304;5691,318;5696,314;5700,312;5705,312;5709,316;5713,286;5718,312;5722,282;5726,310;5731,296;5735,300;5739,326;5744,310;5748,310;5752,294;5757,320;5761,296;5765,310;5770,280;5774,306;5779,290;5783,294;5787,322;5792,308;5796,320;5800,304;5805,318;5809,280;5813,308;5818,278;5822,304;5826,288;5831,308;5835,320;5840,304;5844,304;5848,302;5853,314;5857,292;5861,318;5866,288;5870,316;5874,300;5879,312;5883,318;5887,302;5892,314;5896,300;5900,312;5905,290;5909,316;5914,286;5918,300;5922,284;5927,310;5931,316;5935,300;5940,314;5944,298;5948,310;5953,280;5957,314;5961,298;5966,310;5970,294;5974,308;5979,314;5983,298;5988,324;5992,308;5996,322;6001,304;6005,310;6009,280;6014,306;6018,278;6022,304;6027,288;6031,294;6035,306;6040,304;6044,316;6048,302;6053,306;6057,290;6062,304;6066,288;6070,314;6075,286;6079,304;6083,318;6088,304;6092,316;6096,300;6101,312;6105,290;6109,316;6114,286;6118,314;6123,284;6127,304;6131,316;6136,302;6140,314;6144,298;6149,310;6153,288;6157,300;6162,284;6166,312;6170,282;6175,308;6179,312;6183,298;6188,310;6192,294;6197,322;6201,284;6205,312;6210,282;6214,294;6218,280;6223,320;6227,310;6231,296;6236,308;6240,306;6244,318;6249,282;6253,308;6257,292;6262,320;6266,290;6271,316;6275,322;6279,304;6284,304;6288,302;6292,314;6297,312;6301,304;6305,274;6310,302;6314,284;6318,312;6323,282;6327,302;6331,328;6336,298;6340,312;6345,310;6349,302;6353,286;6358,312;6362,296;6366,310;6371,280;6375,300;6379,312;6384,296;6388,308;6392,294;6397,320;6401,282;6406,308;6410,280;6414,306;6419,290;6423,310;6427,310;6432,308;6436,320;6440,306;6445,318;6449,280;6453,308;6458,292;6462,318;6466,288;6471,308;6475,320;6480,306;6484,318;6488,304;6493,316;6497,278;6501,306;6506,290;6510,316;6514,286;6519,300;6523,304;6527,304;6532,316;6536,300;6540,314;6545,290;6549,304;6554,300;6558,314;6562,284;6567,310;6571,316;6575,300;6580,312;6584,298;6588,324;6593,294;6597,300;6601,284;6606,296;6610,280;6614,294;6619,278;6623,298;6628,310;6632,296;6636,308;6641,306;6645,298;6649,282;6654,308;6658,278;6662,306;6667,276;6671,282;6675,294;6680,278;6684,292;6688,290;6693,280;6697,252;6702,278;6706,248;6710,276;6715,246;6719,280;6723,292;6728,278;6732,288;6736,260;6741,278;6745,264;6749,290;6754,262;6758,274;6762,258;6767,274;6771,288;6776,260;6780,288;6784,270;6789,284;6793,260;6797,274;6802,256;6806,284;6810,254;6815,274;6819,300;6823,270;6828,298;6832,270;6836,296;6841,244;6845,284;6850,242;6854,282;6858,252;6863,280;6867,286;6871,256;6876,282;6880,268;6884,280;6889,242;6893,284;6897,268;6902,280;6906,266;6911,278;6915,282;6919,282;6924,280;6928,252;6932,292;6937,240;6941,266;6945,252;6950,292;6954,262;6958,276;6963,280;6967,264;6972,278;6976,234;6980,276;6985,274;6989,278;6993,264;6998,276;7002,246;7006,274;7011,230;7015,278;7019,290;7024,274;7028,274;7032,258;7037,262;7041,246;7046,274;7050,244;7054,270;7059,242;7063,262;7067,288;7072,258;7076,286;7080,270;7085,276;7089,246;7093,274;7098,244;7102,270;7106,240;7111,274;7115,286;7120,272;7124,286;7128,242;7133,268;7137,246;7141,272;7146,256;7150,284;7154,254;7159,260;7163,286;7167,256;7172,284;7176,268;7180,280;7185,272;7189,284;7194,268;7198,282;) of size 460\r\nSTEPPER: Final estimate: [mstep] 6669\r\nFound dispense position: [\xc2\xb5m] 33325\r\nreturn;find;6665\r\n\xef\xbf\xbdreceived from UR: find -> find (0,1)\r\nSTEPPER: Moving to mstep: 5200 with speed [msteps/sec]: 4000 in SpreadCycle.\r\n'), 14:18:58
bytearray(b'STEPPER: Moved 2000.00 msteps (ramp: 35%) in 699.756 ms -> average speed [msteps/sec]: 2858.14\r\nSTEPPER: Moving to mstep: 7200 with speed [msteps/sec]: 1000 in StealthChop.\r\n'), 14:18:58
bytearray(b'STEPPER: Estimate 1: [msteps] 6662\r\nSTEPPER: buffer (5200,280;5204,308;5208,292;5213,320;5217,296;5221,324;5226,294;5230,308;5234,292;5239,318;5243,310;5247,296;5252,322;5256,306;5260,306;5265,298;5269,310;5274,294;5278,308;5282,292;5287,320;5291,310;5295,296;5300,308;5304,294;5308,306;5313,304;5317,310;5321,280;5326,308;5330,278;5335,306;5339,310;5343,310;5348,322;5352,306;5356,306;5361,304;5365,324;5369,308;5374,308;5378,292;5382,318;5387,288;5391,294;5395,320;5400,306;5404,318;5409,302;5413,308;5417,292;5422,304;5426,290;5430,316;5435,300;5439,292;5443,304;5448,290;5452,316;5456,300;5461,314;5465,290;5469,316;5474,302;5478,314;5483,284;5487,304;5491,316;5496,316;5500,314;5504,298;5509,312;5513,288;5517,316;5522,300;5526,314;5530,284;5535,312;5539,316;5543,288;5548,314;5552,298;5557,312;5561,302;5565,314;5570,298;5574,312;5578,310;5583,310;5587,314;5591,300;5596,312;5600,296;5604,324;5609,286;5613,312;5617,284;5622,310;5626,280;5631,308;5635,326;5639,310;5644,322;5648,308;5652,320;5657,304;5661,324;5665,294;5670,320;5674,292;5678,318;5683,302;5687,294;5691,306;5696,304;5700,318;5705,302;5709,308;5713,292;5718,320;5722,290;5726,316;5731,300;5735,278;5739,306;5744,304;5748,316;5752,302;5757,314;5761,292;5766,318;5770,302;5774,316;5779,302;5783,292;5787,306;5792,290;5796,318;5800,302;5805,316;5809,292;5813,306;5818,290;5822,318;5826,288;5831,294;5835,306;5840,306;5844,318;5848,304;5853,316;5857,292;5861,322;5866,306;5870,320;5874,290;5879,316;5883,308;5887,308;5892,306;5896,292;5901,304;5905,294;5909,308;5914,294;5918,306;5922,290;5927,304;5931,310;5935,294;5940,308;5944,306;5948,320;5953,304;5957,310;5961,294;5966,308;5970,292;5975,306;5979,312;5983,296;5988,310;5992,294;5996,320;6001,278;6005,310;6009,294;6014,308;6018,292;6022,320;6027,290;6031,310;6035,308;6040,306;6044,320;6049,304;6053,310;6057,282;6062,322;6066,292;6070,306;6075,290;6079,296;6083,308;6088,294;6092,306;6096,290;6101,304;6105,280;6109,308;6114,292;6118,320;6123,290;6127,296;6131,308;6136,294;6140,320;6144,304;6149,304;6153,294;6157,322;6162,306;6166,304;6170,290;6175,296;6179,308;6183,292;6188,306;6192,290;6197,318;6201,294;6205,308;6210,278;6214,304;6218,276;6223,302;6227,322;6231,306;6236,306;6240,292;6244,304;6249,280;6253,308;6258,292;6262,320;6266,290;6271,318;6275,308;6279,308;6284,320;6288,304;6292,316;6297,302;6301,308;6305,292;6310,318;6314,288;6318,300;6323,286;6327,306;6332,306;6336,304;6340,316;6345,302;6349,306;6353,290;6358,318;6362,288;6366,316;6371,300;6375,278;6379,304;6384,302;6388,316;6393,300;6397,308;6401,304;6406,304;6410,288;6414,302;6419,286;6423,306;6427,320;6432,304;6436,316;6440,302;6445,314;6449,290;6453,318;6458,288;6462,314;6467,300;6471,304;6475,304;6480,288;6484,314;6488,286;6493,312;6497,290;6501,302;6506,286;6510,300;6514,284;6519,312;6523,318;6527,302;6532,314;6536,298;6541,312;6545,290;6549,316;6554,286;6558,298;6562,284;6567,312;6571,316;6575,300;6580,314;6584,298;6588,312;6593,288;6597,302;6601,286;6606,314;6610,284;6615,310;6619,316;6623,286;6628,312;6632,298;6636,312;6641,296;6645,316;6649,286;6654,314;6658,284;6662,310;6667,282;6671,272;6675,286;6680,270;6684,282;6689,282;6693,286;6697,272;6702,284;6706,268;6710,282;6715,266;6719,272;6723,284;6728,254;6732,282;6736,238;6741,284;6745,268;6749,268;6754,266;6758,278;6763,264;6767,254;6771,282;6776,266;6780,280;6784,264;6789,278;6793,254;6797,280;6802,264;6806,292;6810,262;6815,282;6819,294;6824,278;6828,292;6832,248;6837,288;6841,264;6845,294;6850,264;6854,276;6858,274;6863,288;6867,292;6871,276;6876,290;6880,260;6884,286;6889,250;6893,276;6898,260;6902,274;6906,258;6911,272;6915,276;6919,260;6924,288;6928,272;6932,284;6937,262;6941,260;6945,258;6950,272;6954,270;6958,284;6963,288;6967,260;6972,286;6976,256;6980,270;6985,254;6989,288;6993,258;6998,270;7002,268;7006,282;7011,286;7015,272;7019,284;7024,268;7028,282;7032,266;7037,272;7041,270;7046,282;7050,252;7054,280;7059,264;7063,254;7067,282;7072,252;7076,280;7080,264;7085,282;7089,254;7093,266;7098,250;7102,264;7106,248;7111,268;7115,280;7120,236;7124,292;7128,276;7133,288;7137,252;7141,264;7146,276;7150,276;7154,274;7159,250;7163,262;7167,248;7172,288;7176,272;7181,286;7185,262;7189,288;7194,258;7198,270;) of size 460\r\nSTEPPER: Moving to mstep: 5200 with speed [msteps/sec]: 4000 in SpreadCycle.\r\n'), 14:19:01
bytearray(b'STEPPER: Moved 2000.00 msteps (ramp: 35%) in 699.756 ms -> average speed [msteps/sec]: 2858.14\r\nSTEPPER: Moving to mstep: 7200 with speed [msteps/sec]: 1000 in StealthChop.\r\n'), 14:19:01
bytearray(b'STEPPER: Estimate 2: [msteps] 6654\r\nSTEPPER: buffer (5200,276;5204,314;5208,270;5213,312;5217,288;5221,302;5226,286;5230,312;5234,296;5239,324;5243,314;5247,284;5252,312;5256,296;5260,308;5265,300;5269,314;5274,298;5278,310;5282,294;5287,320;5291,312;5295,310;5300,310;5304,308;5308,306;5313,306;5317,310;5321,294;5326,322;5330,292;5334,304;5339,302;5343,294;5348,306;5352,292;5356,316;5361,302;5365,320;5369,306;5374,318;5378,290;5382,316;5387,286;5391,304;5395,318;5400,302;5404,316;5408,286;5413,306;5417,290;5422,316;5426,286;5430,314;5435,284;5439,304;5443,302;5448,300;5452,314;5456,298;5461,310;5465,288;5469,314;5474,284;5478,312;5482,296;5487,286;5491,314;5496,298;5500,310;5504,310;5509,308;5513,298;5517,312;5522,296;5526,310;5530,294;5535,320;5539,312;5543,296;5548,308;5552,294;5556,306;5561,298;5565,310;5570,294;5574,308;5578,292;5583,318;5587,310;5591,294;5596,308;5600,292;5604,318;5609,304;5613,308;5617,278;5622,304;5626,290;5631,316;5635,308;5639,292;5644,318;5648,302;5652,316;5657,300;5661,320;5665,290;5670,316;5674,302;5678,314;5683,298;5687,304;5691,316;5696,300;5700,312;5705,312;5709,316;5713,300;5718,314;5722,284;5726,310;5731,296;5735,288;5739,314;5744,298;5748,310;5752,282;5757,308;5761,300;5765,312;5770,298;5774,312;5779,296;5783,286;5787,314;5792,298;5796,312;5800,296;5805,322;5809,286;5813,298;5818,282;5822,310;5826,294;5831,286;5835,312;5839,296;5844,310;5848,308;5853,306;5857,284;5861,310;5866,294;5870,308;5874,292;5879,304;5883,310;5887,294;5892,308;5896,292;5900,304;5905,296;5909,308;5914,294;5918,306;5922,290;5927,304;5931,310;5935,294;5940,306;5944,292;5948,306;5953,290;5957,324;5961,294;5966,306;5970,306;5974,318;5979,288;5983,294;5988,306;5992,306;5996,318;6001,302;6005,322;6009,292;6014,306;6018,290;6022,316;6027,300;6031,292;6035,306;6040,304;6044,318;6048,288;6053,314;6057,292;6062,318;6066,302;6070,316;6075,300;6079,290;6083,304;6088,302;6092,316;6096,300;6101,312;6105,290;6109,316;6114,288;6118,314;6122,284;6127,302;6131,316;6136,300;6140,312;6144,296;6149,310;6153,300;6157,298;6162,296;6166,310;6170,294;6175,284;6179,312;6183,296;6188,310;6192,294;6197,320;6201,282;6205,310;6210,280;6214,306;6218,262;6223,302;6227,308;6231,304;6236,304;6240,288;6244,316;6249,292;6253,318;6257,288;6262,316;6266,286;6271,312;6275,304;6279,274;6284,314;6288,298;6292,312;6297,296;6301,314;6305,300;6310,312;6314,282;6318,310;6323,294;6327,284;6332,312;6336,296;6340,308;6345,294;6349,312;6353,298;6358,310;6362,294;6366,308;6371,292;6375,296;6379,310;6384,294;6388,306;6392,290;6397,316;6401,294;6406,320;6410,290;6414,304;6419,302;6423,292;6427,306;6432,304;6436,316;6440,288;6445,314;6449,292;6453,318;6458,288;6462,316;6466,300;6471,292;6475,316;6480,302;6484,314;6488,300;6493,312;6497,302;6501,316;6506,286;6510,298;6514,284;6519,310;6523,316;6527,286;6532,314;6536,298;6540,310;6545,288;6549,314;6554,300;6558,312;6562,296;6567,324;6571,300;6575,284;6580,298;6584,296;6588,310;6593,286;6597,300;6601,284;6606,310;6610,282;6614,308;6619,314;6623,298;6628,312;6632,296;6636,310;6641,294;6645,312;6649,298;6654,310;6658,282;6662,308;6667,278;6671,282;6675,296;6680,266;6684,278;6689,250;6693,282;6697,266;6702,280;6706,264;6710,278;6715,248;6719,268;6723,280;6728,236;6732,290;6736,276;6741,280;6745,264;6749,278;6754,262;6758,276;6763,274;6767,278;6771,292;6776,276;6780,288;6784,258;6789,286;6793,248;6797,288;6802,260;6806,272;6810,256;6815,262;6819,276;6823,244;6828,286;6832,284;6837,296;6841,258;6845,286;6850,256;6854,268;6858,254;6863,258;6867,272;6871,270;6876,282;6880,252;6884,280;6889,256;6893,282;6898,254;6902,280;6906,250;6911,278;6915,282;6919,266;6924,280;6928,264;6932,276;6937,252;6941,280;6945,264;6950,276;6954,274;6958,288;6963,292;6967,276;6972,290;6976,260;6980,286;6985,256;6989,276;6993,260;6998,272;7002,256;7006,268;7011,268;7015,258;7019,272;7024,270;7028,282;7032,254;7037,272;7041,258;7046,284;7050,254;7054,280;7059,252;7063,256;7067,268;7072,268;7076,280;7080,264;7085,270;7089,254;7093,282;7098,250;7102,278;7106,262;7111,268;7115,280;7120,250;7124,278;7128,276;7133,276;7137,238;7141,280;7146,264;7150,290;7154,274;7159,238;7163,264;7167,234;7172,276;7176,276;7181,288;7185,252;7189,264;7194,248;7198,276;) of size 460\r\nSTEPPER: Moving to mstep: 5200 with speed [msteps/sec]: 4000 in SpreadCycle.\r\n'), 14:19:04
bytearray(b'STEPPER: Moved 2000.00 msteps (ramp: 35%) in 699.756 ms -> average speed [msteps/sec]: 2858.14\r\nSTEPPER: Moving to mstep: 7200 with speed [msteps/sec]: 1000 in StealthChop.\r\n'), 14:19:05
bytearray(b'STEPPER: Estimate 3: [msteps] 6680\r\nSTEPPER: buffer (5200,292;5204,300;5208,270;5213,312;5217,288;5221,314;5226,298;5230,326;5234,296;5239,310;5243,314;5247,298;5252,310;5256,308;5260,320;5265,282;5269,310;5274,294;5278,322;5282,290;5287,318;5291,322;5295,306;5300,306;5304,304;5308,316;5313,278;5317,304;5321,290;5326,302;5330,286;5334,300;5339,284;5343,304;5348,316;5352,300;5356,314;5361,298;5365,316;5369,300;5374,314;5378,298;5382,312;5387,296;5391,286;5395,314;5400,298;5404,326;5408,296;5413,314;5417,284;5422,298;5426,282;5430,308;5435,278;5439,312;5443,310;5448,310;5452,322;5456,306;5461,304;5465,296;5469,310;5474,292;5478,304;5483,290;5487,308;5491,320;5496,306;5500,318;5504,302;5509,316;5513,292;5517,318;5522,288;5526,316;5530,300;5535,292;5539,304;5543,302;5548,314;5552,286;5557,312;5561,302;5565,328;5570,300;5574,312;5578,296;5583,322;5587,316;5591,298;5596,324;5600,296;5604,322;5609,286;5613,314;5617,296;5622,310;5626,294;5631,308;5635,292;5639,282;5644,310;5648,294;5652,306;5657,306;5661,310;5665,294;5670,320;5674,292;5678,318;5683,288;5687,308;5691,318;5696,304;5700,318;5705,302;5709,320;5713,290;5718,318;5722,302;5726,316;5731,286;5735,306;5739,318;5744,290;5748,302;5752,300;5757,302;5761,304;5765,316;5770,288;5774,302;5779,286;5783,302;5787,318;5792,302;5796,316;5800,300;5805,314;5809,290;5813,302;5818,286;5822,300;5826,284;5831,304;5835,316;5840,302;5844,314;5848,298;5853,312;5857,288;5861,316;5866,286;5870,314;5874,298;5879,312;5883,314;5887,300;5892,314;5896,284;5900,310;5905,288;5909,300;5914,286;5918,312;5922,296;5927,310;5931,314;5935,298;5940,312;5944,296;5948,308;5953,292;5957,312;5961,296;5966,308;5970,294;5974,308;5979,312;5983,296;5988,324;5992,308;5996,318;6001,290;6005,322;6009,294;6014,320;6018,290;6022,302;6027,286;6031,306;6035,318;6040,302;6044,316;6048,300;6053,312;6057,302;6062,316;6066,286;6070,312;6075,296;6079,302;6083,314;6088,284;6092,310;6096,310;6101,310;6105,298;6109,312;6114,296;6118,308;6123,292;6127,312;6131,310;6136,308;6140,320;6144,304;6149,304;6153,308;6157,306;6162,292;6166,318;6170,288;6175,300;6179,320;6183,304;6188,316;6192,302;6197,314;6201,288;6205,316;6210,300;6214,312;6218,296;6223,310;6227,300;6231,300;6236,310;6240,296;6244,308;6249,284;6253,324;6257,282;6262,308;6266,292;6271,304;6275,308;6279,306;6284,318;6288,304;6292,316;6297,300;6301,306;6305,290;6310,316;6314,286;6318,300;6323,284;6327,302;6331,316;6336,286;6340,312;6345,298;6349,316;6353,300;6358,314;6362,298;6366,308;6371,294;6375,298;6379,312;6384,296;6388,322;6392,294;6397,320;6401,296;6406,310;6410,294;6414,306;6419,276;6423,310;6427,322;6432,292;6436,306;6440,304;6445,316;6449,292;6453,320;6458,290;6462,302;6466,286;6471,306;6475,318;6480,302;6484,316;6488,300;6493,312;6497,288;6501,302;6506,286;6510,312;6514,284;6519,296;6523,314;6527,300;6532,312;6536,296;6540,310;6545,300;6549,312;6554,294;6558,310;6562,292;6567,306;6571,298;6575,298;6580,324;6584,294;6588,322;6593,292;6597,310;6601,282;6606,306;6610,278;6614,304;6619,310;6623,294;6628,308;6632,304;6636,318;6641,302;6645,308;6649,292;6654,318;6658,290;6662,302;6667,272;6671,276;6675,304;6680,288;6684,286;6688,270;6693,290;6697,274;6702,288;6706,272;6710,284;6715,268;6719,274;6723,286;6728,272;6732,298;6736,254;6741,274;6745,258;6749,284;6754,270;6758,282;6762,268;6767,270;6771,284;6776,268;6780,282;6784,238;6789,280;6793,270;6797,298;6802,268;6806,280;6810,264;6815,240;6819,284;6823,282;6828,294;6832,278;6837,290;6841,240;6845,282;6850,266;6854,278;6858,278;6863,254;6867,282;6871,280;6876,292;6880,278;6884,290;6889,252;6893,280;6897,250;6902,264;6906,262;6911,274;6915,280;6919,250;6924,290;6928,262;6932,274;6937,264;6941,278;6945,262;6950,274;6954,258;6958,272;6963,276;6967,274;6972,274;6976,242;6980,270;6985,254;6989,286;6993,256;6998,270;7002,254;7006,266;7011,250;7015,256;7019,296;7024,268;7028,280;7032,250;7037,284;7041,254;7046,268;7050,252;7054,266;7059,250;7063,270;7067,282;7072,266;7076,280;7080,250;7085,276;7089,268;7093,280;7098,264;7102,278;7106,248;7111,254;7115,282;7120,266;7124,292;7128,264;7133,276;7137,254;7141,266;7146,250;7150,264;7154,250;7159,268;7163,280;7167,264;7172,278;7176,248;7180,288;7185,252;7189,278;7194,248;7198,276;) of size 460\r\nSTEPPER: Moving to mstep: 5200 with speed [msteps/sec]: 4000 in SpreadCycle.\r\n'), 14:19:07
bytearray(b'STEPPER: Moved 2000.00 msteps (ramp: 35%) in 699.756 ms -> average speed [msteps/sec]: 2858.14\r\nSTEPPER: Moving to mstep: 7200 with speed [msteps/sec]: 1000 in StealthChop.\r\n'), 14:19:08
bytearray(b'STEPPER: Estimate 4: [msteps] 6689\r\nSTEPPER: buffer (5200,286;5204,304;5208,260;5213,302;5217,292;5221,306;5226,290;5230,316;5234,300;5239,314;5243,318;5247,288;5252,316;5256,300;5260,312;5265,304;5269,316;5274,300;5278,314;5282,298;5287,310;5291,316;5295,286;5300,312;5304,312;5308,310;5313,308;5317,314;5321,282;5326,310;5330,294;5334,320;5339,290;5343,310;5348,310;5352,294;5356,306;5361,290;5365,310;5369,294;5374,320;5378,290;5382,318;5387,302;5391,294;5395,320;5400,304;5404,316;5408,302;5413,314;5417,290;5422,304;5426,302;5430,314;5435,284;5439,304;5443,316;5448,286;5452,312;5456,298;5461,310;5465,300;5469,326;5474,298;5478,310;5482,294;5487,284;5491,312;5496,310;5500,308;5504,308;5509,306;5513,296;5517,322;5522,294;5526,306;5530,290;5535,318;5539,308;5543,292;5548,306;5552,304;5556,318;5561,294;5565,306;5570,292;5574,318;5578,304;5583,316;5587,308;5591,292;5596,320;5600,304;5604,318;5609,302;5613,308;5617,278;5622,304;5626,288;5631,316;5635,306;5639,292;5644,318;5648,302;5652,316;5657,300;5661,320;5665,290;5670,316;5674,300;5678,314;5683,298;5687,304;5692,318;5696,302;5700,314;5705,300;5709,306;5713,290;5718,304;5722,288;5726,314;5731,286;5735,304;5739,318;5744,302;5748,314;5752,284;5757,304;5761,290;5766,316;5770,300;5774,314;5779,298;5783,288;5787,316;5792,300;5796,326;5800,296;5805,324;5809,286;5813,312;5818,298;5822,310;5826,294;5831,298;5835,312;5840,296;5844,308;5848,294;5853,320;5857,282;5861,310;5866,294;5870,308;5874,292;5879,318;5883,310;5887,308;5892,320;5896,290;5900,318;5905,282;5909,308;5914,292;5918,304;5922,288;5927,302;5931,306;5935,306;5940,318;5944,302;5948,314;5953,300;5957,318;5961,290;5966,314;5970,300;5974,312;5979,304;5983,302;5988,314;5992,298;5996,312;6001,296;6005,314;6009,284;6014,312;6018,294;6022,308;6027,306;6031,296;6035,310;6040,280;6044,306;6048,304;6053,310;6057,294;6062,320;6066,290;6070,318;6075,288;6079,306;6083,318;6088,288;6092,314;6096,300;6101,312;6105,304;6109,314;6114,286;6118,312;6123,282;6127,302;6131,314;6136,284;6140,312;6144,296;6149,308;6153,298;6157,312;6162,296;6166,308;6170,292;6175,284;6179,310;6183,308;6188,306;6192,292;6197,318;6201,294;6205,306;6210,292;6214,304;6218,290;6223,316;6227,306;6231,290;6236,304;6240,302;6244,314;6249,290;6253,316;6258,286;6262,314;6266,284;6271,312;6275,316;6279,300;6284,314;6288,300;6292,312;6297,310;6301,302;6305,286;6310,298;6314,282;6318,310;6323,294;6327,300;6332,312;6336,296;6340,308;6345,294;6349,312;6353,296;6358,310;6362,294;6366,306;6371,304;6375,294;6379,308;6384,290;6388,318;6392,304;6397,316;6401,292;6406,318;6410,288;6414,302;6419,286;6423,306;6427,304;6432,288;6436,314;6440,298;6445,312;6449,288;6453,314;6458,298;6462,310;6466,296;6471,298;6475,312;6480,296;6484,308;6488,294;6493,320;6497,282;6501,310;6506,294;6510,306;6514,290;6519,318;6523,322;6527,306;6532,320;6536,276;6540,302;6545,292;6549,318;6554,302;6558,316;6562,300;6567,298;6571,316;6575,286;6580,314;6584,284;6588,310;6593,286;6597,314;6601,282;6606,310;6610,280;6615,306;6619,310;6623,294;6628,308;6632,292;6636,318;6641,276;6645,308;6649,292;6654,318;6658,288;6662,316;6667,290;6671,260;6675,302;6680,286;6684,300;6689,284;6693,288;6697,258;6702,284;6706,254;6710,282;6715,266;6719,286;6723,284;6728,282;6732,296;6736,264;6741,270;6745,254;6749,266;6754,280;6758,292;6763,276;6767,266;6771,278;6776,248;6780,276;6784,232;6789,288;6793,264;6797,276;6802,260;6806,272;6810,256;6815,234;6819,288;6824,272;6828,286;6832,270;6837,282;6841,258;6845,286;6850,272;6854,282;6858,254;6863,272;6867,270;6871,254;6876,268;6880,238;6884,280;6889,270;6893,282;6898,266;6902,278;6906,264;6911,262;6915,280;6919,236;6924,278;6928,274;6932,288;6937,264;6941,276;6945,262;6950,274;6954,272;6958,284;6963,290;6967,272;6972,286;6976,242;6980,282;6985,268;6989,286;6993,256;6998,282;7002,268;7006,266;7011,264;7015,254;7019,268;7024,238;7028,278;7032,278;7037,268;7041,252;7046,280;7050,264;7054,276;7059,262;7063,280;7067,292;7072,278;7076,276;7080,260;7085,264;7089,250;7093,276;7098,260;7102,274;7106,272;7111,278;7115,290;7120,274;7124,288;7128,272;7133,284;7137,260;7141,274;7146,272;7150,284;7154,268;7159,274;7163,286;7167,256;7172,270;7176,268;7181,280;7185,244;7189,284;7194,268;7198,280;) of size 460\r\nSTEPPER: Moving to mstep: 5200 with speed [msteps/sec]: 4000 in SpreadCycle.\r\n'), 14:19:10
bytearray(b'STEPPER: Moved 2000.00 msteps (ramp: 35%) in 699.768 ms -> average speed [msteps/sec]: 2858.09\r\nSTEPPER: Moving to mstep: 7200 with speed [msteps/sec]: 1000 in StealthChop.\r\n'), 14:19:11
bytearray(b'STEPPER: Estimate 5: [msteps] 6689\r\nSTEPPER: buffer (5200,290;5204,310;5208,280;5213,306;5217,296;5221,308;5226,292;5230,320;5234,290;5239,304;5243,322;5247,306;5252,318;5256,302;5260,316;5265,292;5269,304;5274,288;5278,314;5282,300;5287,312;5291,316;5295,316;5300,314;5304,314;5308,312;5313,310;5317,314;5321,300;5326,312;5330,298;5334,308;5339,292;5343,300;5348,310;5352,308;5356,322;5361,306;5365,312;5369,296;5374,308;5378,278;5382,306;5387,290;5391,296;5395,310;5400,294;5404,320;5408,304;5413,310;5417,294;5422,320;5426,292;5430,318;5435,288;5439,308;5443,308;5448,306;5452,318;5456,302;5461,316;5465,292;5469,306;5474,290;5478,316;5483,286;5487,306;5491,318;5496,304;5500,316;5504,316;5509,314;5513,290;5517,304;5522,288;5526,316;5530,286;5535,314;5539,318;5543,304;5548,316;5552,302;5557,314;5561,290;5565,304;5570,288;5574,316;5578,286;5583,314;5587,320;5591,304;5596,316;5600,302;5604,328;5609,290;5613,304;5617,288;5622,316;5626,300;5631,314;5635,306;5639,304;5644,316;5648,302;5652,314;5657,300;5661,318;5665,288;5670,316;5674,286;5678,314;5683,284;5687,306;5691,318;5696,304;5700,316;5705,316;5709,306;5713,278;5718,304;5722,288;5726,302;5731,286;5735,306;5739,318;5744,304;5748,316;5752,298;5757,314;5761,292;5766,304;5770,288;5774,316;5779,286;5783,306;5787,318;5792,304;5796,316;5800,302;5805,314;5809,276;5813,304;5818,288;5822,302;5826,286;5831,306;5835,320;5840,304;5844,318;5848,302;5853,314;5857,278;5861,318;5866,290;5870,316;5874,286;5879,314;5883,320;5887,304;5892,318;5896,304;5900,316;5905,292;5909,306;5914,290;5918,304;5922,288;5927,314;5931,306;5935,304;5940,318;5944,302;5948,316;5953,300;5957,306;5961,290;5966,318;5970,288;5974,316;5979,286;5983,306;5988,318;5992,304;5996,316;6001,302;6005,306;6009,292;6014,318;6018,290;6022,302;6027,286;6031,306;6035,320;6040,304;6044,316;6049,302;6053,308;6057,278;6062,304;6066,288;6070,316;6075,288;6079,294;6083,306;6088,304;6092,318;6096,304;6101,316;6105,290;6109,304;6114,288;6118,302;6123,286;6127,306;6131,318;6136,290;6140,302;6144,288;6149,300;6153,304;6157,318;6162,302;6166,314;6170,300;6175,290;6179,318;6183,302;6188,314;6192,300;6197,326;6201,276;6205,302;6210,286;6214,314;6218,284;6223,312;6227,316;6231,302;6236,314;6240,298;6244,310;6249,288;6253,314;6257,284;6262,312;6266,282;6271,310;6275,314;6279,298;6284,312;6288,296;6292,296;6297,294;6301,312;6305,296;6310,308;6314,280;6318,308;6323,278;6327,310;6332,324;6336,308;6340,320;6345,306;6349,310;6353,282;6358,308;6362,280;6366,306;6371,290;6375,296;6379,310;6384,308;6388,320;6392,304;6397,310;6401,294;6406,308;6410,278;6414,306;6419,290;6423,308;6427,322;6432,306;6436,318;6440,302;6445,316;6449,292;6453,320;6458,288;6462,316;6466,286;6471,292;6475,306;6480,302;6484,302;6488,286;6493,300;6497,290;6501,318;6506,288;6510,300;6514,286;6519,312;6523,318;6527,302;6532,314;6536,300;6540,312;6545,288;6549,316;6554,302;6558,314;6562,284;6567,310;6571,302;6575,300;6580,312;6584,296;6588,308;6593,294;6597,298;6601,296;6606,310;6610,294;6614,322;6619,312;6623,296;6628,310;6632,294;6636,320;6641,304;6645,310;6649,280;6654,308;6658,278;6662,304;6667,274;6671,280;6675,294;6680,292;6684,290;6689,274;6693,280;6697,264;6702,290;6706,262;6710,274;6715,272;6719,264;6723,290;6728,260;6732,272;6736,256;6741,290;6745,260;6749,274;6754,258;6758,284;6763,256;6767,260;6771,288;6776,272;6780,286;6784,256;6789,296;6793,246;6797,272;6802,242;6806,284;6810,254;6815,260;6819,288;6824,272;6828,298;6832,268;6837,294;6841,244;6845,270;6850,240;6854,268;6858,252;6863,256;6867,268;6871,252;6876,280;6880,264;6884,290;6889,266;6893,278;6898,264;6902,276;6906,246;6911,272;6915,278;6919,276;6924,288;6928,274;6932,286;6937,248;6941,274;6945,258;6950,272;6954,258;6958,284;6963,260;6967,260;6972,286;6976,256;6980,284;6985,226;6989,286;6993,258;6998,270;7002,254;7006,266;7011,286;7015,256;7019,284;7024,268;7028,282;7032,252;7037,286;7041,256;7046,282;7050,252;7054,280;7059,264;7063,256;7067,282;7072,252;7076,280;7080,264;7085,268;7089,252;7093,278;7098,250;7102,276;7107,260;7111,264;7115,278;7120,276;7124,288;7128,260;7133,272;7137,262;7141,276;7146,260;7150,274;7154,244;7159,262;7163,290;7167,260;7172,288;7176,258;7181,284;7185,248;7189,274;7194,246;7198,272;) of size 460\r\nSTEPPER: Moving to mstep: 5200 with speed [msteps/sec]: 4000 in SpreadCycle.\r\n'), 14:19:14
bytearray(b'STEPPER: Moved 2000.00 msteps (ramp: 35%) in 699.764 ms -> average speed [msteps/sec]: 2858.11\r\nSTEPPER: Moving to mstep: 7200 with speed [msteps/sec]: 1000 in StealthChop.\r\n'), 14:19:14
bytearray(b'STEPPER: Estimate 6: [msteps] 6684\r\nSTEPPER: buffer (5200,296;5204,304;5208,260;5213,316;5217,292;5221,306;5226,290;5230,316;5234,288;5239,314;5243,320;5247,304;5252,316;5256,302;5260,314;5265,292;5269,306;5274,304;5278,316;5282,302;5287,314;5291,306;5295,304;5300,318;5304,302;5308,300;5313,300;5317,306;5321,304;5326,316;5330,286;5334,300;5339,284;5343,304;5348,316;5352,300;5356,314;5361,298;5365,316;5369,302;5374,314;5378,298;5382,310;5387,296;5391,300;5395,314;5400,298;5404,310;5408,294;5413,314;5417,286;5422,312;5426,280;5430,308;5435,278;5439,298;5443,310;5448,296;5452,308;5456,292;5461,306;5465,296;5469,310;5474,294;5478,306;5483,290;5487,296;5491,308;5496,308;5500,306;5504,304;5509,318;5513,294;5517,322;5522,292;5526,318;5530,304;5535,294;5539,308;5543,306;5548,318;5552,276;5557,302;5561,294;5565,320;5570,304;5574,318;5578,302;5583,316;5587,320;5591,306;5596,318;5600,302;5604,316;5609,292;5613,306;5617,304;5622,316;5626,288;5631,314;5635,320;5639,290;5644,304;5648,302;5652,314;5657,300;5661,332;5665,302;5670,316;5674,300;5678,314;5683,298;5687,290;5691,304;5696,302;5700,314;5705,298;5709,318;5713,302;5718,316;5722,286;5726,312;5731,298;5735,302;5739,316;5744,300;5748,312;5752,298;5757,310;5761,302;5765,314;5770,300;5774,312;5779,298;5783,288;5787,314;5792,286;5796,312;5800,296;5805,310;5809,300;5813,300;5818,298;5822,310;5826,296;5831,286;5835,300;5839,298;5844,310;5848,296;5853,308;5857,298;5861,312;5866,296;5870,310;5874,296;5879,320;5883,298;5887,296;5892,308;5896,308;5900,306;5905,298;5909,310;5914,294;5918,308;5922,306;5927,320;5931,310;5935,294;5940,308;5944,306;5948,318;5953,276;5957,308;5961,294;5966,320;5970,304;5974,318;5979,308;5983,292;5988,306;5992,304;5996,318;6001,302;6005,308;6009,292;6014,306;6018,292;6022,304;6027,288;6031,308;6035,320;6040,306;6044,318;6049,304;6053,308;6057,292;6062,320;6066,292;6070,318;6075,288;6079,308;6083,308;6088,306;6092,306;6096,304;6101,318;6105,294;6109,308;6114,292;6118,306;6123,290;6127,310;6131,310;6136,294;6140,308;6144,292;6149,304;6153,296;6157,308;6162,294;6166,306;6170,290;6175,296;6179,310;6183,308;6188,322;6192,292;6197,320;6201,282;6205,308;6210,292;6214,306;6218,276;6223,304;6227,308;6231,308;6236,304;6240,290;6244,316;6249,294;6253,306;6257,292;6262,318;6266,302;6271,316;6275,306;6279,292;6284,304;6288,302;6292,316;6297,286;6301,304;6305,290;6310,302;6314,286;6318,314;6323,284;6327,290;6331,316;6336,300;6340,314;6345,284;6349,304;6353,302;6358,314;6362,300;6366,312;6371,298;6375,274;6379,314;6384,300;6388,312;6392,298;6397,310;6401,302;6406,314;6410,286;6414,300;6419,284;6423,304;6427,316;6432,302;6436,314;6440,312;6445,312;6449,288;6453,316;6458,300;6462,314;6466,298;6471,290;6475,316;6480,302;6484,314;6488,298;6493,298;6497,288;6501,302;6506,300;6510,312;6514,298;6519,310;6523,314;6527,300;6532,312;6536,296;6540,310;6545,300;6549,314;6554,298;6558,312;6562,296;6567,308;6571,312;6575,298;6580,312;6584,282;6588,310;6593,286;6597,312;6601,298;6606,310;6610,296;6615,308;6619,314;6623,298;6628,310;6632,296;6636,308;6641,294;6645,312;6649,298;6654,312;6658,280;6662,308;6667,278;6671,284;6675,296;6680,280;6684,294;6689,250;6693,284;6697,268;6702,280;6706,266;6710,264;6715,248;6719,282;6723,296;6728,254;6732,280;6736,236;6741,284;6745,256;6749,282;6754,266;6758,280;6763,252;6767,270;6771,284;6776,268;6780,280;6784,236;6789,292;6793,270;6797,282;6802,266;6806,280;6810,250;6815,242;6819,282;6823,268;6828,280;6832,266;6837,278;6841,270;6845,282;6850,268;6854,280;6858,250;6863,242;6867,284;6871,268;6876,282;6880,266;6884,278;6889,254;6893,282;6897,266;6902,280;6906,264;6911,290;6915,284;6919,282;6924,294;6928,266;6932,292;6937,240;6941,282;6945,266;6950,280;6954,264;6958,278;6963,268;6967,266;6971,280;6976,264;6980,276;6985,232;6989,280;6993,264;6998,278;7002,248;7006,262;7011,246;7015,236;7019,278;7024,262;7028,288;7032,274;7037,292;7041,248;7045,276;7050,260;7054,274;7059,256;7063,262;7067,276;7072,260;7076,286;7080,272;7085,276;7089,276;7093,274;7098,258;7102,272;7106,270;7111,232;7115,288;7120,272;7124,286;7128,268;7133,282;7137,244;7141,270;7146,270;7150,282;7154,266;7159,258;7163,270;7167,240;7172,282;7176,266;7180,278;7185,270;7189,282;7194,254;7198,280;) of size 460\r\nSTEPPER: Moving to mstep: 5200 with speed [msteps/sec]: 4000 in SpreadCycle.\r\n'), 14:19:17
bytearray(b'STEPPER: Moved 2000.00 msteps (ramp: 35%) in 699.756 ms -> average speed [msteps/sec]: 2858.14\r\nSTEPPER: Moving to mstep: 7200 with speed [msteps/sec]: 1000 in StealthChop.\r\n'), 14:19:18
bytearray(b'STEPPER: Estimate 7: [msteps] 6684\r\nSTEPPER: buffer (5200,292;5204,294;5208,294;5213,320;5217,296;5221,310;5226,282;5230,308;5234,292;5239,320;5243,310;5247,296;5252,308;5256,294;5260,306;5265,296;5269,324;5274,308;5278,308;5282,292;5287,320;5291,324;5295,308;5300,322;5304,306;5308,318;5313,304;5317,308;5321,292;5326,304;5330,288;5334,302;5339,288;5343,306;5348,318;5352,304;5356,316;5361,300;5365,320;5369,304;5374,316;5378,286;5382,314;5387,284;5391,304;5395,316;5400,302;5404,314;5408,286;5413,312;5417,290;5422,316;5426,300;5430,314;5435,286;5439,304;5443,318;5448,302;5452,314;5456,298;5461,310;5465,302;5469,314;5474,298;5478,312;5483,296;5487,288;5491,314;5496,314;5500,312;5504,312;5509,324;5513,286;5517,314;5522,284;5526,310;5530,296;5535,310;5539,314;5543,298;5548,312;5552,296;5557,310;5561,286;5565,314;5570,298;5574,312;5578,296;5583,324;5587,314;5591,298;5596,312;5600,298;5604,324;5609,300;5613,314;5617,298;5622,312;5626,296;5631,324;5635,314;5639,298;5644,312;5648,296;5652,310;5657,294;5661,312;5665,284;5670,310;5674,294;5678,308;5683,292;5687,298;5691,312;5696,310;5700,310;5705,294;5709,314;5713,284;5718,310;5722,296;5726,310;5731,294;5735,298;5739,312;5744,296;5748,310;5752,294;5757,308;5761,300;5766,312;5770,296;5774,310;5779,296;5783,286;5787,312;5792,298;5796,310;5800,296;5805,322;5809,284;5813,312;5818,282;5822,308;5826,278;5831,306;5835,310;5840,308;5844,322;5848,306;5853,304;5857,296;5861,308;5866,292;5870,304;5874,290;5879,304;5883,322;5887,306;5892,306;5896,302;5900,316;5905,292;5909,318;5914,288;5918,316;5922,300;5927,314;5931,304;5935,302;5940,316;5944,300;5948,312;5953,298;5957,318;5961,302;5966,316;5970,300;5975,312;5979,318;5983,274;5988,316;5992,300;5996,314;6001,298;6005,318;6009,288;6014,314;6018,286;6022,312;6027,284;6031,302;6035,314;6040,298;6044,312;6049,296;6053,316;6057,286;6062,314;6066,298;6070,326;6075,296;6079,302;6083,314;6088,300;6092,298;6096,298;6101,310;6105,288;6109,302;6114,284;6118,298;6123,282;6127,302;6131,314;6136,298;6140,312;6144,310;6149,310;6153,286;6157,298;6162,284;6166,310;6170,294;6175,306;6179,312;6183,298;6188,324;6192,308;6197,318;6201,284;6205,310;6210,294;6214,308;6218,292;6223,306;6227,310;6231,296;6236,322;6240,306;6244,318;6249,294;6253,322;6257,294;6262,320;6266,290;6271,318;6275,308;6279,306;6284,320;6288,276;6292,304;6297,302;6301,320;6305,292;6310,304;6314,288;6318,302;6323,286;6327,306;6331,318;6336,304;6340,316;6345,300;6349,306;6353,290;6358,304;6362,288;6366,300;6371,286;6375,306;6379,316;6384,302;6388,330;6392,312;6397,312;6401,288;6406,314;6410,296;6414,312;6419,282;6423,300;6427,314;6432,312;6436,312;6440,282;6445,308;6449,298;6453,312;6458,296;6462,310;6466,294;6471,284;6475,310;6480,310;6484,308;6488,294;6493,306;6497,284;6501,310;6506,294;6510,306;6514,290;6519,304;6523,308;6527,294;6532,306;6536,304;6540,318;6545,294;6549,320;6554,292;6558,318;6562,302;6567,302;6571,306;6575,292;6580,316;6584,274;6588,314;6593,292;6597,304;6601,288;6606,302;6610,286;6615,314;6619,318;6623,304;6628,316;6632,286;6636,312;6641,298;6645,316;6649,300;6654,314;6658,284;6662,312;6667,282;6671,274;6675,300;6680,284;6684,298;6689,282;6693,286;6697,258;6702,270;6706,254;6710,268;6715,252;6719,272;6723,284;6728,268;6732,294;6736,266;6741,270;6745,256;6749,268;6754,252;6758,264;6763,250;6767,268;6771,282;6776,266;6780,292;6784,262;6789,276;6793,252;6797,278;6802,250;6806,276;6810,246;6815,266;6819,292;6823,276;6828,290;6832,274;6837,286;6841,264;6845,290;6850,246;6854,274;6858,258;6863,286;6867,278;6871,260;6876,286;6880,258;6884,284;6889,248;6893,272;6897,258;6902,270;6906,256;6911,268;6915,288;6919,258;6924,286;6928,282;6932,282;6937,266;6941,272;6945,270;6950,284;6954,268;6958,280;6963,286;6967,270;6971,282;6976,252;6980,268;6985,250;6989,270;6993,254;6998,282;7002,252;7006,278;7011,248;7015,226;7019,282;7024,266;7028,280;7032,264;7037,270;7041,268;7046,280;7050,252;7054,278;7059,262;7063,254;7067,282;7072,252;7076,278;7080,264;7085,290;7089,266;7093,264;7098,248;7102,262;7106,246;7111,278;7115,292;7120,276;7124,288;7128,258;7133,284;7137,276;7141,274;7146,258;7150,272;7154,242;7159,260;7163,288;7167,258;7172,284;7176,254;7181,268;7185,244;7189,270;7194,254;7198,282;) of size 460\r\nSTEPPER: Moving to mstep: 5200 with speed [msteps/sec]: 4000 in SpreadCycle.\r\n'), 14:19:20
bytearray(b'STEPPER: Moved 2000.00 msteps (ramp: 35%) in 699.756 ms -> average speed [msteps/sec]: 2858.14\r\nSTEPPER: Moving to mstep: 7200 with speed [msteps/sec]: 1000 in StealthChop.\r\n'), 14:19:21
bytearray(b'STEPPER: Estimate 8: [msteps] 6675\r\nSTEPPER: buffer (5200,284;5204,314;5208,270;5213,312;5217,286;5221,302;5226,298;5230,312;5234,282;5239,310;5243,314;5247,298;5252,312;5256,310;5260,308;5265,286;5269,312;5274,296;5278,310;5282,294;5287,306;5291,312;5295,310;5300,308;5304,308;5308,306;5313,284;5317,296;5321,294;5326,308;5330,292;5334,320;5339,310;5343,296;5348,308;5352,292;5356,306;5361,304;5365,310;5369,294;5374,308;5378,292;5382,318;5387,302;5391,294;5395,306;5400,290;5404,318;5408,302;5413,316;5417,292;5422,304;5426,290;5430,304;5435,288;5439,292;5443,306;5448,290;5452,316;5456,302;5461,314;5465,306;5469,318;5474,290;5478,316;5482,300;5487,292;5491,304;5496,302;5500,314;5504,300;5509,312;5513,304;5517,302;5522,286;5526,314;5530,298;5535,312;5539,302;5543,300;5548,312;5552,298;5557,310;5561,302;5565,314;5570,298;5574,312;5578,296;5583,322;5587,314;5591,298;5596,312;5600,296;5604,322;5609,292;5613,312;5617,296;5622,310;5626,308;5631,320;5635,312;5639,296;5644,310;5648,294;5652,308;5657,292;5661,312;5665,296;5670,308;5674,306;5678,320;5683,304;5687,296;5691,308;5696,306;5700,320;5705,304;5709,308;5713,294;5718,306;5722,306;5726,318;5731,302;5735,294;5739,306;5744,292;5748,304;5752,288;5757,302;5761,292;5766,318;5770,304;5774,316;5779,300;5783,292;5787,318;5792,304;5796,316;5800,286;5805,314;5809,292;5813,304;5818,304;5822,316;5826,300;5831,292;5835,304;5840,304;5844,316;5848,288;5853,300;5857,290;5861,318;5866,302;5870,316;5874,300;5879,314;5883,304;5887,304;5892,316;5896,300;5900,300;5905,290;5909,304;5914,302;5918,314;5922,300;5927,312;5931,316;5935,302;5940,314;5944,286;5948,312;5953,296;5957,316;5961,300;5966,314;5970,296;5974,310;5979,314;5983,284;5988,310;5992,296;5996,308;6001,292;6005,312;6009,296;6014,310;6018,294;6022,306;6027,290;6031,296;6035,308;6040,294;6044,306;6048,290;6053,318;6057,294;6062,322;6066,304;6070,318;6075,302;6079,294;6083,306;6088,292;6092,304;6096,302;6101,314;6105,292;6109,318;6114,290;6118,300;6123,286;6127,292;6131,316;6136,288;6140,300;6144,286;6149,312;6153,302;6157,316;6162,300;6166,312;6170,296;6175,310;6179,314;6183,286;6188,312;6192,296;6197,310;6201,298;6205,314;6210,298;6214,312;6218,296;6223,308;6227,314;6231,298;6236,310;6240,296;6244,308;6249,300;6253,326;6258,298;6262,310;6266,294;6271,308;6275,312;6279,298;6284,296;6288,296;6292,308;6297,294;6301,312;6305,296;6310,310;6314,294;6318,306;6323,306;6327,296;6332,310;6336,294;6340,308;6345,292;6349,312;6353,296;6358,308;6362,294;6366,306;6371,306;6375,284;6379,310;6384,294;6388,308;6392,292;6397,312;6401,296;6406,308;6410,294;6414,306;6419,304;6423,296;6427,308;6432,294;6436,306;6440,304;6445,304;6449,294;6453,308;6458,292;6462,320;6466,304;6471,294;6475,308;6480,292;6484,306;6488,304;6493,304;6497,294;6501,306;6506,290;6510,316;6514,302;6519,314;6523,306;6527,290;6532,316;6536,302;6540,314;6545,304;6549,304;6554,302;6558,314;6562,300;6567,312;6571,302;6575,288;6580,314;6584,298;6588,314;6593,282;6597,300;6601,286;6606,312;6610,296;6614,310;6619,300;6623,298;6628,312;6632,296;6636,310;6641,294;6645,314;6649,298;6654,324;6658,294;6662,308;6667,278;6671,296;6675,296;6680,280;6684,292;6689,276;6693,282;6697,280;6702,292;6706,264;6710,276;6715,274;6719,252;6723,292;6728,278;6732,290;6736,276;6741,280;6745,266;6749,278;6754,262;6758,274;6763,260;6767,238;6771,278;6776,264;6780,290;6784,260;6789,274;6793,264;6797,276;6802,260;6806,288;6810,272;6815,234;6819,290;6824,274;6828,286;6832,272;6837,284;6841,260;6845,274;6850,272;6854,284;6858,270;6863,274;6867,286;6871,258;6876,284;6880,240;6884,282;6889,258;6893,272;6898,256;6902,270;6906,252;6911,244;6915,286;6919,284;6924,296;6928,252;6932,280;6937,270;6941,284;6945,254;6950,268;6954,252;6958,266;6963,284;6967,256;6972,280;6976,266;6980,280;6985,236;6989,282;6993,268;6998,280;7002,250;7006,278;7011,282;7015,268;7019,294;7024,280;7028,278;7032,264;7037,266;7041,266;7046,278;7050,262;7054,276;7059,246;7063,252;7067,278;7072,262;7076,288;7080,274;7085,278;7089,262;7093,274;7098,260;7102,272;7106,272;7111,234;7115,290;7120,274;7124,286;7128,272;7133,284;7137,260;7141,274;7146,272;7150,272;7154,256;7159,276;7163,276;7167,230;7172,272;7176,270;7180,284;7185,260;7189,286;7194,272;7198,282;) of size 460\r\nSTEPPER: Moving to mstep: 5200 with speed [msteps/sec]: 4000 in SpreadCycle.\r\n'), 14:19:23
bytearray(b'STEPPER: Moved 2000.00 msteps (ramp: 35%) in 699.756 ms -> average speed [msteps/sec]: 2858.14\r\nSTEPPER: Moving to mstep: 7200 with speed [msteps/sec]: 1000 in StealthChop.\r\n'), 14:19:24
bytearray(b'STEPPER: Estimate 9: [msteps] 6667\r\nSTEPPER: buffer (5200,288;5204,310;5208,268;5213,322;5217,284;5221,310;5226,296;5230,308;5234,292;5239,318;5243,308;5247,308;5252,306;5256,304;5260,302;5265,288;5269,320;5274,290;5278,318;5282,288;5287,314;5291,306;5295,304;5300,316;5304,300;5308,314;5313,298;5317,304;5321,288;5326,314;5330,298;5334,312;5339,296;5343,286;5348,300;5352,284;5356,310;5361,294;5365,316;5369,286;5374,312;5378,282;5382,308;5387,292;5391,310;5395,324;5400,296;5404,308;5408,292;5413,318;5417,294;5422,308;5426,278;5430,304;5435,290;5439,308;5443,322;5448,278;5452,306;5456,304;5461,316;5465,294;5469,320;5474,292;5478,318;5482,288;5487,294;5491,306;5496,306;5500,318;5504,304;5509,316;5513,292;5517,306;5522,304;5526,316;5530,302;5535,314;5539,306;5543,290;5548,304;5552,286;5556,300;5561,304;5565,318;5570,302;5574,316;5578,300;5583,312;5587,318;5591,302;5596,316;5600,300;5604,312;5609,296;5613,316;5617,300;5622,314;5626,284;5631,312;5635,316;5639,316;5644,314;5648,298;5652,312;5657,310;5661,316;5665,286;5670,312;5674,296;5678,310;5683,294;5687,300;5691,312;5696,310;5700,310;5705,308;5709,312;5713,298;5718,310;5722,294;5726,308;5731,306;5735,296;5739,308;5744,294;5748,306;5752,290;5757,304;5761,310;5765,308;5770,292;5774,306;5779,304;5783,294;5787,308;5792,292;5796,320;5800,304;5805,316;5809,294;5813,306;5818,292;5822,304;5826,304;5831,294;5835,308;5839,292;5844,306;5848,290;5853,304;5857,294;5861,308;5866,292;5870,318;5874,302;5879,316;5883,308;5887,292;5892,306;5896,304;5900,316;5905,294;5909,306;5913,290;5918,318;5922,300;5927,314;5931,304;5935,290;5940,316;5944,300;5948,314;5953,282;5957,316;5961,300;5966,312;5970,298;5974,312;5979,294;5983,286;5988,312;5992,296;5996,310;6001,294;6005,312;6009,298;6014,310;6018,294;6022,306;6027,292;6031,296;6035,310;6040,308;6044,320;6048,304;6053,310;6057,294;6062,308;6066,306;6070,318;6075,302;6079,292;6083,306;6088,304;6092,316;6096,300;6101,300;6105,290;6109,302;6114,302;6118,314;6123,298;6127,290;6131,318;6136,302;6140,314;6144,286;6149,298;6153,302;6157,316;6162,302;6166,312;6170,298;6175,288;6179,316;6183,288;6188,314;6192,284;6197,312;6201,288;6205,314;6210,300;6214,312;6218,298;6223,310;6227,316;6231,300;6236,314;6240,298;6244,298;6249,288;6253,316;6257,300;6262,328;6266,298;6271,310;6275,302;6279,300;6284,314;6288,298;6292,298;6297,296;6301,302;6305,302;6310,314;6314,300;6318,312;6323,296;6327,302;6331,316;6336,286;6340,312;6345,298;6349,316;6353,302;6358,314;6362,300;6366,312;6371,298;6375,290;6379,304;6384,286;6388,314;6392,286;6397,312;6401,304;6405,316;6410,302;6414,302;6419,300;6423,304;6427,318;6432,290;6436,302;6440,300;6445,312;6449,304;6453,318;6458,302;6462,314;6466,298;6471,312;6475,304;6479,288;6484,300;6488,298;6493,312;6497,302;6501,316;6506,300;6510,300;6514,284;6519,312;6523,316;6527,300;6532,314;6536,298;6540,310;6545,302;6549,314;6554,298;6558,310;6562,296;6567,308;6571,314;6575,284;6580,298;6584,296;6588,308;6593,294;6597,312;6601,296;6606,310;6610,294;6614,306;6619,312;6623,296;6628,310;6632,294;6636,308;6641,292;6645,324;6649,282;6654,308;6658,292;6662,306;6667,290;6671,254;6675,294;6680,278;6684,292;6689,276;6693,294;6697,278;6702,292;6706,276;6710,276;6715,260;6719,280;6723,278;6728,234;6732,290;6736,274;6741,280;6745,264;6749,278;6754,262;6758,276;6763,274;6767,280;6771,292;6776,276;6780,290;6784,260;6789,288;6793,264;6797,278;6802,262;6806,276;6810,260;6815,236;6819,292;6823,278;6828,290;6832,274;6837,286;6841,250;6845,276;6850,260;6854,288;6858,274;6863,236;6867,292;6871,276;6876,290;6880,260;6884,288;6889,264;6893,292;6897,262;6902,288;6906,260;6911,236;6915,278;6919,278;6924,290;6928,274;6932,288;6937,250;6941,264;6945,248;6950,260;6954,246;6958,258;6963,292;6967,262;6971,290;6976,274;6980,288;6985,258;6989,276;6993,248;6998,274;7002,274;7006,286;7011,270;7015,276;7019,290;7024,274;7028,272;7032,256;7037,276;7041,246;7045,274;7050,258;7054,284;7059,256;7063,230;7067,286;7072,272;7076,284;7080,270;7085,282;7089,258;7093,272;7098,270;7102,282;7106,268;7111,258;7115,272;7120,270;7124,284;7128,268;7133,282;7137,244;7141,284;7146,256;7150,282;7154,266;7159,228;7163,284;7167,270;7172,296;7176,266;7180,280;7185,270;7189,296;7194,268;7198,280;) of size 460\r\nSTEPPER: Moving to mstep: 5200 with speed [msteps/sec]: 4000 in SpreadCycle.\r\n'), 14:19:26
bytearray(b'STEPPER: Moved 2000.00 msteps (ramp: 35%) in 699.760 ms -> average speed [msteps/sec]: 2858.12\r\nSTEPPER: Moving to mstep: 7200 with speed [msteps/sec]: 1000 in StealthChop.\r\n'), 14:19:27
bytearray(b'STEPPER: Estimate 10: [msteps] 6667\r\nSTEPPER: buffer (5200,290;5204,310;5208,282;5213,308;5217,300;5221,312;5226,284;5230,310;5234,294;5239,308;5243,314;5247,298;5252,312;5256,298;5260,310;5265,300;5269,328;5274,298;5278,312;5282,296;5287,308;5291,314;5295,298;5300,312;5304,296;5308,308;5313,306;5317,312;5321,296;5326,310;5330,294;5335,320;5339,312;5343,296;5348,308;5352,292;5356,304;5361,290;5365,322;5369,306;5374,306;5378,290;5382,316;5387,300;5391,292;5395,304;5400,288;5404,316;5409,300;5413,318;5417,302;5422,302;5426,286;5430,312;5435,298;5439,288;5443,300;5448,300;5452,312;5456,310;5461,310;5465,300;5469,312;5474,296;5478,310;5483,296;5487,300;5491,300;5496,298;5500,310;5504,310;5509,308;5513,300;5517,312;5522,296;5526,310;5530,294;5535,298;5539,312;5543,296;5548,308;5552,292;5557,306;5561,310;5565,310;5570,294;5574,320;5578,304;5583,318;5587,308;5591,292;5596,318;5600,304;5604,316;5609,294;5613,306;5617,290;5622,316;5626,300;5631,314;5635,304;5639,304;5644,316;5648,300;5652,314;5657,298;5661,316;5665,302;5670,314;5674,298;5678,326;5683,302;5687,300;5692,314;5696,298;5700,312;5705,296;5709,314;5713,298;5718,312;5722,296;5726,310;5731,294;5735,298;5739,310;5744,296;5748,308;5752,292;5757,312;5761,296;5766,308;5770,308;5774,320;5779,304;5783,296;5787,308;5792,294;5796,320;5800,290;5805,304;5809,280;5813,306;5818,292;5822,304;5827,290;5831,282;5835,308;5840,306;5844,318;5848,304;5853,316;5857,294;5861,320;5866,290;5870,318;5874,302;5879,292;5883,306;5887,290;5892,318;5896,302;5901,314;5905,292;5909,304;5914,288;5918,314;5922,300;5927,312;5931,302;5935,302;5940,314;5944,300;5948,310;5953,296;5957,314;5961,300;5966,312;5970,296;5975,322;5979,314;5983,298;5988,310;5992,296;5996,322;6001,292;6005,312;6009,296;6014,310;6018,294;6022,320;6027,292;6031,296;6035,308;6040,294;6044,306;6049,290;6053,310;6057,294;6062,308;6066,306;6070,318;6075,302;6079,294;6083,306;6088,306;6092,304;6096,288;6101,302;6105,292;6110,304;6114,290;6118,316;6123,300;6127,292;6131,306;6136,290;6140,316;6144,302;6149,314;6153,290;6157,304;6162,302;6166,314;6170,300;6175,292;6179,304;6184,302;6188,316;6192,286;6197,312;6201,288;6205,302;6210,300;6214,312;6218,296;6223,310;6227,314;6231,300;6236,312;6240,296;6244,308;6249,286;6253,314;6258,298;6262,324;6266,294;6271,308;6275,312;6279,296;6284,310;6288,294;6292,308;6297,286;6301,312;6305,296;6310,308;6314,294;6319,306;6323,310;6327,296;6332,308;6336,294;6340,306;6345,290;6349,310;6353,294;6358,320;6362,304;6366,304;6371,302;6375,292;6379,306;6384,290;6388,302;6393,286;6397,306;6401,304;6406,318;6410,302;6414,300;6419,298;6423,302;6427,316;6432,300;6436,314;6440,298;6445,310;6449,302;6453,328;6458,298;6462,312;6467,296;6471,300;6475,312;6480,298;6484,296;6488,294;6493,308;6497,298;6501,312;6506,296;6510,308;6514,292;6519,296;6523,308;6527,294;6532,306;6536,290;6541,304;6545,296;6549,320;6554,306;6558,304;6562,302;6567,314;6571,306;6575,290;6580,304;6584,288;6588,314;6593,292;6597,318;6601,288;6606,302;6610,286;6615,314;6619,318;6623,290;6628,302;6632,300;6636,312;6641,298;6645,318;6649,302;6654,314;6658,284;6662,310;6667,288;6671,256;6676,298;6680,284;6684,296;6689,280;6693,298;6697,270;6702,282;6706,266;6710,278;6715,262;6719,268;6723,294;6728,264;6732,292;6736,276;6741,266;6745,250;6750,264;6754,248;6758,274;6763,260;6767,266;6771,292;6776,262;6780,288;6784,260;6789,272;6793,264;6797,290;6802,260;6806,286;6810,242;6815,276;6819,290;6824,260;6828,272;6832,242;6837,284;6841,262;6845,288;6850,258;6854,272;6858,256;6863,262;6867,290;6871,274;6876,274;6880,230;6885,284;6889,262;6893,274;6898,260;6902,272;6906,256;6911,270;6915,288;6919,260;6924,272;6928,228;6932,284;6937,260;6941,274;6945,258;6950,272;6954,270;6959,282;6963,288;6967,272;6972,284;6976,254;6980,268;6985,258;6989,286;6993,270;6998,282;7002,268;7006,280;7011,286;7015,270;7019,282;7024,252;7028,280;7033,264;7037,282;7041,254;7046,280;7050,252;7054,278;7059,262;7063,268;7067,294;7072,278;7076,278;7080,262;7085,266;7089,266;7093,280;7098,264;7102,290;7107,262;7111,252;7115,278;7120,264;7124,290;7128,262;7133,274;7137,266;7141,278;7146,264;7150,276;7154,262;7159,224;7163,280;7167,278;7172,278;7176,262;7181,274;7185,266;7189,292;7194,262;7198,290;) of size 460\r\nSTEPPER: Final estimate: [mstep] 6675\r\nFound dispense position: [\xc2\xb5m] 33355\r\nreturn;find;6671\r\n\xef\xbf\xbdreceived from UR: find -> find (0,1)\r\nSTEPPER: Moving to mstep: 5200 with speed [msteps/sec]: 4000 in SpreadCycle.\r\n'), 14:19:30
bytearray(b'STEPPER: Moved 2000.00 msteps (ramp: 35%) in 699.760 ms -> average speed [msteps/sec]: 2858.12\r\nSTEPPER: Moving to mstep: 7200 with speed [msteps/sec]: 1000 in StealthChop.\r\n'), 14:19:30
bytearray(b'STEPPER: Estimate 1: [msteps] 6689\r\nSTEPPER: buffer (5200,292;5204,296;5208,280;5213,308;5217,284;5221,312;5226,294;5230,308;5234,280;5239,320;5243,312;5247,296;5252,308;5256,308;5260,320;5265,296;5269,310;5274,294;5278,320;5282,292;5287,304;5291,310;5295,294;5300,308;5304,306;5308,320;5313,282;5317,308;5321,280;5326,306;5330,292;5335,304;5339,310;5343,310;5348,310;5352,308;5356,320;5361,306;5365,310;5369,294;5374,308;5378,292;5382,320;5387,292;5391,296;5395,308;5400,292;5404,306;5409,290;5413,310;5417,294;5422,322;5426,292;5430,320;5435,290;5439,306;5443,322;5448,306;5452,320;5456,304;5461,318;5465,294;5469,308;5474,306;5478,320;5483,290;5487,296;5491,308;5496,292;5500,304;5504,304;5509,316;5513,294;5517,322;5522,306;5526,306;5530,290;5535,296;5539,308;5543,292;5548,306;5552,290;5557,318;5561,294;5565,322;5570,306;5574,306;5578,290;5583,318;5587,310;5591,294;5596,320;5600,306;5604,318;5609,294;5613,308;5617,292;5622,304;5626,290;5631,304;5635,322;5639,308;5644,320;5648,304;5652,318;5657,302;5661,322;5665,292;5670,320;5674,292;5678,318;5683,288;5687,308;5692,306;5696,304;5700,318;5705,302;5709,322;5713,292;5718,318;5722,290;5726,316;5731,288;5735,306;5739,306;5744,290;5748,304;5752,302;5757,308;5761,292;5766,304;5770,290;5774,316;5779,302;5783,294;5787,320;5792,304;5796,318;5800,302;5805,316;5809,278;5813,306;5818,290;5822,316;5827,288;5831,306;5835,320;5840,304;5844,318;5848,302;5853,314;5857,292;5861,320;5866,290;5870,316;5874,302;5879,314;5883,320;5887,304;5892,318;5896,304;5901,316;5905,292;5909,320;5914,290;5918,304;5922,288;5927,316;5931,306;5935,292;5940,306;5944,290;5948,302;5953,300;5957,320;5961,290;5966,304;5970,288;5975,314;5979,320;5983,304;5988,318;5992,302;5996,328;6001,300;6005,304;6009,288;6014,302;6018,286;6022,300;6027,282;6031,304;6035,316;6040,300;6044,314;6049,312;6053,316;6057,288;6062,314;6066,298;6070,312;6075,296;6079,288;6083,314;6088,284;6092,312;6096,310;6101,302;6105,286;6110,314;6114,284;6118,310;6123,282;6127,302;6131,314;6136,300;6140,312;6144,298;6149,310;6153,288;6157,314;6162,300;6166,312;6170,284;6175,302;6179,316;6184,300;6188,314;6192,298;6197,326;6201,288;6205,316;6210,298;6214,314;6218,284;6223,298;6227,316;6231,302;6236,316;6240,300;6244,312;6249,290;6253,318;6258,288;6262,316;6266,286;6271,312;6275,318;6279,304;6284,316;6288,288;6292,314;6297,290;6301,304;6305,288;6310,316;6314,286;6319,314;6323,306;6327,304;6332,316;6336,302;6340,314;6345,300;6349,320;6353,290;6358,304;6362,302;6366,316;6371,286;6375,292;6379,306;6384,302;6388,316;6393,300;6397,304;6401,290;6406,302;6410,272;6414,314;6419,298;6423,304;6427,316;6432,300;6436,314;6440,298;6445,310;6449,302;6453,328;6458,300;6462,312;6467,296;6471,302;6475,314;6480,286;6484,298;6488,296;6493,308;6497,300;6501,312;6506,282;6510,310;6514,280;6519,308;6523,312;6527,298;6532,310;6536,294;6541,308;6545,298;6549,312;6554,296;6558,310;6562,294;6567,320;6571,296;6575,296;6580,308;6584,294;6588,306;6593,298;6597,310;6601,294;6606,308;6610,292;6615,304;6619,324;6623,308;6628,320;6632,306;6636,318;6641,302;6645,308;6649,278;6654,306;6658,276;6662,302;6667,274;6671,278;6675,304;6680,276;6684,302;6689,286;6693,292;6697,274;6702,274;6706,258;6710,272;6715,256;6719,274;6723,286;6728,242;6732,284;6736,282;6741,274;6745,258;6750,284;6754,268;6758,282;6763,266;6767,256;6771,284;6776,268;6780,294;6784,264;6789,292;6793,254;6797,282;6802,252;6806,278;6810,250;6815,254;6819,280;6824,266;6828,278;6832,262;6837,290;6841,252;6845,280;6850,264;6854,278;6858,262;6863,238;6867,280;6871,278;6876,292;6880,276;6885,288;6889,252;6893,264;6898,250;6902,276;6906,260;6911,274;6915,278;6919,234;6924,290;6928,274;6932,288;6937,264;6941,276;6945,262;6950,274;6954,258;6959,286;6963,276;6967,246;6972,288;6976,272;6980,298;6985,248;6989,276;6993,260;6998,272;7002,258;7006,270;7011,290;7015,260;7019,274;7024,230;7028,284;7033,284;7037,274;7041,244;7046,272;7050,242;7054,268;7059,254;7063,258;7067,270;7072,256;7076,270;7080,226;7085,286;7089,256;7093,282;7098,268;7102,266;7107,278;7111,270;7115,282;7120,266;7124,280;7128,250;7133,276;7137,268;7141,294;7146,264;7150,276;7154,276;7159,268;7163,280;7167,264;7172,278;7176,262;7181,274;7185,252;7189,278;7194,264;7198,290;) of size 460\r\nSTEPPER: Moving to mstep: 5200 with speed [msteps/sec]: 4000 in SpreadCycle.\r\n'), 14:19:33
bytearray(b'STEPPER: Moved 2000.00 msteps (ramp: 35%) in 699.764 ms -> average speed [msteps/sec]: 2858.11\r\nSTEPPER: Moving to mstep: 7200 with speed [msteps/sec]: 1000 in StealthChop.\r\n'), 14:19:34
bytearray(b'STEPPER: Estimate 2: [msteps] 6689\r\nSTEPPER: buffer (5200,286;5204,304;5208,290;5213,316;5217,292;5221,306;5226,304;5230,318;5234,302;5239,314;5243,306;5247,304;5252,316;5256,288;5260,300;5265,292;5269,318;5274,302;5278,316;5282,300;5287,314;5291,306;5295,304;5300,316;5304,300;5308,314;5313,298;5317,304;5321,302;5326,316;5330,300;5334,314;5339,304;5343,304;5348,316;5352,286;5356,300;5361,298;5365,304;5369,304;5374,316;5378,300;5382,314;5387,298;5391,304;5395,316;5400,288;5404,312;5408,298;5413,304;5417,302;5422,316;5426,300;5430,312;5435,298;5439,290;5443,316;5448,288;5452,300;5456,298;5461,310;5465,302;5469,316;5474,300;5478,312;5483,298;5487,302;5491,314;5496,300;5500,314;5504,298;5509,310;5513,302;5517,316;5522,300;5526,312;5530,298;5535,312;5539,316;5543,288;5548,302;5552,300;5557,312;5561,304;5565,316;5570,302;5574,314;5578,298;5583,312;5587,318;5591,288;5596,314;5600,300;5604,312;5609,298;5613,316;5617,300;5622,314;5626,300;5631,312;5635,318;5639,304;5644,302;5648,302;5652,314;5657,300;5661,320;5665,304;5670,316;5674,302;5678,314;5683,300;5687,292;5691,304;5696,304;5700,316;5705,302;5709,322;5713,292;5718,304;5722,290;5726,316;5731,300;5735,292;5739,304;5744,290;5748,316;5752,302;5757,314;5761,304;5765,304;5770,302;5774,316;5779,300;5783,290;5787,304;5792,288;5796,316;5800,300;5805,314;5809,290;5813,302;5818,288;5822,300;5826,284;5831,304;5835,318;5840,302;5844,316;5848,286;5853,312;5857,304;5861,332;5866,302;5870,316;5874,300;5879,312;5883,318;5887,302;5892,316;5896,300;5900,300;5905,290;5909,318;5914,302;5918,314;5922,300;5927,312;5931,318;5935,302;5940,314;5944,286;5948,312;5953,298;5957,316;5961,302;5966,314;5970,300;5974,312;5979,298;5983,302;5988,316;5992,286;5996,314;6001,298;6005,318;6009,302;6014,316;6018,300;6022,312;6027,298;6031,302;6035,316;6040,300;6044,312;6048,298;6053,318;6057,302;6062,328;6066,298;6070,312;6075,296;6079,302;6083,314;6088,300;6092,298;6096,296;6101,310;6105,300;6109,314;6114,298;6118,310;6123,296;6127,302;6131,314;6136,286;6140,312;6144,296;6149,310;6153,300;6157,314;6162,298;6166,312;6170,296;6175,308;6179,314;6183,284;6188,312;6192,296;6197,308;6201,300;6205,312;6210,298;6214,310;6218,296;6223,308;6227,314;6231,298;6236,310;6240,296;6244,308;6249,294;6253,326;6257,298;6262,310;6266,294;6271,308;6275,312;6279,284;6284,296;6288,296;6292,308;6297,308;6301,314;6305,298;6310,310;6314,296;6318,308;6323,292;6327,298;6331,312;6336,296;6340,310;6345,294;6349,314;6353,298;6358,310;6362,296;6366,308;6371,308;6375,284;6379,310;6384,296;6388,308;6392,294;6397,320;6401,298;6405,310;6410,294;6414,308;6419,306;6423,298;6427,310;6432,296;6436,308;6440,294;6445,306;6449,298;6453,310;6458,296;6462,322;6466,294;6471,284;6475,296;6479,296;6484,308;6488,306;6493,306;6497,298;6501,310;6506,294;6510,308;6514,292;6519,320;6523,312;6527,296;6532,310;6536,294;6540,308;6545,298;6549,310;6554,294;6558,308;6562,306;6567,320;6571,296;6575,294;6580,308;6584,292;6588,306;6593,290;6597,310;6601,294;6606,308;6610,292;6614,306;6619,310;6623,296;6628,308;6632,294;6636,306;6641,276;6645,310;6649,294;6654,308;6658,292;6662,306;6667,290;6671,252;6675,294;6680,292;6684,292;6689,290;6693,282;6697,266;6702,280;6706,250;6710,278;6715,262;6719,240;6723,282;6728,280;6732,294;6736,264;6741,284;6745,254;6749,282;6754,266;6758,278;6763,264;6767,270;6771,282;6776,252;6780,294;6784,278;6789,278;6793,268;6797,282;6802,266;6806,280;6810,250;6815,242;6819,282;6823,268;6828,282;6832,266;6837,278;6841,270;6845,284;6850,254;6854,282;6858,266;6863,242;6867,284;6871,284;6876,284;6880,268;6884,280;6889,272;6893,284;6897,270;6902,268;6906,266;6911,266;6915,286;6919,256;6924,284;6928,268;6932,282;6937,244;6941,272;6945,256;6950,284;6954,254;6958,266;6963,272;6967,228;6971,284;6976,268;6980,282;6985,280;6989,272;6993,256;6998,270;7002,240;7006,266;7011,252;7015,228;7019,284;7024,268;7028,282;7032,280;7037,270;7041,256;7045,268;7050,240;7054,266;7059,252;7063,228;7067,284;7072,268;7076,282;7080,280;7085,272;7089,256;7093,270;7098,254;7102,268;7106,252;7111,258;7115,284;7120,270;7124,282;7128,254;7133,294;7137,258;7141,270;7146,268;7150,282;7154,266;7159,272;7163,286;7167,256;7172,284;7176,254;7181,282;7185,258;7189,270;7194,270;7198,284;) of size 460\r\nSTEPPER: Moving to mstep: 5200 with speed [msteps/sec]: 4000 in SpreadCycle.\r\n'), 14:19:36
bytearray(b'STEPPER: Moved 2000.00 msteps (ramp: 35%) in 699.764 ms -> average speed [msteps/sec]: 2858.11\r\nSTEPPER: Moving to mstep: 7200 with speed [msteps/sec]: 1000 in StealthChop.\r\n'), 14:19:37
bytearray(b'STEPPER: Estimate 3: [msteps] 6676\r\nSTEPPER: buffer (5200,294;5204,304;5208,288;5213,314;5217,294;5221,306;5226,292;5230,318;5234,290;5239,316;5243,308;5247,308;5252,306;5256,292;5260,306;5265,296;5269,324;5274,294;5278,308;5282,308;5287,306;5291,312;5295,310;5300,310;5304,308;5308,308;5313,292;5317,312;5321,284;5326,308;5330,294;5334,308;5339,312;5343,312;5348,310;5352,296;5356,308;5361,294;5365,314;5369,298;5374,310;5378,296;5382,310;5387,294;5391,286;5395,312;5400,296;5404,310;5409,296;5413,314;5417,300;5422,312;5426,296;5430,310;5435,294;5439,286;5443,312;5448,298;5452,308;5456,296;5461,308;5465,300;5469,312;5474,296;5478,310;5483,294;5487,298;5491,298;5496,296;5500,310;5504,308;5509,308;5513,298;5517,310;5522,296;5526,310;5530,308;5535,320;5539,312;5543,296;5548,310;5552,294;5557,306;5561,312;5565,310;5570,296;5574,308;5578,308;5583,320;5587,312;5591,296;5596,310;5600,296;5604,322;5609,292;5613,312;5617,296;5622,310;5626,296;5631,310;5635,314;5639,298;5644,312;5648,310;5652,324;5657,282;5661,314;5665,296;5670,326;5674,296;5678,322;5683,308;5687,298;5691,312;5696,310;5700,308;5705,306;5709,310;5713,282;5718,310;5722,294;5726,320;5731,304;5735,296;5739,308;5744,306;5748,306;5752,290;5757,308;5761,294;5766,306;5770,306;5774,318;5779,302;5783,294;5787,308;5792,292;5796,318;5800,290;5805,316;5809,292;5813,306;5818,304;5822,318;5827,302;5831,292;5835,306;5840,304;5844,316;5848,288;5853,300;5857,292;5861,320;5866,304;5870,318;5874,302;5879,316;5883,306;5887,306;5892,304;5896,290;5901,302;5905,292;5909,306;5914,292;5918,316;5922,302;5927,302;5931,306;5935,304;5940,318;5944,288;5948,302;5953,292;5957,318;5961,304;5966,316;5970,300;5975,312;5979,318;5983,302;5988,316;5992,286;5996,312;6001,296;6005,316;6009,300;6014,314;6018,298;6022,312;6027,294;6031,314;6035,314;6040,298;6044,310;6049,296;6053,314;6057,298;6062,326;6066,296;6070,310;6075,294;6079,298;6083,312;6088,296;6092,308;6096,294;6101,308;6105,298;6109,312;6114,296;6118,308;6123,292;6127,298;6131,310;6136,294;6140,308;6144,292;6149,306;6153,296;6157,310;6162,308;6166,308;6170,292;6175,298;6179,310;6183,282;6188,308;6192,294;6197,306;6201,298;6205,310;6210,296;6214,308;6218,294;6223,318;6227,312;6231,296;6236,310;6240,294;6244,308;6249,300;6253,326;6258,298;6262,310;6266,294;6271,308;6275,312;6279,284;6284,296;6288,294;6292,308;6297,292;6301,312;6305,296;6310,308;6314,294;6318,306;6323,312;6327,296;6332,308;6336,294;6340,306;6345,292;6349,310;6353,308;6358,308;6362,292;6366,306;6371,304;6375,282;6379,308;6384,292;6388,306;6393,290;6397,310;6401,296;6406,308;6410,292;6414,306;6419,304;6423,296;6427,308;6432,294;6436,306;6440,292;6445,304;6449,294;6453,308;6458,292;6462,320;6467,304;6471,296;6475,308;6480,292;6484,306;6488,292;6493,304;6497,294;6501,306;6506,292;6510,306;6514,304;6519,296;6523,308;6527,294;6532,306;6536,292;6541,304;6545,296;6549,308;6554,294;6558,320;6562,306;6567,318;6571,294;6575,294;6580,308;6584,292;6588,306;6593,296;6597,308;6601,294;6606,306;6610,292;6615,304;6619,324;6623,308;6628,320;6632,306;6636,304;6641,290;6645,322;6649,292;6654,306;6658,290;6662,302;6667,286;6671,278;6676,292;6680,248;6684,288;6689,288;6693,292;6697,262;6702,276;6706,260;6710,272;6715,272;6719,290;6723,290;6728,260;6732,286;6736,272;6741,276;6745,276;6750,274;6754,274;6758,286;6763,258;6767,262;6771,274;6776,230;6780,286;6784,272;6789,278;6793,262;6797,274;6802,272;6806,286;6811,270;6815,262;6819,274;6824,244;6828,286;6832,272;6837,284;6841,260;6845,272;6850,258;6854,270;6858,270;6863,274;6867,288;6871,272;6876,284;6880,254;6885,268;6889,272;6893,284;6898,270;6902,282;6906,254;6911,244;6915,284;6919,284;6924,296;6928,266;6932,294;6937,256;6941,268;6945,252;6950,266;6954,250;6959,262;6963,282;6967,266;6972,278;6976,264;6980,276;6985,232;6989,280;6993,264;6998,278;7002,262;7006,274;7011,280;7015,236;7019,276;7024,262;7028,274;7033,260;7037,292;7041,262;7046,274;7050,260;7054,286;7059,256;7063,274;7067,286;7072,258;7076,284;7080,256;7085,274;7089,258;7093,286;7098,256;7102,268;7107,252;7111,272;7115,284;7120,268;7124,282;7128,236;7133,278;7137,268;7141,280;7146,266;7150,278;7154,264;7159,226;7163,280;7167,278;7172,290;7176,274;7181,288;7185,248;7189,276;7194,260;7198,274;) of size 460\r\nSTEPPER: Moving to mstep: 5200 with speed [msteps/sec]: 4000 in SpreadCycle.\r\n'), 14:19:39
bytearray(b'STEPPER: Moved 2000.00 msteps (ramp: 35%) in 699.756 ms -> average speed [msteps/sec]: 2858.14\r\nSTEPPER: Moving to mstep: 7200 with speed [msteps/sec]: 1000 in StealthChop.\r\n'), 14:19:40
bytearray(b'STEPPER: Estimate 4: [msteps] 6676\r\nSTEPPER: buffer (5200,290;5204,300;5208,270;5213,312;5217,290;5221,316;5226,300;5230,314;5234,298;5239,310;5243,304;5247,300;5252,314;5256,298;5260,310;5265,302;5269,328;5274,298;5278,312;5282,296;5287,310;5291,312;5295,298;5300,312;5304,310;5308,310;5313,292;5317,312;5321,282;5326,310;5330,294;5334,308;5339,312;5343,298;5348,310;5352,294;5356,322;5361,292;5365,312;5369,296;5374,308;5378,292;5382,306;5387,290;5391,310;5395,322;5400,306;5404,320;5408,304;5413,310;5417,308;5422,308;5426,292;5430,304;5435,288;5439,294;5443,308;5448,292;5452,318;5456,302;5461,316;5465,292;5469,306;5474,290;5478,316;5482,288;5487,292;5491,306;5496,304;5500,316;5504,302;5509,314;5513,292;5517,318;5522,288;5526,314;5530,300;5535,312;5539,304;5543,302;5548,316;5552,286;5557,314;5561,304;5565,318;5570,302;5574,314;5578,298;5583,326;5587,316;5591,302;5596,328;5600,284;5604,312;5609,296;5613,316;5617,300;5622,314;5626,298;5631,326;5635,316;5639,300;5644,314;5648,298;5652,312;5657,280;5661,314;5665,300;5670,312;5674,298;5678,310;5683,296;5687,300;5691,312;5696,312;5700,310;5705,308;5709,300;5713,298;5718,310;5722,296;5726,308;5731,292;5735,298;5739,322;5744,294;5748,320;5752,304;5757,316;5761,294;5766,320;5770,290;5774,306;5779,290;5783,294;5787,308;5792,292;5796,320;5800,290;5805,316;5809,294;5813,320;5818,290;5822,304;5826,288;5831,294;5835,320;5840,304;5844,304;5848,302;5853,316;5857,292;5861,306;5866,290;5870,318;5874,288;5879,316;5883,320;5887,306;5892,304;5896,302;5900,314;5905,292;5909,306;5914,290;5918,316;5922,288;5927,314;5931,306;5935,290;5940,318;5944,302;5948,316;5953,300;5957,306;5961,290;5966,316;5970,288;5975,302;5979,298;5983,290;5988,304;5992,302;5996,316;6001,300;6005,306;6009,290;6014,304;6018,288;6022,302;6027,286;6031,306;6035,318;6040,304;6044,316;6049,300;6053,314;6057,290;6062,304;6066,288;6070,316;6075,300;6079,306;6083,320;6088,304;6092,304;6096,302;6101,314;6105,292;6109,304;6114,290;6118,316;6123,288;6127,306;6131,320;6136,304;6140,318;6144,302;6149,314;6153,306;6157,318;6162,288;6166,302;6170,286;6175,314;6179,318;6184,304;6188,316;6192,302;6197,314;6201,292;6205,306;6210,290;6214,304;6218,288;6223,302;6227,308;6231,306;6236,320;6240,276;6244,302;6249,294;6253,308;6258,306;6262,320;6266,292;6271,318;6275,310;6279,294;6284,308;6288,292;6292,306;6297,290;6301,310;6305,294;6310,322;6314,292;6318,306;6323,310;6327,296;6332,310;6336,294;6340,320;6345,306;6349,298;6353,296;6358,310;6362,294;6366,322;6371,306;6375,284;6379,312;6384,296;6388,310;6393,294;6397,300;6401,284;6406,300;6410,284;6414,310;6419,296;6423,302;6427,316;6432,300;6436,314;6440,312;6445,312;6449,288;6453,316;6458,300;6462,312;6467,298;6471,288;6475,316;6480,288;6484,314;6488,300;6493,312;6497,290;6501,316;6506,288;6510,314;6514,286;6519,292;6523,304;6527,304;6532,316;6536,286;6541,314;6545,306;6549,318;6554,288;6558,302;6562,286;6567,314;6571,304;6575,290;6580,304;6584,288;6588,300;6593,292;6597,318;6601,304;6606,304;6610,288;6615,300;6619,306;6623,292;6628,318;6632,302;6636,314;6641,300;6645,306;6649,290;6654,302;6658,286;6662,300;6667,304;6671,290;6676,302;6680,274;6684,286;6689,270;6693,290;6697,274;6702,274;6706,258;6710,270;6715,254;6719,274;6723,286;6728,242;6732,284;6736,282;6741,274;6745,258;6750,272;6754,270;6758,284;6763,268;6767,274;6771,286;6776,270;6780,284;6784,254;6789,270;6793,258;6797,284;6802,268;6806,282;6810,266;6815,284;6819,298;6824,268;6828,280;6832,250;6837,264;6841,268;6845,282;6850,266;6854,280;6858,250;6863,270;6867,282;6871,266;6876,280;6880,250;6884,264;6889,268;6893,280;6898,266;6902,264;6906,236;6911,276;6915,280;6919,266;6924,278;6928,262;6932,276;6937,254;6941,280;6945,252;6950,278;6954,250;6959,226;6963,280;6967,280;6972,280;6976,278;6980,290;6985,254;6989,280;6993,252;6998,278;7002,248;7006,262;7011,246;7015,264;7019,278;7024,250;7028,290;7033,262;7037,280;7041,252;7046,278;7050,262;7054,276;7059,260;7063,252;7067,264;7072,236;7076,276;7080,262;7085,280;7089,280;7093,280;7098,264;7102,276;7107,260;7111,252;7115,280;7120,262;7124,290;7128,276;7133,288;7137,266;7141,278;7146,262;7150,262;7154,246;7159,266;7163,278;7167,262;7172,276;7176,260;7181,274;7185,250;7189,278;7194,262;7198,274;) of size 460\r\nSTEPPER: Moving to mstep: 5200 with speed [msteps/sec]: 4000 in SpreadCycle.\r\n'), 14:19:43
bytearray(b'STEPPER: Moved 2000.00 msteps (ramp: 35%) in 699.756 ms -> average speed [msteps/sec]: 2858.14\r\nSTEPPER: Moving to mstep: 7200 with speed [msteps/sec]: 1000 in StealthChop.\r\n'), 14:19:43
bytearray(b'STEPPER: Estimate 5: [msteps] 6684\r\nSTEPPER: buffer (5200,282;5204,308;5208,280;5213,306;5217,286;5221,312;5226,296;5230,322;5234,292;5239,320;5243,310;5247,296;5252,310;5256,306;5260,320;5265,282;5269,322;5274,280;5278,306;5282,292;5287,318;5291,308;5295,308;5300,306;5304,304;5308,316;5313,280;5317,304;5321,290;5326,302;5330,286;5334,300;5339,284;5343,304;5348,302;5352,286;5356,312;5361,298;5365,318;5369,288;5374,314;5378,286;5382,312;5387,284;5391,302;5395,328;5400,300;5404,314;5408,312;5413,302;5417,286;5422,314;5426,284;5430,312;5435,282;5439,300;5443,314;5448,298;5452,310;5456,294;5461,308;5465,298;5469,312;5474,296;5478,322;5483,292;5487,300;5491,312;5496,310;5500,322;5504,308;5509,320;5513,282;5517,310;5522,282;5526,306;5530,290;5535,318;5539,310;5543,294;5548,320;5552,304;5557,304;5561,308;5565,308;5570,292;5574,320;5578,302;5583,316;5587,322;5591,306;5596,318;5600,302;5604,316;5609,292;5613,304;5617,290;5622,302;5626,288;5631,314;5635,320;5639,304;5644,316;5648,302;5652,314;5657,312;5661,318;5665,288;5670,314;5674,286;5678,326;5683,296;5687,302;5691,314;5696,312;5700,312;5705,310;5709,316;5713,300;5718,312;5722,282;5726,310;5731,294;5735,300;5739,326;5744,298;5748,310;5752,294;5757,308;5761,298;5766,312;5770,298;5774,312;5779,282;5783,302;5787,314;5792,298;5796,326;5800,310;5805,322;5809,284;5813,312;5818,282;5822,308;5826,294;5831,298;5835,312;5840,296;5844,308;5848,294;5853,308;5857,284;5861,310;5866,280;5870,308;5874,280;5879,306;5883,310;5887,310;5892,308;5896,308;5900,306;5905,296;5909,310;5914,294;5918,306;5922,276;5927,304;5931,308;5935,306;5940,318;5944,302;5948,302;5953,300;5957,320;5961,304;5966,304;5970,302;5974,316;5979,306;5983,290;5988,304;5992,288;5996,314;6001,298;6005,304;6009,286;6014,300;6018,284;6022,310;6027,294;6031,300;6035,312;6040,298;6044,310;6049,306;6053,312;6057,282;6062,310;6066,280;6070,320;6075,290;6079,310;6083,308;6088,306;6092,318;6096,304;6101,316;6105,278;6109,306;6114,290;6118,316;6123,286;6127,306;6131,304;6136,288;6140,302;6144,300;6149,312;6153,290;6157,300;6162,286;6166,300;6170,284;6175,312;6179,316;6183,302;6188,314;6192,298;6197,312;6201,288;6205,316;6210,286;6214,298;6218,282;6223,310;6227,314;6231,298;6236,312;6240,310;6244,308;6249,286;6253,312;6257,296;6262,322;6266,294;6271,306;6275,312;6279,294;6284,308;6288,306;6292,318;6297,304;6301,308;6305,292;6310,304;6314,288;6318,316;6323,286;6327,304;6332,304;6336,288;6340,314;6345,298;6349,318;6353,302;6358,314;6362,298;6366,312;6371,298;6375,288;6379,300;6384,286;6388,326;6392,296;6397,310;6401,300;6406,312;6410,296;6414,310;6419,294;6423,300;6427,312;6432,298;6436,310;6440,294;6445,308;6449,282;6453,310;6458,280;6462,308;6466,292;6471,296;6475,310;6480,294;6484,306;6488,290;6493,304;6497,294;6501,306;6506,276;6510,304;6514,288;6519,300;6523,320;6527,304;6532,318;6536,302;6541,314;6545,292;6549,304;6554,288;6558,302;6562,286;6567,300;6571,318;6575,304;6580,316;6584,300;6588,312;6593,290;6597,316;6601,288;6606,314;6610,284;6615,310;6619,316;6623,300;6628,312;6632,296;6636,310;6641,294;6645,312;6649,284;6654,310;6658,280;6662,294;6667,278;6671,282;6675,296;6680,280;6684,306;6689,276;6693,282;6697,266;6702,278;6706,248;6710,290;6715,260;6719,280;6723,278;6728,248;6732,274;6736,258;6741,276;6745,262;6749,274;6754,272;6758,286;6763,270;6767,246;6771,272;6776,258;6780,284;6784,254;6789,282;6793,272;6797,284;6802,254;6806,282;6810,266;6815,256;6819,298;6823,268;6828,294;6832,280;6837,278;6841,240;6845,268;6850,252;6854,280;6858,250;6863,270;6867,282;6871,266;6876,294;6880,264;6884,292;6889,254;6893,280;6897,264;6902,278;6906,248;6911,274;6915,282;6919,264;6924,292;6928,260;6932,288;6937,252;6941,278;6945,262;6950,290;6954,244;6958,272;6963,290;6967,276;6972,288;6976,258;6980,270;6985,254;6989,288;6993,258;6998,270;7002,240;7006,282;7011,266;7015,272;7019,286;7024,242;7028,296;7032,282;7037,274;7041,258;7046,284;7050,254;7054,282;7059,252;7063,258;7067,286;7072,270;7076,282;7080,254;7085,274;7089,258;7093,270;7098,240;7102,282;7106,268;7111,274;7115,272;7120,228;7124,284;7128,282;7133,282;7137,244;7141,272;7146,242;7150,284;7154,268;7159,274;7163,272;7167,228;7172,284;7176,268;7180,282;7185,258;7189,270;7194,270;7198,282;) of size 460\r\nSTEPPER: Moving to mstep: 5200 with speed [msteps/sec]: 4000 in SpreadCycle.\r\n'), 14:19:46
bytearray(b'STEPPER: Moved 2000.00 msteps (ramp: 35%) in 699.756 ms -> average speed [msteps/sec]: 2858.14\r\nSTEPPER: Moving to mstep: 7200 with speed [msteps/sec]: 1000 in StealthChop.\r\n'), 14:19:46
bytearray(b'STEPPER: Estimate 6: [msteps] 6645\r\nSTEPPER: buffer (5200,288;5204,304;5208,288;5213,314;5217,292;5221,318;5226,288;5230,316;5234,286;5239,312;5243,318;5247,302;5252,314;5256,300;5260,312;5265,288;5269,316;5274,286;5278,314;5282,284;5287,310;5291,314;5295,314;5300,312;5304,312;5308,310;5313,308;5317,314;5321,282;5326,310;5330,294;5334,322;5339,306;5343,298;5348,310;5352,294;5356,308;5361,292;5365,312;5369,296;5374,322;5378,294;5382,306;5387,290;5391,296;5395,322;5400,292;5404,306;5408,290;5413,310;5417,294;5422,322;5426,292;5430,304;5435,290;5439,294;5443,308;5448,306;5452,320;5456,304;5461,318;5465,280;5469,308;5474,292;5478,318;5482,290;5487,310;5491,322;5496,306;5500,320;5504,318;5509,318;5513,280;5517,308;5522,278;5526,306;5530,290;5535,316;5539,308;5543,306;5548,318;5552,304;5556,316;5561,294;5565,320;5570,292;5574,318;5578,288;5583,316;5587,322;5591,306;5596,332;5600,304;5604,316;5609,300;5613,320;5617,290;5622,304;5626,288;5631,316;5635,286;5639,304;5644,318;5648,304;5652,316;5657,300;5661,318;5665,288;5670,316;5674,286;5678,314;5683,284;5687,304;5691,316;5696,316;5700,314;5705,314;5709,304;5713,288;5718,302;5722,286;5726,312;5731,298;5735,302;5739,314;5744,300;5748,312;5752,296;5757,302;5761,286;5766,312;5770,282;5774,310;5779,292;5783,298;5787,310;5792,294;5796,308;5800,292;5805,318;5809,294;5813,308;5818,290;5822,320;5826,304;5831,294;5835,308;5840,292;5844,320;5848,304;5853,316;5857,292;5861,306;5866,290;5870,316;5874,300;5879,314;5883,304;5887,304;5892,316;5896,300;5900,298;5905,304;5909,316;5914,286;5918,314;5922,284;5927,312;5931,316;5935,300;5940,326;5944,298;5948,310;5953,294;5957,314;5961,298;5966,312;5970,296;5974,308;5979,312;5983,310;5988,324;5992,296;5996,320;6001,304;6005,310;6009,294;6014,306;6018,292;6022,318;6027,304;6031,304;6035,306;6040,304;6044,318;6048,302;6053,314;6057,278;6062,318;6066,288;6070,316;6075,286;6079,306;6083,318;6088,302;6092,316;6096,314;6101,312;6105,288;6109,302;6114,286;6118,300;6122,284;6127,302;6131,316;6136,286;6140,312;6144,298;6149,310;6153,300;6157,314;6162,298;6166,310;6170,296;6175,308;6179,314;6183,298;6188,310;6192,294;6197,322;6201,284;6205,312;6210,296;6214,310;6218,294;6223,306;6227,312;6231,296;6236,322;6240,306;6244,306;6249,296;6253,308;6257,278;6262,306;6266,288;6271,316;6275,306;6279,304;6284,318;6288,302;6292,314;6297,312;6301,316;6305,288;6310,314;6314,286;6318,312;6323,296;6327,302;6332,314;6336,300;6340,310;6345,296;6349,314;6353,298;6358,310;6362,282;6366,306;6371,292;6375,296;6379,310;6384,308;6388,320;6392,304;6397,316;6401,294;6406,318;6410,304;6414,316;6419,286;6423,304;6427,318;6432,302;6436,302;6440,298;6445,312;6449,288;6453,316;6458,286;6462,312;6466,282;6471,302;6475,326;6480,312;6484,310;6488,296;6493,308;6497,284;6501,310;6506,294;6510,308;6514,278;6519,306;6523,310;6527,310;6532,308;6536,306;6540,304;6545,294;6549,320;6554,306;6558,304;6562,302;6567,314;6571,304;6575,288;6580,316;6584,300;6588,326;6593,276;6597,302;6601,286;6606,300;6610,270;6614,310;6619,294;6623,300;6628,326;6632,298;6636,310;6641,294;6645,312;6649,282;6654,310;6658,292;6662,306;6667,276;6671,280;6675,294;6680,264;6684,276;6688,274;6693,294;6697,264;6702,278;6706,248;6710,274;6715,258;6719,278;6723,290;6728,260;6732,288;6736,272;6741,284;6745,276;6749,288;6754,274;6758,286;6763,268;6767,260;6771,286;6776,256;6780,282;6784,254;6789,280;6793,272;6797,270;6802,252;6806,280;6810,252;6815,242;6819,284;6823,282;6828,294;6832,280;6837,292;6841,254;6845,282;6850,266;6854,278;6858,264;6863,254;6867,282;6871,266;6876,292;6880,262;6884,290;6889,252;6893,280;6898,250;6902,276;6906,262;6911,274;6915,280;6919,264;6924,276;6928,246;6932,286;6937,264;6941,276;6945,262;6950,288;6954,258;6958,272;6963,278;6967,262;6972,274;6976,230;6980,286;6985,272;6989,276;6993,260;6998,272;7002,242;7006,268;7011,240;7015,260;7019,300;7024,256;7028,284;7032,268;7037,260;7041,244;7046,270;7050,240;7054,268;7059,238;7063,272;7067,284;7072,256;7076,282;7080,268;7085,268;7089,256;7093,270;7098,254;7102,268;7106,238;7111,284;7115,284;7120,268;7124,282;7128,236;7133,278;7137,270;7141,282;7146,252;7150,266;7154,236;7159,268;7163,282;7167,266;7172,278;7176,234;7180,276;7185,268;7189,280;7194,264;7198,278;) of size 460\r\nSTEPPER: Moving to mstep: 5200 with speed [msteps/sec]: 4000 in SpreadCycle.\r\n'), 14:19:49
bytearray(b'STEPPER: Moved 2000.00 msteps (ramp: 35%) in 699.756 ms -> average speed [msteps/sec]: 2858.14\r\nSTEPPER: Moving to mstep: 7200 with speed [msteps/sec]: 1000 in StealthChop.\r\n'), 14:19:50
bytearray(b'STEPPER: Estimate 7: [msteps] 6662\r\nSTEPPER: buffer (5200,284;5204,308;5208,294;5213,320;5217,296;5221,310;5226,294;5230,306;5234,278;5239,304;5243,310;5247,308;5252,306;5256,292;5260,304;5265,294;5269,308;5274,292;5278,306;5282,290;5287,302;5291,322;5295,308;5300,306;5304,304;5308,302;5313,302;5317,320;5321,290;5326,318;5330,302;5334,302;5339,306;5343,290;5348,318;5352,288;5356,300;5361,286;5365,318;5369,302;5374,316;5378,288;5382,300;5387,284;5391,290;5395,318;5400,288;5404,314;5408,298;5413,304;5417,288;5422,316;5426,286;5430,312;5435,282;5439,302;5443,302;5448,286;5452,300;5456,298;5461,312;5465,288;5469,316;5474,286;5478,312;5482,284;5487,302;5491,316;5496,300;5500,312;5504,298;5509,310;5513,288;5517,314;5522,286;5526,312;5530,282;5535,310;5539,316;5543,300;5548,312;5552,298;5557,310;5561,300;5565,328;5570,312;5574,312;5578,296;5583,310;5587,328;5591,298;5596,326;5600,296;5604,322;5609,286;5613,314;5617,284;5622,310;5626,294;5631,322;5635,312;5639,312;5644,310;5648,308;5652,306;5657,292;5661,322;5665,308;5670,306;5674,290;5678,304;5683,288;5687,306;5691,318;5696,304;5700,316;5705,314;5709,320;5713,290;5718,316;5722,288;5726,314;5731,286;5735,306;5739,316;5744,300;5748,314;5752,298;5757,310;5761,302;5765,314;5770,284;5774,310;5779,296;5783,300;5787,314;5792,298;5796,326;5800,296;5805,308;5809,286;5813,300;5818,282;5822,308;5826,280;5831,306;5835,310;5839,296;5844,308;5848,292;5853,306;5857,282;5861,308;5866,294;5870,320;5874,290;5879,318;5883,308;5887,306;5892,318;5896,304;5900,316;5905,290;5909,304;5913,290;5918,316;5922,286;5927,312;5931,318;5935,302;5940,316;5944,300;5948,312;5953,298;5957,316;5961,288;5966,314;5970,284;5974,310;5979,294;5983,300;5988,314;5992,296;5996,310;6001,294;6005,312;6009,282;6014,310;6018,280;6022,306;6027,278;6031,310;6035,322;6040,308;6044,320;6048,304;6053,316;6057,294;6062,320;6066,290;6070,304;6075,300;6079,292;6083,318;6088,290;6092,316;6096,300;6101,314;6105,288;6109,302;6114,286;6118,312;6122,284;6127,304;6131,316;6136,300;6140,314;6144,298;6149,310;6153,302;6157,314;6162,286;6166,310;6170,296;6175,308;6179,328;6183,298;6188,312;6192,296;6197,308;6201,286;6205,312;6210,282;6214,296;6218,280;6223,308;6227,314;6231,312;6236,310;6240,308;6244,322;6249,284;6253,312;6257,282;6262,322;6266,294;6271,320;6275,312;6279,296;6284,308;6288,294;6292,306;6297,276;6301,310;6305,292;6310,306;6314,290;6318,304;6323,288;6327,292;6331,306;6336,290;6340,316;6345,286;6349,320;6353,290;6358,302;6362,288;6366,314;6371,298;6375,304;6379,316;6384,314;6388,314;6392,298;6397,310;6401,288;6406,314;6410,284;6414,310;6419,294;6423,300;6427,312;6432,298;6436,310;6440,294;6445,308;6449,298;6453,310;6458,294;6462,308;6466,292;6471,298;6475,310;6480,294;6484,308;6488,292;6493,304;6497,294;6501,308;6506,292;6510,304;6514,288;6519,314;6523,304;6527,304;6532,302;6536,286;6540,300;6545,290;6549,304;6554,288;6558,314;6562,298;6567,312;6571,304;6575,302;6580,316;6584,300;6588,314;6593,298;6597,316;6601,300;6606,312;6610,284;6615,298;6619,316;6623,302;6628,314;6632,300;6636,312;6641,310;6645,302;6649,286;6654,298;6658,282;6662,296;6667,268;6671,286;6675,296;6680,282;6684,292;6689,278;6693,296;6697,268;6702,294;6706,264;6710,276;6715,276;6719,280;6723,280;6728,262;6732,276;6736,260;6741,278;6745,264;6749,276;6754,260;6758,272;6763,256;6767,276;6771,288;6776,272;6780,298;6784,256;6789,282;6793,274;6797,272;6802,256;6806,268;6810,266;6815,258;6819,284;6823,268;6828,294;6832,266;6837,278;6841,268;6845,282;6850,266;6854,292;6858,264;6863,254;6867,266;6871,250;6876,276;6880,262;6884,274;6889,278;6893,292;6897,262;6902,288;6906,274;6911,284;6915,288;6919,274;6924,286;6928,270;6932,284;6937,260;6941,274;6945,272;6950,284;6954,254;6958,268;6963,272;6967,242;6971,282;6976,254;6980,280;6985,236;6989,282;6993,254;6998,280;7002,250;7006,276;7011,262;7015,266;7019,280;7024,236;7028,278;7032,276;7037,280;7041,250;7045,278;7050,248;7054,276;7059,246;7063,266;7067,280;7072,264;7076,290;7080,260;7085,288;7089,264;7093,276;7098,276;7102,274;7106,260;7111,264;7115,276;7120,260;7124,274;7128,244;7133,286;7137,262;7141,274;7146,260;7150,272;7154,242;7159,234;7163,276;7167,274;7172,286;7176,272;7180,284;7185,246;7189,288;7194,258;7198,284;) of size 460\r\nSTEPPER: Moving to mstep: 5200 with speed [msteps/sec]: 4000 in SpreadCycle.\r\n'), 14:19:52
bytearray(b'STEPPER: Moved 2000.00 msteps (ramp: 35%) in 699.756 ms -> average speed [msteps/sec]: 2858.14\r\nSTEPPER: Moving to mstep: 7200 with speed [msteps/sec]: 1000 in StealthChop.\r\n'), 14:19:53
bytearray(b'STEPPER: Estimate 8: [msteps] 6654\r\nSTEPPER: buffer (5200,296;5204,302;5208,288;5213,314;5217,290;5221,318;5226,300;5230,316;5234,286;5239,312;5243,304;5247,302;5252,316;5256,300;5260,312;5265,304;5269,316;5274,288;5278,316;5282,300;5287,312;5291,318;5295,304;5300,314;5304,300;5308,312;5313,310;5317,316;5321,300;5326,312;5330,296;5334,310;5339,296;5343,300;5348,312;5352,298;5356,310;5361,294;5365,314;5369,298;5374,312;5378,296;5382,310;5387,308;5391,298;5395,324;5400,310;5404,322;5409,306;5413,310;5417,282;5422,308;5426,278;5430,306;5435,290;5439,308;5443,322;5448,306;5452,318;5456,302;5461,314;5465,292;5469,318;5474,302;5478,316;5483,300;5487,290;5491,304;5496,302;5500,314;5504,312;5509,310;5513,288;5517,312;5522,284;5526,310;5530,296;5535,322;5539,312;5543,312;5548,308;5552,292;5557,306;5561,296;5565,324;5570,294;5574,320;5578,290;5583,316;5587,320;5591,292;5596,318;5600,302;5604,330;5609,290;5613,304;5617,288;5622,302;5626,298;5631,326;5635,316;5639,302;5644,314;5648,300;5652,312;5657,296;5661,316;5665,300;5670,312;5674,296;5678,310;5683,310;5687,300;5691,312;5696,310;5700,310;5705,308;5709,314;5713,298;5718,310;5722,294;5726,308;5731,292;5735,298;5739,324;5744,308;5748,320;5752,306;5757,318;5761,296;5766,308;5770,292;5774,306;5779,290;5783,308;5787,322;5792,294;5796,320;5800,290;5805,318;5809,294;5813,320;5818,292;5822,306;5826,290;5831,308;5835,322;5840,292;5844,306;5848,304;5853,316;5857,294;5861,320;5866,290;5870,318;5874,288;5879,302;5883,306;5887,306;5892,318;5896,304;5901,316;5905,280;5909,306;5914,278;5918,304;5922,288;5927,302;5931,322;5935,306;5940,318;5944,304;5948,316;5953,294;5957,306;5961,290;5966,304;5970,288;5975,302;5979,320;5983,304;5988,318;5992,288;5996,312;6001,312;6005,318;6009,288;6014,316;6018,300;6022,314;6027,284;6031,304;6035,316;6040,300;6044,314;6049,312;6053,316;6057,286;6062,314;6066,286;6070,312;6075,296;6079,316;6083,314;6088,300;6092,312;6096,298;6101,310;6105,286;6109,314;6114,286;6118,312;6123,282;6127,302;6131,314;6136,284;6140,312;6144,296;6149,310;6153,300;6157,312;6162,296;6166,310;6170,294;6175,308;6179,312;6183,298;6188,324;6192,294;6197,308;6201,298;6205,312;6210,296;6214,310;6218,294;6223,306;6227,312;6231,296;6236,310;6240,294;6244,320;6249,284;6253,326;6257,296;6262,308;6266,292;6271,306;6275,312;6279,310;6284,310;6288,280;6292,306;6297,292;6301,310;6305,296;6310,308;6314,292;6318,306;6323,290;6327,296;6332,308;6336,292;6340,304;6345,290;6349,310;6353,308;6358,308;6362,290;6366,304;6371,288;6375,294;6379,322;6384,278;6388,306;6392,304;6397,310;6401,294;6406,308;6410,292;6414,320;6419,290;6423,296;6427,308;6432,294;6436,306;6440,292;6445,318;6449,296;6453,324;6458,294;6462,306;6467,292;6471,298;6475,310;6480,296;6484,308;6488,308;6493,320;6497,284;6501,310;6506,296;6510,308;6514,294;6519,320;6523,312;6527,296;6532,310;6536,294;6541,306;6545,298;6549,310;6554,282;6558,308;6562,292;6567,318;6571,310;6575,296;6580,308;6584,294;6588,320;6593,284;6597,310;6601,294;6606,308;6610,292;6615,304;6619,310;6623,294;6628,306;6632,306;6636,306;6641,290;6645,308;6649,292;6654,320;6658,290;6662,302;6667,286;6671,264;6675,290;6680,276;6684,288;6689,286;6693,292;6697,276;6702,288;6706,258;6710,284;6715,256;6719,288;6723,288;6728,272;6732,284;6736,254;6741,288;6745,272;6750,284;6754,270;6758,282;6763,266;6767,258;6771,284;6776,284;6780,282;6784,266;6789,280;6793,272;6797,284;6802,270;6806,284;6810,268;6815,272;6819,286;6824,258;6828,284;6832,282;6837,294;6841,258;6845,284;6850,256;6854,268;6858,252;6863,272;6867,286;6871,270;6876,282;6880,252;6884,280;6889,270;6893,284;6898,254;6902,280;6906,266;6911,258;6915,284;6919,282;6924,280;6928,236;6932,292;6937,256;6941,268;6945,266;6950,278;6954,248;6959,276;6963,282;6967,266;6972,292;6976,264;6980,288;6985,252;6989,280;6993,250;6998,276;7002,262;7006,274;7011,258;7015,264;7019,290;7024,262;7028,274;7033,230;7037,278;7041,264;7046,276;7050,260;7054,274;7059,244;7063,264;7067,290;7072,260;7076,274;7080,258;7085,278;7089,262;7093,274;7098,258;7102,272;7107,256;7111,276;7115,274;7120,230;7124,286;7128,270;7133,284;7137,260;7141,272;7146,256;7150,270;7154,254;7159,258;7163,274;7167,256;7172,284;7176,254;7181,282;7185,258;7189,284;7194,256;7198,268;) of size 460\r\nSTEPPER: Moving to mstep: 5200 with speed [msteps/sec]: 4000 in SpreadCycle.\r\n'), 14:19:55
bytearray(b'STEPPER: Moved 2000.00 msteps (ramp: 35%) in 699.756 ms -> average speed [msteps/sec]: 2858.14\r\nSTEPPER: Moving to mstep: 7200 with speed [msteps/sec]: 1000 in StealthChop.\r\n'), 14:19:56
bytearray(b'STEPPER: Estimate 9: [msteps] 6693\r\nSTEPPER: buffer (5200,292;5204,298;5208,284;5213,310;5217,288;5221,316;5226,286;5230,312;5234,282;5239,310;5243,314;5247,300;5252,312;5256,296;5260,310;5265,286;5269,314;5274,284;5278,310;5282,296;5287,322;5291,300;5295,298;5300,312;5304,310;5308,310;5313,294;5317,314;5321,284;5326,312;5330,296;5334,324;5339,300;5343,300;5348,312;5352,298;5356,310;5361,296;5365,316;5369,300;5374,314;5378,298;5382,312;5387,282;5391,302;5395,314;5400,300;5404,314;5408,298;5413,304;5417,288;5422,316;5426,286;5430,314;5435,284;5439,304;5443,318;5448,302;5452,314;5456,286;5461,298;5465,290;5469,316;5474,302;5478,314;5482,286;5487,304;5491,318;5496,304;5500,316;5504,300;5509,314;5513,278;5517,316;5522,288;5526,302;5530,300;5535,314;5539,306;5543,304;5548,316;5552,288;5556,302;5561,306;5565,318;5570,304;5574,316;5578,302;5583,316;5587,320;5591,304;5596,318;5600,302;5604,316;5609,300;5613,320;5617,290;5622,318;5626,302;5631,316;5635,308;5639,306;5644,320;5648,304;5652,318;5657,304;5661,308;5665,294;5670,308;5674,290;5678,304;5683,288;5687,308;5691,308;5696,306;5700,318;5705,304;5709,308;5713,294;5718,308;5722,292;5726,304;5731,290;5735,296;5739,308;5744,294;5748,320;5752,306;5757,318;5761,296;5765,310;5770,294;5774,322;5779,292;5783,298;5787,312;5792,296;5796,308;5800,292;5805,320;5809,298;5813,310;5818,280;5822,308;5826,278;5831,298;5835,310;5839,296;5844,310;5848,294;5853,320;5857,284;5861,310;5866,294;5870,308;5874,292;5879,304;5883,310;5887,308;5892,320;5896,306;5900,304;5905,280;5909,308;5914,278;5918,304;5922,288;5927,302;5931,322;5935,306;5940,318;5944,304;5948,302;5953,300;5957,304;5961,290;5966,316;5970,288;5974,314;5979,298;5983,304;5988,318;5992,302;5996,314;6001,300;6005,318;6009,290;6014,316;6018,288;6022,314;6027,284;6031,304;6035,316;6040,302;6044,314;6048,300;6053,304;6057,288;6062,316;6066,286;6070,314;6075,298;6079,302;6083,314;6088,300;6092,312;6096,296;6101,308;6105,286;6109,298;6114,282;6118,296;6122,280;6127,314;6131,324;6136,282;6140,308;6144,306;6149,306;6153,310;6157,308;6162,294;6166,320;6170,290;6175,304;6179,322;6183,294;6188,318;6192,304;6197,316;6201,292;6205,306;6210,290;6214,316;6218,288;6223,314;6227,318;6231,290;6236,304;6240,300;6244,314;6249,290;6253,304;6257,286;6262,314;6266,286;6271,314;6275,304;6279,290;6284,302;6288,286;6292,312;6297,298;6301,318;6305,288;6310,314;6314,298;6318,312;6323,282;6327,302;6331,316;6336,286;6340,312;6345,298;6349,304;6353,288;6358,314;6362,300;6366,312;6371,298;6375,288;6379,316;6384,286;6388,312;6392,298;6397,312;6401,286;6405,300;6410,284;6414,298;6419,282;6423,302;6427,314;6432,298;6436,312;6440,298;6445,310;6449,286;6453,314;6458,284;6462,312;6466,296;6471,286;6475,314;6479,312;6484,312;6488,298;6493,310;6497,288;6501,314;6506,286;6510,298;6514,282;6519,296;6523,316;6527,300;6532,314;6536,298;6540,312;6545,288;6549,302;6554,288;6558,314;6562,298;6567,312;6571,316;6575,300;6580,314;6584,298;6588,312;6593,296;6597,316;6601,286;6606,300;6610,284;6614,298;6619,282;6623,302;6628,316;6632,300;6636,312;6641,296;6645,318;6649,288;6654,300;6658,284;6662,312;6667,282;6671,274;6675,300;6680,286;6684,298;6688,284;6693,302;6697,274;6702,272;6706,256;6710,284;6715,268;6719,260;6723,288;6728,272;6732,298;6736,268;6741,274;6745,260;6749,286;6754,270;6758,270;6763,240;6767,274;6771,286;6776,270;6780,284;6784,254;6789,280;6793,258;6797,286;6802,256;6806,270;6810,268;6815,274;6819,286;6823,270;6828,284;6832,254;6837,280;6841,272;6845,284;6850,270;6854,282;6858,268;6863,258;6867,286;6871,256;6876,284;6880,268;6884,282;6889,260;6893,286;6897,256;6902,270;6906,254;6911,268;6915,286;6919,272;6924,284;6928,256;6932,282;6937,246;6941,258;6945,258;6950,284;6954,256;6958,282;6963,288;6967,274;6971,286;6976,270;6980,284;6985,254;6989,274;6993,244;6998,272;7002,244;7006,270;7011,254;7015,260;7019,286;7024,228;7028,284;7032,268;7037,274;7041,272;7045,272;7050,270;7054,284;7059,254;7063,274;7067,286;7072,256;7076,284;7080,254;7085,280;7089,256;7093,272;7098,254;7102,268;7106,252;7111,272;7115,284;7120,268;7124,280;7128,266;7133,280;7137,268;7141,282;7146,268;7150,266;7154,264;7159,256;7163,284;7167,268;7172,280;7176,252;7180,266;7185,256;7189,270;7194,240;7198,266;) of size 460\r\nSTEPPER: Moving to mstep: 5200 with speed [msteps/sec]: 4000 in SpreadCycle.\r\n'), 14:19:59
bytearray(b'STEPPER: Moved 2000.00 msteps (ramp: 35%) in 699.768 ms -> average speed [msteps/sec]: 2858.09\r\nSTEPPER: Moving to mstep: 7200 with speed [msteps/sec]: 1000 in StealthChop.\r\n'), 14:19:59
bytearray(b'STEPPER: Estimate 10: [msteps] 6684\r\nSTEPPER: buffer (5200,288;5204,306;5208,290;5213,304;5217,294;5221,308;5226,294;5230,308;5234,292;5239,306;5243,324;5247,282;5252,308;5256,308;5260,306;5265,298;5269,312;5274,296;5278,324;5282,294;5287,308;5291,314;5295,298;5300,312;5304,310;5308,310;5313,286;5317,314;5321,284;5326,312;5330,284;5335,310;5339,316;5343,286;5348,300;5352,298;5356,312;5361,296;5365,316;5369,286;5374,300;5378,284;5382,312;5387,296;5391,302;5395,316;5400,300;5404,314;5409,298;5413,318;5417,288;5422,302;5426,286;5430,314;5435,284;5439,304;5443,318;5448,302;5452,316;5456,300;5461,314;5465,292;5469,320;5474,290;5478,318;5483,302;5487,280;5491,308;5496,306;5500,306;5504,304;5509,318;5513,294;5517,322;5522,292;5526,304;5530,290;5535,316;5539,308;5543,306;5548,320;5552,306;5557,318;5561,296;5565,308;5570,294;5574,308;5578,292;5583,306;5587,312;5591,296;5596,310;5600,294;5604,320;5609,284;5613,310;5617,296;5622,308;5626,294;5631,320;5635,326;5639,310;5644,322;5648,308;5652,320;5657,306;5661,312;5665,296;5670,308;5674,294;5678,306;5683,306;5687,296;5691,310;5696,296;5700,308;5705,306;5709,312;5713,284;5718,310;5722,282;5726,308;5731,292;5735,298;5739,312;5744,296;5748,310;5752,294;5757,308;5761,300;5766,312;5770,298;5774,310;5779,282;5783,302;5787,328;5792,300;5796,314;5800,284;5805,312;5809,288;5813,316;5818,286;5822,300;5827,298;5831,304;5835,318;5840,302;5844,302;5848,300;5853,314;5857,292;5861,304;5866,290;5870,316;5874,288;5879,294;5883,306;5887,292;5892,306;5896,290;5901,304;5905,296;5909,308;5914,294;5918,306;5922,292;5927,318;5931,310;5935,296;5940,308;5944,292;5948,306;5953,292;5957,310;5961,296;5966,310;5970,294;5975,308;5979,312;5983,298;5988,324;5992,296;5996,324;6001,308;6005,314;6009,270;6014,312;6018,296;6022,310;6027,294;6031,300;6035,314;6040,298;6044,312;6049,298;6053,318;6057,288;6062,316;6066,286;6070,314;6075,284;6079,304;6083,318;6088,288;6092,314;6096,314;6101,314;6105,306;6109,318;6114,290;6118,316;6123,288;6127,306;6131,308;6136,292;6140,304;6144,304;6149,316;6153,294;6157,308;6162,280;6166,306;6170,290;6175,298;6179,324;6183,294;6188,308;6192,306;6197,320;6201,296;6205,310;6210,280;6214,308;6218,292;6223,308;6227,312;6231,296;6236,310;6240,280;6244,308;6249,298;6253,312;6258,298;6262,310;6266,296;6271,322;6275,314;6279,298;6284,312;6288,296;6292,310;6297,286;6301,300;6305,284;6310,312;6314,296;6319,310;6323,302;6327,300;6332,312;6336,298;6340,310;6345,296;6349,300;6353,284;6358,298;6362,284;6366,310;6371,294;6375,300;6379,314;6384,298;6388,312;6393,298;6397,316;6401,286;6406,314;6410,298;6414,310;6419,282;6423,302;6427,314;6432,298;6436,312;6440,298;6445,310;6449,286;6453,314;6458,284;6462,312;6467,296;6471,288;6475,314;6480,300;6484,312;6488,298;6493,310;6497,302;6501,314;6506,286;6510,298;6514,284;6519,310;6523,316;6527,302;6532,314;6536,298;6541,312;6545,288;6549,300;6554,286;6558,298;6562,284;6567,310;6571,314;6575,300;6580,312;6584,298;6588,310;6593,286;6597,300;6601,284;6606,312;6610,282;6615,310;6619,314;6623,298;6628,312;6632,296;6636,310;6641,308;6645,312;6649,282;6654,310;6658,280;6662,294;6667,300;6671,284;6675,296;6680,294;6684,294;6689,250;6693,284;6697,268;6702,280;6706,252;6710,278;6715,248;6719,268;6723,282;6728,266;6732,292;6736,264;6741,282;6745,268;6750,280;6754,280;6758,278;6763,276;6767,282;6771,294;6776,278;6780,292;6784,262;6789,290;6793,252;6797,278;6802,250;6806,276;6810,246;6815,268;6819,294;6824,278;6828,292;6832,278;6837,290;6841,252;6845,266;6850,250;6854,278;6858,248;6863,268;6867,280;6871,266;6876,292;6880,262;6885,290;6889,252;6893,280;6898,264;6902,264;6906,264;6911,240;6915,282;6919,280;6924,292;6928,278;6932,290;6937,266;6941,280;6945,264;6950,276;6954,262;6959,274;6963,280;6967,250;6972,278;6976,260;6980,288;6985,250;6989,264;6993,248;6998,274;7002,258;7006,286;7011,278;7015,262;7019,274;7024,246;7028,260;7033,258;7037,278;7041,262;7046,290;7050,260;7054,272;7059,258;7063,262;7067,276;7072,232;7076,286;7080,274;7085,280;7089,264;7093,264;7098,276;7102,276;7107,260;7111,266;7115,278;7120,262;7124,276;7128,232;7133,288;7137,266;7141,278;7146,248;7150,262;7154,246;7159,266;7163,278;7167,262;7172,262;7176,248;7181,288;7185,252;7189,278;7194,262;7198,276;) of size 460\r\nSTEPPER: Final estimate: [mstep] 6675\r\nFound dispense position: [\xc2\xb5m] 33355\r\nreturn;find;6671\r\n\xef\xbf\xbdreceived from UR: find -> find (0,1)\r\nSTEPPER: Moving to mstep: 5200 with speed [msteps/sec]: 4000 in SpreadCycle.\r\n'), 14:20:02
bytearray(b'STEPPER: Moved 2000.00 msteps (ramp: 35%) in 699.756 ms -> average speed [msteps/sec]: 2858.14\r\nSTEPPER: Moving to mstep: 7200 with speed [msteps/sec]: 1000 in StealthChop.\r\n'), 14:20:03
bytearray(b'STEPPER: Estimate 1: [msteps] 6667\r\nSTEPPER: buffer (5200,296;5204,306;5208,262;5213,304;5217,294;5221,308;5226,292;5230,318;5234,302;5239,330;5243,306;5247,304;5252,318;5256,302;5260,314;5265,292;5269,306;5274,290;5278,302;5282,286;5287,314;5291,306;5295,304;5300,316;5304,302;5308,314;5313,310;5317,318;5321,288;5326,314;5330,300;5335,312;5339,304;5343,300;5348,314;5352,284;5356,312;5361,296;5365,300;5369,298;5374,314;5378,284;5382,310;5387,282;5391,300;5395,314;5400,312;5404,310;5409,296;5413,300;5417,286;5422,298;5426,284;5430,310;5435,280;5439,300;5443,314;5448,312;5452,310;5456,310;5461,322;5465,284;5469,312;5474,296;5478,322;5483,294;5487,298;5491,310;5496,310;5500,310;5504,308;5509,320;5513,282;5517,310;5522,280;5526,304;5530,292;5535,304;5539,322;5543,306;5548,320;5552,304;5557,304;5561,294;5565,320;5570,290;5574,304;5578,288;5583,314;5587,320;5591,304;5596,330;5600,302;5604,314;5609,292;5613,318;5617,302;5622,316;5626,286;5631,312;5635,316;5639,300;5644,314;5648,300;5652,312;5657,282;5661,316;5665,300;5670,314;5674,298;5678,312;5683,296;5687,300;5691,314;5696,298;5700,324;5705,296;5709,314;5713,298;5718,310;5722,296;5726,308;5731,294;5735,298;5739,312;5744,296;5748,310;5752,294;5757,306;5761,298;5766,324;5770,294;5774,306;5779,290;5783,296;5787,308;5792,292;5796,306;5800,304;5805,318;5809,280;5813,306;5818,276;5822,304;5826,288;5831,308;5835,320;5840,306;5844,318;5848,304;5853,316;5857,292;5861,306;5866,290;5870,302;5874,288;5879,302;5883,320;5887,290;5892,304;5896,300;5901,314;5905,292;5909,304;5914,302;5918,316;5922,286;5927,300;5931,318;5935,304;5940,316;5944,288;5948,314;5953,298;5957,318;5961,290;5966,316;5970,300;5975,314;5979,318;5983,288;5988,316;5992,286;5996,314;6001,298;6005,304;6009,288;6014,314;6018,298;6022,312;6027,296;6031,302;6035,314;6040,298;6044,310;6049,296;6053,316;6057,286;6062,314;6066,298;6070,326;6075,296;6079,300;6083,314;6088,284;6092,312;6096,296;6101,310;6105,300;6109,312;6114,298;6118,310;6123,282;6127,300;6131,314;6136,284;6140,310;6144,296;6149,308;6153,300;6157,312;6162,296;6166,310;6170,282;6175,308;6179,312;6183,298;6188,324;6192,294;6197,322;6201,284;6205,298;6210,282;6214,296;6218,280;6223,308;6227,314;6231,312;6236,312;6240,298;6244,310;6249,300;6253,314;6257,284;6262,312;6266,282;6271,310;6275,316;6279,286;6284,298;6288,298;6292,310;6297,308;6301,314;6305,300;6310,312;6314,284;6318,310;6323,294;6327,286;6332,312;6336,298;6340,310;6345,296;6349,314;6353,298;6358,310;6362,294;6366,308;6371,292;6375,298;6379,310;6384,296;6388,308;6392,292;6397,312;6401,282;6406,310;6410,280;6414,308;6419,292;6423,298;6427,310;6432,308;6436,308;6440,306;6445,320;6449,282;6453,310;6458,282;6462,322;6466,292;6471,298;6475,310;6480,296;6484,322;6488,308;6493,320;6497,284;6501,310;6506,282;6510,308;6514,292;6519,306;6523,312;6527,296;6532,308;6536,294;6541,306;6545,298;6549,310;6554,294;6558,308;6562,292;6567,306;6571,310;6575,294;6580,308;6584,292;6588,320;6593,282;6597,310;6601,294;6606,306;6610,278;6615,304;6619,310;6623,308;6628,320;6632,292;6636,318;6641,302;6645,308;6649,292;6654,306;6658,290;6662,302;6667,294;6671,264;6675,290;6680,276;6684,290;6689,274;6693,278;6697,264;6702,290;6706,260;6710,274;6715,272;6719,276;6723,290;6728,276;6732,288;6736,256;6741,276;6745,260;6749,274;6754,258;6758,270;6763,270;6767,274;6771,288;6776,272;6780,284;6784,256;6789,282;6793,258;6797,272;6802,256;6806,270;6810,254;6815,272;6819,286;6823,270;6828,298;6832,268;6837,294;6841,256;6845,284;6850,254;6854,282;6858,252;6863,270;6867,282;6871,254;6876,280;6880,264;6884,278;6889,268;6893,280;6898,278;6902,278;6906,262;6911,276;6915,280;6919,264;6924,292;6928,262;6932,274;6937,266;6941,278;6945,262;6950,276;6954,260;6958,272;6963,278;6967,262;6972,274;6976,230;6980,286;6985,270;6989,276;6993,260;6998,260;7002,272;7006,284;7011,276;7015,260;7019,274;7024,242;7028,284;7032,268;7037,288;7041,258;7046,270;7050,270;7054,282;7059,268;7063,258;7067,272;7072,240;7076,282;7080,266;7085,286;7089,270;7093,268;7098,266;7102,280;7107,264;7111,256;7115,282;7120,280;7124,280;7128,250;7133,278;7137,254;7141,280;7146,266;7150,278;7154,264;7159,268;7163,280;7167,266;7172,278;7176,234;7181,290;7185,266;7189,278;7194,248;7198,276;) of size 460\r\nSTEPPER: Moving to mstep: 5200 with speed [msteps/sec]: 4000 in SpreadCycle.\r\n'), 14:20:05
bytearray(b'STEPPER: Moved 2000.00 msteps (ramp: 35%) in 699.756 ms -> average speed [msteps/sec]: 2858.14\r\nSTEPPER: Moving to mstep: 7200 with speed [msteps/sec]: 1000 in StealthChop.\r\n'), 14:20:06
bytearray(b'STEPPER: Estimate 2: [msteps] 6667\r\nSTEPPER: buffer (5200,294;5204,302;5208,258;5213,300;5217,292;5221,304;5226,288;5230,316;5234,300;5239,328;5243,318;5247,288;5252,302;5256,302;5260,314;5265,304;5269,318;5274,302;5278,316;5282,300;5287,312;5291,318;5295,302;5300,316;5304,300;5308,312;5313,312;5317,304;5321,288;5326,314;5330,284;5334,312;5339,296;5343,302;5348,314;5352,284;5356,312;5361,296;5365,316;5369,300;5374,314;5378,298;5382,310;5387,296;5391,300;5395,314;5400,284;5404,312;5408,296;5413,308;5417,300;5422,312;5426,298;5430,310;5435,296;5439,300;5443,312;5448,298;5452,310;5456,294;5461,308;5465,300;5469,326;5474,298;5478,310;5482,294;5487,308;5491,312;5496,298;5500,310;5504,296;5509,308;5513,298;5517,312;5522,296;5526,308;5530,294;5535,306;5539,312;5543,296;5548,308;5552,294;5556,306;5561,312;5565,324;5570,308;5574,308;5578,292;5583,320;5587,310;5591,294;5596,308;5600,292;5604,320;5609,304;5613,310;5617,294;5622,308;5626,292;5631,320;5635,310;5639,296;5644,308;5648,294;5652,306;5657,306;5661,324;5665,296;5670,308;5674,292;5678,306;5683,304;5687,296;5692,308;5696,294;5700,306;5705,306;5709,310;5713,296;5718,308;5722,292;5726,306;5731,306;5735,296;5739,308;5744,292;5748,306;5752,290;5757,304;5761,308;5766,308;5770,292;5774,304;5779,304;5783,294;5787,308;5792,292;5796,320;5800,304;5805,318;5809,294;5813,308;5818,292;5822,320;5826,304;5831,296;5835,308;5840,294;5844,306;5848,304;5853,304;5857,294;5861,308;5866,292;5870,318;5874,304;5879,316;5883,308;5887,292;5892,306;5896,304;5900,316;5905,294;5909,306;5914,292;5918,320;5922,304;5927,316;5931,308;5935,292;5940,306;5944,304;5948,304;5953,288;5957,308;5961,292;5966,306;5970,304;5974,318;5979,308;5983,292;5988,320;5992,290;5996,316;6001,288;6005,306;6009,292;6014,304;6018,304;6022,316;6027,300;6031,292;6035,306;6040,304;6044,316;6049,288;6053,308;6057,292;6062,318;6066,304;6070,316;6075,300;6079,292;6083,318;6088,302;6092,316;6096,300;6101,300;6105,290;6109,304;6114,302;6118,314;6123,298;6127,290;6131,316;6136,300;6140,314;6144,284;6149,298;6153,302;6157,316;6162,300;6166,314;6170,298;6175,290;6179,318;6183,302;6188,316;6192,286;6197,312;6201,290;6205,304;6210,302;6214,314;6218,300;6223,312;6227,318;6231,302;6236,316;6240,286;6244,300;6249,292;6253,318;6257,302;6262,316;6266,302;6271,314;6275,306;6279,304;6284,304;6288,288;6292,302;6297,302;6301,306;6305,292;6310,318;6314,302;6318,300;6323,284;6327,304;6332,318;6336,286;6340,300;6345,298;6349,316;6353,302;6358,316;6362,300;6366,312;6371,296;6375,302;6379,314;6384,286;6388,312;6392,296;6397,310;6401,300;6406,312;6410,298;6414,310;6419,294;6423,300;6427,312;6432,296;6436,310;6440,294;6445,308;6449,298;6453,326;6458,296;6462,308;6466,294;6471,296;6475,310;6480,294;6484,308;6488,292;6493,306;6497,298;6501,310;6506,294;6510,306;6514,292;6519,304;6523,310;6527,294;6532,308;6536,292;6540,304;6545,296;6549,310;6554,308;6558,306;6562,292;6567,306;6571,310;6575,282;6580,308;6584,294;6588,306;6593,292;6597,310;6601,296;6606,308;6610,280;6614,306;6619,312;6623,296;6628,308;6632,294;6636,306;6641,292;6645,326;6649,296;6654,310;6658,294;6662,306;6667,292;6671,254;6675,296;6680,294;6684,294;6689,292;6693,284;6697,268;6702,268;6706,266;6710,280;6715,264;6719,270;6723,282;6728,254;6732,294;6736,280;6741,272;6745,270;6749,268;6754,268;6758,282;6763,266;6767,256;6771,270;6776,240;6780,282;6784,280;6789,292;6793,256;6797,282;6802,254;6806,280;6810,266;6815,284;6819,284;6823,270;6828,282;6832,238;6837,280;6841,270;6845,284;6850,268;6854,282;6858,266;6863,280;6867,284;6871,254;6876,280;6880,266;6884,292;6889,270;6893,282;6898,266;6902,280;6906,264;6911,276;6915,296;6919,280;6924,292;6928,264;6932,292;6937,254;6941,266;6945,250;6950,264;6954,248;6958,262;6963,280;6967,264;6972,278;6976,262;6980,274;6985,230;6989,278;6993,262;6998,276;7002,246;7006,274;7011,258;7015,264;7019,276;7024,232;7028,288;7032,274;7037,278;7041,248;7046,274;7050,260;7054,286;7059,256;7063,262;7067,274;7072,262;7076,286;7080,272;7085,276;7089,260;7093,274;7098,258;7102,272;7106,268;7111,260;7115,288;7120,270;7124,284;7128,256;7133,268;7137,274;7141,272;7146,256;7150,284;7154,268;7159,258;7163,286;7167,270;7172,268;7176,226;7180,280;7185,256;7189,284;7194,268;7198,268;) of size 460\r\nSTEPPER: Moving to mstep: 5200 with speed [msteps/sec]: 4000 in SpreadCycle.\r\n'), 14:20:08
bytearray(b'STEPPER: Moved 2000.00 msteps (ramp: 35%) in 699.768 ms -> average speed [msteps/sec]: 2858.09\r\nSTEPPER: Moving to mstep: 7200 with speed [msteps/sec]: 1000 in StealthChop.\r\n'), 14:20:09
bytearray(b'STEPPER: Estimate 3: [msteps] 6675\r\nSTEPPER: buffer (5200,294;5204,308;5208,292;5213,306;5217,296;5221,310;5226,308;5230,320;5234,304;5239,316;5243,310;5247,308;5252,320;5256,276;5260,302;5265,294;5269,320;5274,304;5278,316;5282,302;5287,314;5291,306;5295,304;5300,316;5304,316;5308,314;5313,284;5317,304;5321,288;5326,314;5330,298;5335,312;5339,316;5343,288;5348,314;5352,298;5356,310;5361,296;5365,314;5369,298;5374,312;5378,296;5382,308;5387,294;5391,298;5395,326;5400,296;5404,322;5409,292;5413,312;5417,282;5422,308;5426,278;5430,306;5435,292;5439,296;5443,308;5448,294;5452,306;5456,306;5461,318;5465,294;5469,320;5474,290;5478,318;5483,288;5487,308;5491,320;5496,290;5500,318;5504,302;5509,314;5513,292;5517,304;5522,290;5526,316;5530,286;5535,312;5539,318;5543,302;5548,314;5552,300;5557,312;5561,304;5565,316;5570,300;5574,312;5578,298;5583,310;5587,316;5591,300;5596,314;5600,312;5604,326;5609,290;5613,316;5617,286;5622,300;5626,284;5631,312;5635,318;5639,302;5644,314;5648,300;5652,314;5657,298;5661,318;5665,288;5670,316;5674,300;5678,314;5683,300;5687,292;5691,318;5696,304;5700,316;5705,302;5709,306;5713,292;5718,318;5722,288;5726,316;5731,302;5735,292;5739,318;5744,290;5748,304;5752,300;5757,306;5761,292;5766,318;5770,288;5774,314;5779,298;5783,290;5787,318;5792,302;5796,314;5800,286;5805,312;5809,288;5813,302;5818,286;5822,300;5827,298;5831,290;5835,316;5840,302;5844,314;5848,298;5853,312;5857,288;5861,316;5866,288;5870,314;5874,298;5879,312;5883,304;5887,316;5892,314;5896,300;5901,312;5905,288;5909,302;5914,300;5918,314;5922,284;5927,312;5931,316;5935,288;5940,314;5944,300;5948,312;5953,290;5957,316;5961,300;5966,314;5970,298;5975,312;5979,318;5983,274;5988,314;5992,298;5996,312;6001,298;6005,316;6009,288;6014,314;6018,284;6022,312;6027,296;6031,302;6035,314;6040,300;6044,312;6049,282;6053,316;6057,300;6062,314;6066,298;6070,312;6075,296;6079,286;6083,312;6088,298;6092,310;6096,310;6101,308;6105,298;6109,312;6114,282;6118,308;6123,294;6127,298;6131,312;6136,310;6140,310;6144,294;6149,306;6153,296;6157,310;6162,294;6166,308;6170,292;6175,304;6179,324;6183,280;6188,308;6192,292;6197,318;6201,296;6205,308;6210,292;6214,320;6218,290;6223,304;6227,308;6231,294;6236,306;6240,290;6244,302;6249,294;6253,320;6258,290;6262,318;6266,302;6271,314;6275,306;6279,290;6284,304;6288,302;6292,314;6297,300;6301,318;6305,290;6310,302;6314,288;6318,314;6323,284;6327,304;6332,316;6336,316;6340,314;6345,298;6349,316;6353,302;6358,316;6362,300;6366,312;6371,296;6375,302;6379,314;6384,286;6388,312;6393,298;6397,302;6401,300;6406,314;6410,284;6414,310;6419,294;6423,284;6427,312;6432,296;6436,310;6440,308;6445,308;6449,298;6453,310;6458,282;6462,308;6467,292;6471,298;6475,312;6480,296;6484,310;6488,294;6493,306;6497,284;6501,310;6506,296;6510,308;6514,292;6519,306;6523,312;6527,296;6532,310;6536,294;6541,320;6545,284;6549,310;6554,294;6558,308;6562,292;6567,306;6571,310;6575,294;6580,308;6584,292;6588,304;6593,280;6597,306;6601,278;6606,304;6610,288;6615,302;6619,308;6623,290;6628,304;6632,290;6636,302;6641,286;6645,306;6649,290;6654,302;6658,286;6662,300;6667,284;6671,288;6675,302;6680,258;6684,300;6689,284;6693,288;6697,260;6702,286;6706,256;6710,282;6715,268;6719,244;6723,284;6728,270;6732,296;6736,282;6741,286;6745,256;6749,270;6754,268;6758,268;6763,266;6767,242;6771,270;6776,254;6780,280;6784,252;6789,278;6793,268;6797,282;6802,266;6806,278;6810,262;6815,268;6819,294;6824,266;6828,292;6832,276;6837,288;6841,266;6845,278;6850,262;6854,288;6858,272;6863,278;6867,290;6871,274;6876,288;6880,242;6884,284;6889,274;6893,288;6898,272;6902,272;6906,270;6911,260;6915,286;6919,272;6924,284;6928,254;6932,280;6937,270;6941,284;6945,254;6950,268;6954,264;6959,278;6963,282;6967,268;6972,278;6976,276;6980,276;6985,252;6989,266;6993,262;6998,276;7002,260;7006,272;7011,256;7015,262;7019,288;7024,272;7028,272;7033,240;7037,274;7041,258;7046,270;7050,254;7054,266;7059,264;7063,270;7067,282;7072,252;7076,266;7080,234;7085,282;7089,268;7093,266;7098,264;7102,276;7107,262;7111,238;7115,294;7120,278;7124,290;7128,262;7133,288;7137,236;7141,276;7146,276;7150,274;7154,274;7159,250;7163,278;7167,262;7172,288;7176,274;7181,272;7185,262;7189,276;7194,260;7198,274;) of size 460\r\nSTEPPER: Moving to mstep: 5200 with speed [msteps/sec]: 4000 in SpreadCycle.\r\n'), 14:20:11
bytearray(b'STEPPER: Moved 2000.00 msteps (ramp: 35%) in 699.764 ms -> average speed [msteps/sec]: 2858.11\r\nSTEPPER: Moving to mstep: 7200 with speed [msteps/sec]: 1000 in StealthChop.\r\n'), 14:20:12
bytearray(b'STEPPER: Estimate 4: [msteps] 6675\r\nSTEPPER: buffer (5200,286;5204,292;5208,278;5213,318;5217,296;5221,308;5226,294;5230,320;5234,290;5239,304;5243,324;5247,308;5252,308;5256,306;5260,318;5265,296;5269,308;5274,294;5278,306;5282,304;5287,316;5291,308;5295,306;5300,306;5304,304;5308,316;5313,302;5317,306;5321,276;5326,304;5330,288;5334,300;5339,286;5343,304;5348,318;5352,302;5356,314;5361,300;5365,306;5369,288;5374,302;5378,286;5382,312;5387,298;5391,302;5395,316;5400,300;5404,312;5408,298;5413,310;5417,288;5422,300;5426,284;5430,310;5435,282;5439,302;5443,314;5448,298;5452,310;5456,296;5461,306;5465,284;5469,312;5474,296;5478,308;5483,292;5487,298;5491,310;5496,308;5500,320;5504,306;5509,304;5513,294;5517,322;5522,294;5526,304;5530,290;5535,294;5539,322;5543,304;5548,318;5552,302;5557,302;5561,292;5565,318;5570,288;5574,316;5578,286;5583,312;5587,318;5591,302;5596,314;5600,298;5604,312;5609,296;5613,316;5617,300;5622,312;5626,296;5631,324;5635,314;5639,300;5644,312;5648,310;5652,324;5657,308;5661,314;5665,298;5670,310;5674,296;5678,308;5683,306;5687,298;5691,310;5696,294;5700,306;5705,304;5709,310;5713,294;5718,308;5722,292;5726,318;5731,288;5735,308;5739,320;5744,290;5748,304;5752,302;5757,314;5761,290;5765,302;5770,286;5774,314;5779,284;5783,304;5787,316;5792,302;5796,314;5800,298;5805,312;5809,288;5813,314;5818,284;5822,296;5826,282;5831,300;5835,314;5840,298;5844,310;5848,296;5853,308;5857,286;5861,312;5866,282;5870,310;5874,294;5879,308;5883,314;5887,298;5892,310;5896,308;5900,322;5905,298;5909,312;5914,296;5918,308;5922,294;5927,320;5931,312;5935,296;5940,308;5944,294;5948,320;5953,304;5957,310;5961,294;5966,308;5970,292;5975,320;5979,310;5983,294;5988,308;5992,292;5996,318;6001,304;6005,308;6009,294;6014,306;6018,290;6022,318;6027,288;6031,308;6035,320;6040,306;6044,318;6049,302;6053,322;6057,294;6062,320;6066,290;6070,318;6075,302;6079,292;6083,306;6088,290;6092,318;6096,302;6101,314;6105,290;6109,304;6114,288;6118,302;6123,286;6127,306;6131,318;6136,302;6140,314;6144,300;6149,312;6153,288;6157,302;6162,286;6166,298;6170,296;6175,308;6179,314;6183,298;6188,312;6192,296;6197,322;6201,286;6205,312;6210,296;6214,310;6218,294;6223,306;6227,326;6231,296;6236,310;6240,308;6244,320;6249,296;6253,324;6257,294;6262,308;6266,292;6271,318;6275,310;6279,294;6284,306;6288,304;6292,318;6297,302;6301,308;6305,292;6310,318;6314,288;6318,316;6323,286;6327,306;6331,304;6336,288;6340,316;6345,300;6349,304;6353,288;6358,300;6362,284;6366,310;6371,296;6375,300;6379,314;6384,298;6388,312;6392,296;6397,324;6401,286;6406,312;6410,298;6414,308;6419,294;6423,298;6427,312;6432,294;6436,308;6440,292;6445,318;6449,294;6453,322;6458,292;6462,320;6467,304;6471,294;6475,306;6480,290;6484,304;6488,302;6493,314;6497,290;6501,318;6506,288;6510,316;6514,298;6519,312;6523,316;6527,286;6532,312;6536,298;6541,310;6545,300;6549,300;6554,298;6558,310;6562,310;6567,308;6571,312;6575,298;6580,310;6584,296;6588,322;6593,284;6597,312;6601,282;6606,310;6610,292;6615,306;6619,312;6623,296;6628,308;6632,294;6636,320;6641,304;6645,322;6649,306;6654,306;6658,276;6662,304;6667,274;6671,292;6675,306;6680,276;6684,290;6689,288;6693,292;6697,264;6702,276;6706,260;6710,274;6715,272;6719,278;6723,290;6728,274;6732,274;6736,230;6741,278;6745,262;6749,276;6754,258;6758,286;6763,270;6767,262;6771,288;6776,244;6780,286;6784,270;6789,296;6793,260;6797,272;6802,258;6806,284;6810,268;6815,288;6819,288;6824,272;6828,286;6832,268;6837,282;6841,258;6845,284;6850,268;6854,282;6858,266;6863,280;6867,284;6871,282;6876,282;6880,266;6884,280;6889,240;6893,282;6898,268;6902,280;6906,264;6911,240;6915,282;6919,280;6924,292;6928,276;6932,288;6937,250;6941,278;6945,262;6950,276;6954,260;6959,272;6963,290;6967,262;6972,274;6976,244;6980,270;6985,262;6989,288;6993,258;6998,272;7002,242;7006,268;7011,290;7015,258;7019,272;7024,256;7028,282;7033,266;7037,286;7041,258;7046,284;7050,254;7054,268;7059,252;7063,258;7067,270;7072,254;7076,280;7080,252;7085,270;7089,254;7093,282;7098,252;7102,266;7107,250;7111,270;7115,282;7120,238;7124,280;7128,278;7133,278;7137,268;7141,266;7146,266;7150,278;7154,276;7159,268;7163,280;7167,266;7172,278;7176,250;7181,290;7185,254;7189,280;7194,252;7198,278;) of size 460\r\nSTEPPER: Moving to mstep: 5200 with speed [msteps/sec]: 4000 in SpreadCycle.\r\n'), 14:20:15
bytearray(b'STEPPER: Moved 2000.00 msteps (ramp: 35%) in 699.760 ms -> average speed [msteps/sec]: 2858.12\r\nSTEPPER: Moving to mstep: 7200 with speed [msteps/sec]: 1000 in StealthChop.\r\n'), 14:20:15
bytearray(b'STEPPER: Estimate 5: [msteps] 6667\r\nSTEPPER: buffer (5200,288;5204,294;5208,280;5213,318;5217,282;5221,310;5226,294;5230,320;5234,290;5239,304;5243,322;5247,308;5252,320;5256,306;5260,318;5265,294;5269,308;5274,306;5278,318;5282,290;5287,316;5291,306;5295,304;5300,318;5304,302;5308,316;5313,300;5317,306;5321,290;5326,302;5330,286;5334,300;5339,284;5343,302;5348,316;5352,300;5356,314;5361,298;5365,318;5369,288;5374,314;5378,300;5382,312;5387,298;5391,302;5395,316;5400,300;5404,312;5408,312;5413,302;5417,288;5422,314;5426,284;5430,312;5435,296;5439,302;5443,314;5448,284;5452,310;5456,296;5461,310;5465,286;5469,314;5474,284;5478,310;5482,282;5487,300;5491,314;5496,298;5500,310;5504,310;5509,322;5513,284;5517,312;5522,296;5526,310;5530,294;5535,308;5539,312;5543,298;5548,310;5552,296;5556,308;5561,300;5565,312;5570,296;5574,310;5578,296;5583,308;5587,314;5591,284;5596,310;5600,296;5604,322;5609,308;5613,312;5617,284;5622,310;5626,282;5631,308;5635,314;5639,300;5644,312;5648,298;5652,310;5657,296;5661,314;5665,286;5670,312;5674,296;5678,310;5683,294;5687,314;5691,312;5696,312;5700,310;5705,294;5709,314;5713,284;5718,312;5722,296;5726,310;5731,294;5735,300;5739,312;5744,298;5748,310;5752,296;5757,322;5761,286;5765,312;5770,284;5774,310;5779,282;5783,300;5787,314;5792,298;5796,312;5800,296;5805,322;5809,286;5813,300;5818,284;5822,298;5826,280;5831,308;5835,314;5839,312;5844,312;5848,296;5853,310;5857,300;5861,328;5866,298;5870,310;5874,296;5879,310;5883,314;5887,298;5892,310;5896,296;5900,308;5905,286;5909,314;5913,284;5918,310;5922,282;5927,308;5931,314;5935,314;5940,314;5944,312;5948,310;5953,310;5957,300;5961,286;5966,312;5970,296;5974,310;5979,296;5983,300;5987,314;5992,298;5996,324;6001,308;6005,314;6009,286;6014,298;6018,296;6022,310;6027,280;6031,300;6035,312;6040,298;6044,310;6048,294;6053,308;6057,300;6062,312;6066,298;6070,324;6075,296;6079,300;6083,314;6088,298;6092,312;6096,310;6101,310;6105,286;6109,314;6114,286;6118,312;6123,282;6127,302;6131,316;6136,300;6140,314;6144,298;6149,312;6153,290;6157,300;6162,288;6166,314;6170,300;6175,290;6179,318;6183,288;6188,316;6192,300;6197,326;6201,290;6205,304;6210,288;6214,300;6218,286;6223,300;6227,320;6231,304;6236,316;6240,302;6244,316;6249,280;6253,306;6257,290;6262,318;6266,288;6271,316;6275,308;6279,292;6284,306;6288,304;6292,318;6297,302;6301,308;6305,280;6310,306;6314,290;6318,304;6323,290;6327,308;6331,322;6336,308;6340,320;6345,304;6349,310;6353,294;6358,308;6362,292;6366,306;6371,292;6375,296;6379,310;6384,294;6388,308;6392,292;6397,320;6401,282;6405,310;6410,280;6414,308;6419,292;6423,298;6427,312;6432,296;6436,310;6440,294;6445,308;6449,298;6453,312;6458,296;6462,324;6466,294;6471,300;6475,314;6480,298;6484,310;6488,310;6493,310;6497,286;6501,312;6506,298;6510,310;6514,296;6519,310;6523,314;6527,286;6532,312;6536,298;6540,310;6545,288;6549,316;6554,300;6558,314;6562,298;6567,312;6571,316;6575,288;6580,314;6584,300;6588,314;6593,298;6597,306;6601,288;6606,302;6610,286;6615,314;6619,284;6623,304;6628,316;6632,302;6636,314;6641,300;6645,306;6649,290;6654,318;6658,288;6662,302;6667,286;6671,262;6675,290;6680,276;6684,288;6689,274;6693,292;6697,264;6702,276;6706,260;6710,274;6715,260;6719,266;6723,292;6728,234;6732,290;6736,260;6741,280;6745,278;6749,276;6754,276;6758,274;6763,260;6767,264;6771,278;6776,262;6780,290;6784,260;6789,288;6793,264;6797,278;6802,248;6806,274;6810,246;6815,278;6819,290;6823,276;6828,288;6832,272;6837,286;6841,248;6845,288;6850,258;6854,286;6858,256;6863,262;6867,288;6871,260;6876,286;6880,242;6884,284;6889,260;6893,274;6897,258;6902,270;6906,270;6911,282;6915,274;6919,258;6924,286;6928,242;6932,284;6937,262;6941,288;6945,260;6950,258;6954,270;6958,284;6963,274;6967,258;6971,258;6976,228;6980,284;6985,268;6989,288;6993,258;6998,270;7002,270;7006,282;7011,274;7015,230;7019,286;7024,272;7028,284;7032,254;7037,274;7041,230;7046,286;7050,270;7054,284;7059,268;7063,244;7067,286;7072,272;7076,284;7080,268;7085,274;7089,258;7093,270;7098,256;7102,268;7106,252;7111,258;7115,284;7120,240;7124,282;7128,280;7133,280;7137,256;7141,270;7146,268;7150,280;7154,266;7159,284;7163,282;7167,268;7172,280;7176,250;7180,278;7185,254;7189,282;7194,266;7198,278;) of size 460\r\nSTEPPER: Moving to mstep: 5200 with speed [msteps/sec]: 4000 in SpreadCycle.\r\n'), 14:20:18
bytearray(b'STEPPER: Moved 2000.00 msteps (ramp: 35%) in 699.756 ms -> average speed [msteps/sec]: 2858.14\r\nSTEPPER: Moving to mstep: 7200 with speed [msteps/sec]: 1000 in StealthChop.\r\n'), 14:20:19
bytearray(b'STEPPER: Estimate 6: [msteps] 6662\r\nSTEPPER: buffer (5200,284;5204,312;5208,284;5213,310;5217,288;5221,312;5226,298;5230,310;5234,294;5239,310;5243,312;5247,298;5252,310;5256,308;5260,318;5265,284;5269,312;5274,296;5278,308;5282,292;5287,306;5291,312;5295,310;5300,308;5304,294;5308,306;5313,306;5317,310;5321,294;5326,308;5330,278;5334,306;5339,310;5343,296;5348,308;5352,292;5356,306;5361,292;5365,310;5369,294;5374,320;5378,304;5382,318;5387,302;5391,292;5395,304;5400,302;5404,316;5408,300;5413,306;5417,290;5422,318;5426,302;5430,314;5435,286;5439,304;5443,318;5448,302;5452,316;5456,300;5461,314;5465,290;5469,318;5474,288;5478,316;5482,300;5487,292;5491,304;5496,316;5500,316;5504,300;5509,314;5513,290;5517,304;5522,288;5526,300;5530,286;5535,300;5539,318;5543,304;5548,316;5552,300;5557,314;5561,290;5565,316;5570,302;5574,314;5578,286;5583,312;5587,316;5591,302;5596,328;5600,298;5604,324;5609,288;5613,314;5617,298;5622,312;5626,296;5631,308;5635,314;5639,284;5644,310;5648,308;5652,308;5657,306;5661,312;5665,296;5670,324;5674,292;5678,320;5683,304;5687,282;5691,308;5696,306;5700,318;5705,304;5709,308;5713,292;5718,320;5722,290;5726,304;5731,302;5735,292;5739,306;5744,304;5748,316;5752,314;5757,314;5761,292;5766,316;5770,286;5774,314;5779,286;5783,288;5787,314;5792,286;5796,312;5800,296;5805,310;5809,300;5813,312;5818,282;5822,310;5826,294;5831,300;5835,310;5840,296;5844,308;5848,294;5853,320;5857,280;5861,308;5866,292;5870,318;5874,288;5879,316;5883,306;5887,304;5892,318;5896,302;5900,314;5905,290;5909,318;5914,300;5918,314;5922,284;5927,310;5931,314;5935,300;5940,328;5944,298;5948,310;5953,286;5957,312;5961,298;5966,310;5970,294;5974,308;5979,292;5983,298;5988,312;5992,296;5996,308;6001,294;6005,312;6009,282;6014,294;6018,292;6022,304;6027,290;6031,294;6035,308;6040,306;6044,318;6048,316;6053,308;6057,292;6062,304;6066,290;6070,316;6075,300;6079,292;6083,316;6088,288;6092,314;6096,312;6101,312;6105,288;6109,314;6114,284;6118,312;6123,296;6127,300;6131,314;6136,312;6140,310;6144,308;6149,320;6153,284;6157,310;6162,282;6166,308;6170,292;6175,318;6179,310;6183,294;6188,320;6192,292;6197,318;6201,296;6205,308;6210,292;6214,306;6218,290;6223,316;6227,322;6231,306;6236,318;6240,304;6244,316;6249,292;6253,306;6257,290;6262,304;6266,286;6271,314;6275,320;6279,304;6284,318;6288,302;6292,300;6297,300;6301,304;6305,288;6310,302;6314,286;6318,314;6323,306;6327,304;6332,316;6336,300;6340,314;6345,298;6349,304;6353,288;6358,302;6362,286;6366,298;6371,284;6375,302;6379,314;6384,284;6388,312;6392,296;6397,310;6401,300;6406,312;6410,282;6414,310;6419,280;6423,314;6427,312;6432,310;6436,324;6440,308;6445,320;6449,282;6453,310;6458,280;6462,306;6466,290;6471,310;6475,322;6480,306;6484,304;6488,304;6493,316;6497,292;6501,304;6506,290;6510,304;6514,286;6519,314;6523,304;6527,290;6532,314;6536,298;6540,312;6545,288;6549,300;6554,286;6558,312;6562,296;6567,308;6571,314;6575,298;6580,312;6584,296;6588,322;6593,286;6597,312;6601,282;6606,296;6610,294;6614,306;6619,312;6623,296;6628,310;6632,308;6636,306;6641,304;6645,308;6649,280;6654,320;6658,292;6662,318;6667,274;6671,280;6675,292;6680,276;6684,290;6689,274;6693,292;6697,264;6702,290;6706,260;6710,286;6715,258;6719,248;6723,288;6728,288;6732,286;6736,270;6741,274;6745,274;6749,286;6754,272;6758,272;6763,268;6767,258;6771,272;6776,256;6780,284;6784,254;6789,282;6793,272;6797,284;6802,270;6806,282;6810,266;6815,258;6819,284;6823,270;6828,282;6832,266;6837,264;6841,256;6845,268;6850,266;6854,280;6858,264;6863,254;6867,280;6871,266;6876,278;6880,262;6884,274;6889,252;6893,264;6898,262;6902,276;6906,258;6911,270;6915,276;6919,260;6924,286;6928,270;6932,282;6937,260;6941,272;6945,242;6950,284;6954,268;6958,280;6963,270;6967,240;6972,282;6976,280;6980,280;6985,264;6989,268;6993,252;6998,266;7002,250;7006,264;7011,248;7015,268;7019,294;7024,264;7028,292;7032,262;7037,282;7041,250;7046,278;7050,262;7054,288;7059,258;7063,250;7067,276;7072,260;7076,274;7080,258;7085,276;7089,262;7093,288;7098,258;7102,272;7106,256;7111,262;7115,288;7120,258;7124,284;7128,256;7133,282;7137,258;7141,284;7146,256;7150,270;7154,254;7159,260;7163,286;7167,270;7172,284;7176,268;7180,280;7185,258;7189,270;7194,254;7198,268;) of size 460\r\nSTEPPER: Moving to mstep: 5200 with speed [msteps/sec]: 4000 in SpreadCycle.\r\n'), 14:20:21
bytearray(b'STEPPER: Moved 2000.00 msteps (ramp: 35%) in 699.756 ms -> average speed [msteps/sec]: 2858.14\r\nSTEPPER: Moving to mstep: 7200 with speed [msteps/sec]: 1000 in StealthChop.\r\n'), 14:20:22
bytearray(b'STEPPER: Estimate 7: [msteps] 6684\r\nSTEPPER: buffer (5200,288;5204,304;5208,260;5213,316;5217,294;5221,306;5226,290;5230,316;5234,288;5239,314;5243,306;5247,304;5252,316;5256,288;5260,314;5265,290;5269,304;5274,288;5278,300;5282,284;5287,312;5291,316;5295,300;5300,300;5304,298;5308,310;5313,310;5317,314;5321,284;5326,312;5330,282;5334,308;5339,292;5343,300;5348,312;5352,296;5356,308;5361,294;5365,312;5369,296;5374,310;5378,294;5382,320;5387,292;5391,296;5395,308;5400,294;5404,332;5408,302;5413,308;5417,278;5422,304;5426,290;5430,302;5435,286;5439,306;5443,318;5448,302;5452,314;5456,300;5461,312;5465,288;5469,316;5474,300;5478,314;5482,284;5487,302;5491,316;5496,300;5500,312;5504,312;5509,310;5513,288;5517,314;5522,300;5526,312;5530,296;5535,310;5539,314;5543,284;5548,310;5552,296;5556,308;5561,300;5565,312;5570,296;5574,310;5578,292;5583,322;5587,312;5591,296;5596,322;5600,306;5604,320;5609,304;5613,310;5617,294;5622,320;5626,290;5631,302;5635,286;5639,306;5644,304;5648,302;5652,316;5657,300;5661,306;5665,288;5670,316;5674,300;5678,312;5683,296;5687,302;5691,314;5696,314;5700,324;5705,322;5709,314;5713,284;5718,310;5722,294;5726,306;5731,290;5735,296;5739,308;5744,306;5748,318;5752,304;5757,304;5761,292;5765,318;5770,290;5774,302;5779,286;5783,292;5787,318;5792,304;5796,316;5800,300;5805,314;5809,288;5813,316;5818,300;5822,300;5826,296;5831,302;5835,316;5839,300;5844,312;5848,312;5853,310;5857,286;5861,314;5866,298;5870,312;5874,296;5879,308;5883,314;5887,298;5892,310;5896,310;5900,308;5905,300;5909,310;5914,296;5918,308;5922,294;5927,306;5931,312;5935,310;5940,310;5944,308;5948,320;5953,304;5957,310;5961,294;5966,308;5970,292;5974,320;5979,290;5983,294;5988,322;5992,278;5996,306;6001,304;6005,308;6009,294;6014,320;6018,290;6022,318;6027,288;6031,306;6035,320;6040,304;6044,316;6048,300;6053,314;6057,290;6062,318;6066,288;6070,314;6075,284;6079,304;6083,316;6088,302;6092,314;6096,298;6101,312;6105,288;6109,316;6114,286;6118,314;6123,298;6127,290;6131,316;6136,302;6140,314;6144,284;6149,312;6153,290;6157,316;6162,286;6166,300;6170,284;6175,310;6179,316;6183,300;6188,312;6192,296;6197,322;6201,286;6205,314;6210,298;6214,310;6218,282;6223,308;6227,314;6231,298;6236,310;6240,294;6244,308;6249,284;6253,310;6257,282;6262,308;6266,292;6271,320;6275,310;6279,294;6284,308;6288,306;6292,304;6297,304;6301,310;6305,294;6310,306;6314,290;6318,318;6323,288;6327,292;6332,304;6336,290;6340,302;6345,300;6349,306;6353,290;6358,302;6362,288;6366,314;6371,298;6375,302;6379,316;6384,300;6388,326;6392,310;6397,302;6401,286;6406,314;6410,284;6414,296;6419,282;6423,300;6427,314;6432,298;6436,310;6440,296;6445,310;6449,300;6453,312;6458,284;6462,310;6466,294;6471,286;6475,298;6480,298;6484,310;6488,296;6493,308;6497,284;6501,298;6506,282;6510,308;6514,294;6519,308;6523,312;6527,298;6532,310;6536,280;6540,308;6545,298;6549,312;6554,298;6558,310;6562,294;6567,306;6571,312;6575,296;6580,310;6584,294;6588,322;6593,284;6597,298;6601,296;6606,308;6610,280;6614,306;6619,312;6623,310;6628,322;6632,294;6636,306;6641,304;6645,310;6649,294;6654,322;6658,292;6662,306;6667,276;6671,282;6675,294;6680,280;6684,292;6689,276;6693,282;6697,266;6702,280;6706,264;6710,276;6715,276;6719,280;6723,294;6728,278;6732,292;6736,248;6741,282;6745,266;6749,278;6754,264;6758,276;6763,262;6767,252;6771,280;6776,264;6780,264;6784,248;6789,288;6793,266;6797,278;6802,264;6806,278;6810,262;6815,254;6819,294;6823,278;6828,292;6832,264;6837,290;6841,254;6845,280;6850,250;6854,278;6858,262;6863,268;6867,282;6871,266;6876,294;6880,264;6884,276;6889,254;6893,280;6897,266;6902,278;6906,262;6911,240;6915,280;6919,280;6924,292;6928,278;6932,290;6937,252;6941,266;6945,236;6950,278;6954,264;6958,276;6963,268;6967,238;6972,280;6976,278;6980,290;6985,274;6989,280;6993,250;6998,278;7002,248;7006,274;7011,246;7015,264;7019,290;7024,262;7028,288;7032,260;7037,278;7041,262;7046,276;7050,246;7054,274;7059,258;7063,264;7067,276;7072,260;7076,274;7080,258;7085,264;7089,264;7093,276;7098,274;7102,274;7106,272;7111,250;7115,276;7120,232;7124,288;7128,274;7133,286;7137,264;7141,278;7146,262;7150,276;7154,260;7159,264;7163,278;7167,234;7172,276;7176,274;7180,288;7185,264;7189,278;7194,248;7198,276;) of size 460\r\nSTEPPER: Moving to mstep: 5200 with speed [msteps/sec]: 4000 in SpreadCycle.\r\n'), 14:20:24
bytearray(b'STEPPER: Moved 2000.00 msteps (ramp: 35%) in 699.756 ms -> average speed [msteps/sec]: 2858.14\r\nSTEPPER: Moving to mstep: 7200 with speed [msteps/sec]: 1000 in StealthChop.\r\n'), 14:20:25
bytearray(b'STEPPER: Estimate 8: [msteps] 6654\r\nSTEPPER: buffer (5200,288;5204,302;5208,300;5213,314;5217,304;5221,316;5226,302;5230,314;5234,298;5239,326;5243,316;5247,302;5252,314;5256,298;5260,312;5265,290;5269,316;5274,286;5278,312;5282,298;5287,310;5291,316;5295,314;5300,314;5304,312;5308,310;5313,294;5317,314;5321,298;5326,310;5330,296;5334,308;5339,294;5343,298;5348,310;5352,296;5356,308;5361,278;5365,312;5369,298;5374,310;5378,296;5382,322;5387,292;5391,298;5395,312;5400,296;5404,322;5409,278;5413,312;5417,296;5422,310;5426,294;5430,320;5435,292;5439,298;5443,310;5448,308;5452,308;5456,306;5461,320;5465,296;5469,324;5474,294;5478,308;5483,294;5487,284;5491,310;5496,310;5500,308;5504,308;5509,320;5513,298;5517,324;5522,296;5526,308;5530,294;5535,284;5539,312;5543,296;5548,308;5552,308;5557,306;5561,296;5565,310;5570,294;5574,320;5578,290;5583,318;5587,322;5591,294;5596,320;5600,306;5604,318;5609,296;5613,310;5617,294;5622,306;5626,290;5631,304;5635,324;5639,292;5644,306;5648,306;5652,318;5657,302;5661,322;5665,292;5670,320;5674,290;5678,316;5683,300;5687,292;5691,304;5696,304;5700,316;5705,300;5709,304;5713,290;5718,316;5722,288;5726,314;5731,286;5735,304;5739,318;5744,288;5748,314;5752,312;5757,312;5761,304;5766,304;5770,286;5774,314;5779,286;5783,304;5787,318;5792,302;5796,316;5800,300;5805,314;5809,290;5813,304;5818,302;5822,314;5826,284;5831,304;5835,316;5840,288;5844,314;5848,298;5853,312;5857,286;5861,314;5866,298;5870,310;5874,296;5879,286;5883,314;5887,298;5892,312;5896,310;5901,308;5905,300;5909,312;5914,284;5918,310;5922,280;5927,306;5931,312;5935,296;5940,310;5944,294;5948,306;5953,292;5957,310;5961,296;5966,308;5970,294;5975,306;5979,312;5983,296;5988,324;5992,280;5996,308;6001,304;6005,310;6009,296;6014,308;6018,292;6022,320;6027,290;6031,296;6035,308;6040,278;6044,304;6049,304;6053,308;6057,294;6062,320;6066,292;6070,304;6075,288;6079,294;6083,308;6088,292;6092,306;6096,304;6101,316;6105,294;6109,308;6114,292;6118,320;6123,290;6127,296;6131,308;6136,292;6140,306;6144,292;6149,318;6153,294;6157,308;6162,306;6166,306;6170,304;6175,296;6179,308;6183,294;6188,320;6192,292;6197,318;6201,294;6205,308;6210,292;6214,306;6218,290;6223,318;6227,308;6231,308;6236,306;6240,306;6244,318;6249,282;6253,308;6257,308;6262,320;6266,290;6271,318;6275,310;6279,294;6284,306;6288,292;6292,304;6297,290;6301,308;6305,280;6310,306;6314,292;6318,304;6323,310;6327,294;6332,308;6336,306;6340,306;6345,290;6349,310;6353,296;6358,308;6362,294;6366,306;6371,292;6375,296;6379,310;6384,294;6388,308;6393,294;6397,312;6401,284;6406,310;6410,282;6414,308;6419,294;6423,298;6427,312;6432,298;6436,310;6440,280;6445,308;6449,300;6453,312;6458,296;6462,310;6467,294;6471,286;6475,314;6480,298;6484,312;6488,298;6493,310;6497,288;6501,314;6506,298;6510,312;6514,282;6519,308;6523,314;6527,298;6532,312;6536,298;6541,310;6545,302;6549,300;6554,284;6558,312;6562,296;6567,310;6571,314;6575,300;6580,312;6584,296;6588,308;6593,286;6597,314;6601,284;6606,310;6610,282;6615,308;6619,314;6623,284;6628,312;6632,310;6636,308;6641,308;6645,312;6649,284;6654,310;6658,294;6662,294;6667,278;6671,282;6675,296;6680,252;6684,294;6689,278;6693,296;6697,282;6702,280;6706,266;6710,278;6715,264;6719,282;6723,296;6728,278;6732,278;6736,248;6741,282;6745,266;6749,280;6754,264;6758,276;6763,276;6767,266;6771,292;6776,264;6780,290;6784,276;6789,266;6793,264;6797,278;6802,262;6806,288;6810,260;6815,252;6819,278;6824,248;6828,290;6832,288;6837,288;6841,264;6845,290;6850,260;6854,274;6858,272;6863,278;6867,290;6871,262;6876,262;6880,246;6884,286;6889,264;6893,276;6898,262;6902,274;6906,244;6911,286;6915,278;6919,262;6924,274;6928,244;6932,286;6937,264;6941,290;6945,274;6950,274;6954,258;6959,272;6963,290;6967,262;6972,288;6976,274;6980,286;6985,230;6989,292;6993,262;6998,290;7002,260;7006,272;7011,278;7015,262;7019,278;7024,260;7028,274;7033,232;7037,280;7041,264;7046,290;7050,262;7054,260;7059,274;7063,264;7067,278;7072,262;7076,260;7080,246;7085,278;7089,264;7093,276;7098,262;7102,274;7107,244;7111,278;7115,292;7120,262;7124,274;7128,246;7133,264;7137,264;7141,276;7146,248;7150,260;7154,260;7159,264;7163,278;7167,276;7172,276;7176,260;7181,274;7185,264;7189,278;7194,262;7198,274;) of size 460\r\nSTEPPER: Moving to mstep: 5200 with speed [msteps/sec]: 4000 in SpreadCycle.\r\n'), 14:20:28
bytearray(b'STEPPER: Moved 2000.00 msteps (ramp: 35%) in 699.764 ms -> average speed [msteps/sec]: 2858.11\r\nSTEPPER: Moving to mstep: 7200 with speed [msteps/sec]: 1000 in StealthChop.\r\n'), 14:20:28
bytearray(b'STEPPER: Estimate 9: [msteps] 6675\r\nSTEPPER: buffer (5200,290;5204,308;5208,266;5213,308;5217,298;5221,310;5226,294;5230,322;5234,292;5239,320;5243,310;5247,308;5252,308;5256,306;5260,318;5265,296;5269,322;5274,306;5278,306;5282,290;5287,302;5291,322;5295,306;5300,306;5304,304;5308,316;5313,302;5317,306;5321,292;5326,318;5330,288;5334,316;5339,306;5343,292;5348,318;5352,302;5356,316;5361,300;5365,320;5369,304;5374,316;5378,288;5382,314;5387,284;5391,304;5395,316;5400,302;5404,314;5408,298;5413,304;5417,288;5422,314;5426,300;5430,312;5435,296;5439,288;5443,314;5448,300;5452,312;5456,282;5461,310;5465,302;5469,314;5474,298;5478,312;5483,296;5487,288;5491,314;5496,298;5500,312;5504,296;5509,308;5513,300;5517,312;5522,282;5526,310;5530,294;5535,308;5539,314;5543,298;5548,310;5552,296;5557,308;5561,300;5565,312;5570,298;5574,310;5578,294;5583,322;5587,326;5591,296;5596,310;5600,294;5604,322;5609,298;5613,312;5617,282;5622,308;5626,294;5631,306;5635,326;5639,310;5644,324;5648,308;5652,306;5657,306;5661,326;5665,296;5670,310;5674,294;5678,320;5683,290;5687,310;5692,322;5696,308;5700,320;5705,318;5709,310;5713,282;5718,308;5722,292;5726,306;5731,290;5735,296;5739,308;5744,294;5748,306;5752,290;5757,304;5761,296;5766,324;5770,294;5774,308;5779,292;5783,298;5787,310;5792,296;5796,322;5800,294;5805,320;5809,284;5813,310;5818,296;5822,308;5826,294;5831,300;5835,312;5840,282;5844,310;5848,294;5853,308;5857,300;5861,312;5866,296;5870,324;5874,294;5879,308;5883,314;5887,284;5892,310;5896,310;5900,308;5905,300;5909,312;5914,298;5918,310;5922,294;5927,308;5931,314;5935,284;5940,310;5944,296;5948,308;5953,294;5957,312;5961,298;5966,310;5970,294;5974,308;5979,294;5983,298;5988,326;5992,296;5996,310;6001,294;6005,314;6009,284;6014,310;6018,282;6022,310;6027,280;6031,314;6035,312;6040,310;6044,322;6049,308;6053,306;6057,298;6062,324;6066,294;6070,308;6075,292;6079,298;6083,310;6088,294;6092,308;6096,292;6101,306;6105,296;6109,310;6114,280;6118,306;6123,290;6127,298;6131,324;6136,296;6140,308;6144,292;6149,306;6153,298;6157,310;6162,294;6166,308;6170,292;6175,298;6179,310;6183,294;6188,322;6192,292;6197,320;6201,296;6205,310;6210,280;6214,308;6218,278;6223,304;6227,312;6231,310;6236,322;6240,306;6244,306;6249,296;6253,322;6258,280;6262,308;6266,292;6271,318;6275,310;6279,296;6284,308;6288,306;6292,306;6297,304;6301,310;6305,294;6310,306;6314,278;6318,304;6323,288;6327,308;6332,322;6336,306;6340,318;6345,304;6349,308;6353,294;6358,308;6362,292;6366,306;6371,292;6375,294;6379,308;6384,294;6388,320;6392,276;6397,304;6401,296;6406,308;6410,294;6414,306;6419,290;6423,296;6427,310;6432,308;6436,308;6440,306;6445,306;6449,296;6453,310;6458,294;6462,322;6466,292;6471,298;6475,310;6480,296;6484,308;6488,306;6493,318;6497,282;6501,310;6506,294;6510,322;6514,292;6519,304;6523,310;6527,296;6532,308;6536,294;6541,320;6545,284;6549,298;6554,282;6558,308;6562,280;6567,306;6571,312;6575,298;6580,310;6584,294;6588,308;6593,292;6597,310;6601,282;6606,308;6610,292;6615,306;6619,312;6623,296;6628,308;6632,308;6636,320;6641,304;6645,310;6649,280;6654,308;6658,278;6662,306;6667,296;6671,280;6675,294;6680,250;6684,292;6689,290;6693,282;6697,266;6702,264;6706,264;6710,276;6715,274;6719,280;6723,294;6728,278;6732,292;6736,262;6741,268;6745,252;6749,266;6754,250;6758,262;6763,248;6767,268;6771,294;6776,266;6780,292;6784,264;6789,290;6793,268;6797,280;6802,252;6806,278;6810,248;6815,268;6819,294;6823,280;6828,292;6832,278;6837,290;6841,254;6845,280;6850,264;6854,278;6858,248;6863,268;6867,296;6871,268;6876,280;6880,264;6884,292;6889,254;6893,280;6898,266;6902,278;6906,264;6911,276;6915,282;6919,266;6924,280;6928,262;6932,290;6937,254;6941,266;6945,250;6950,264;6954,248;6958,262;6963,282;6967,266;6972,280;6976,264;6980,276;6985,262;6989,268;6993,252;6998,264;7002,250;7006,262;7011,282;7015,266;7019,280;7024,266;7028,292;7032,276;7037,266;7041,252;7046,280;7050,250;7054,276;7059,246;7063,266;7067,280;7072,264;7076,278;7080,260;7085,266;7089,252;7093,278;7098,262;7102,276;7107,260;7111,266;7115,292;7120,264;7124,290;7128,276;7133,266;7137,252;7141,264;7146,250;7150,264;7154,248;7159,268;7163,282;7167,252;7172,280;7176,250;7181,292;7185,254;7189,282;7194,254;7198,266;) of size 460\r\nSTEPPER: Moving to mstep: 5200 with speed [msteps/sec]: 4000 in SpreadCycle.\r\n'), 14:20:31
bytearray(b'STEPPER: Moved 2000.00 msteps (ramp: 35%) in 699.764 ms -> average speed [msteps/sec]: 2858.11\r\nSTEPPER: Moving to mstep: 7200 with speed [msteps/sec]: 1000 in StealthChop.\r\n'), 14:20:31
bytearray(b'STEPPER: Estimate 10: [msteps] 6689\r\nSTEPPER: buffer (5200,294;5204,308;5208,294;5213,306;5217,298;5221,310;5226,296;5230,308;5234,292;5239,320;5243,310;5247,296;5252,322;5256,278;5260,306;5265,296;5269,310;5274,294;5278,322;5282,292;5287,306;5291,310;5295,294;5300,308;5304,306;5308,320;5313,304;5317,310;5321,294;5326,308;5330,292;5334,306;5339,310;5343,310;5348,322;5352,278;5356,306;5361,304;5365,324;5369,296;5374,308;5378,306;5382,320;5387,290;5391,294;5395,308;5400,292;5404,320;5408,304;5413,310;5417,294;5422,294;5426,290;5430,304;5435,288;5439,294;5443,306;5448,304;5452,318;5456,302;5461,316;5465,292;5469,318;5474,290;5478,316;5482,286;5487,304;5491,318;5496,302;5500,314;5504,300;5509,312;5513,290;5517,316;5522,300;5526,314;5530,298;5535,310;5539,316;5543,286;5548,312;5552,298;5557,310;5561,302;5565,314;5570,298;5574,312;5578,296;5583,310;5587,314;5591,298;5596,312;5600,296;5604,324;5609,286;5613,314;5617,270;5622,312;5626,296;5631,310;5635,314;5639,300;5644,312;5648,298;5652,310;5657,296;5661,328;5665,300;5670,312;5674,296;5678,308;5683,294;5687,298;5691,310;5696,310;5700,308;5705,292;5709,312;5713,296;5718,310;5722,294;5726,306;5731,292;5735,310;5739,310;5744,306;5748,306;5752,304;5757,304;5761,292;5766,306;5770,304;5774,316;5779,288;5783,306;5787,318;5792,304;5796,316;5800,302;5805,314;5809,290;5813,304;5818,290;5822,302;5826,286;5831,306;5835,318;5840,304;5844,316;5848,302;5853,314;5857,292;5861,318;5866,304;5870,316;5874,302;5879,314;5883,320;5887,290;5892,304;5896,316;5900,314;5905,306;5909,304;5914,290;5918,316;5922,286;5927,314;5931,318;5935,290;5940,316;5944,300;5948,314;5953,298;5957,304;5961,288;5966,302;5970,300;5974,312;5979,298;5983,276;5988,316;5992,300;5996,314;6001,298;6005,318;6009,302;6014,316;6018,286;6022,314;6027,286;6031,304;6035,316;6040,302;6044,314;6048,300;6053,312;6057,290;6062,318;6066,302;6070,316;6075,300;6079,306;6083,306;6088,290;6092,304;6096,302;6101,314;6105,292;6109,304;6114,290;6118,316;6123,286;6127,292;6131,320;6136,304;6140,316;6144,302;6149,316;6153,292;6157,306;6162,290;6166,304;6170,302;6175,316;6179,306;6183,292;6188,306;6192,290;6197,316;6201,294;6205,308;6210,292;6214,306;6218,290;6223,302;6227,308;6231,292;6236,306;6240,290;6244,304;6249,294;6253,320;6258,290;6262,318;6266,302;6271,316;6275,306;6279,292;6284,318;6288,288;6292,302;6297,300;6301,306;6305,304;6310,316;6314,288;6318,300;6323,298;6327,304;6332,318;6336,288;6340,314;6345,298;6349,304;6353,288;6358,314;6362,300;6366,312;6371,296;6375,302;6379,314;6384,298;6388,310;6392,296;6397,322;6401,298;6406,312;6410,282;6414,308;6419,294;6423,298;6427,310;6432,296;6436,308;6440,306;6445,320;6449,282;6453,310;6458,294;6462,306;6466,306;6471,296;6475,308;6480,294;6484,308;6488,292;6493,304;6497,296;6501,308;6506,292;6510,306;6514,290;6519,304;6523,308;6527,306;6532,306;6536,290;6540,302;6545,306;6549,320;6554,290;6558,316;6562,286;6567,300;6571,304;6575,288;6580,316;6584,286;6588,312;6593,296;6597,302;6601,286;6606,312;6610,298;6614,310;6619,316;6623,286;6628,312;6632,298;6636,310;6641,308;6645,312;6649,284;6654,310;6658,294;6662,308;6667,278;6671,282;6675,294;6680,264;6684,292;6689,290;6693,280;6697,264;6702,276;6706,248;6710,274;6715,260;6719,278;6723,292;6728,276;6732,288;6736,244;6741,278;6745,262;6749,274;6754,260;6758,284;6763,256;6767,260;6771,288;6776,272;6780,284;6784,240;6789,282;6793,272;6797,286;6802,270;6806,284;6810,268;6815,244;6819,286;6824,284;6828,296;6832,282;6837,294;6841,256;6845,268;6850,254;6854,266;6858,266;6863,270;6867,282;6871,252;6876,266;6880,264;6884,292;6889,254;6893,266;6898,264;6902,278;6906,262;6911,238;6915,280;6919,280;6924,292;6928,276;6932,276;6937,230;6941,278;6945,262;6950,276;6954,260;6958,274;6963,278;6967,278;6972,276;6976,260;6980,258;6985,242;6989,276;6993,260;6998,272;7002,258;7006,270;7011,276;7015,246;7019,272;7024,228;7028,284;7032,282;7037,274;7041,258;7046,270;7050,268;7054,282;7059,266;7063,272;7067,284;7072,268;7076,280;7080,264;7085,270;7089,268;7093,268;7098,266;7102,280;7106,264;7111,282;7115,282;7120,268;7124,294;7128,264;7133,290;7137,254;7141,266;7146,264;7150,278;7154,276;7159,268;7163,280;7167,264;7172,292;7176,262;7180,274;7185,252;7189,278;7194,262;7198,276;) of size 460\r\nSTEPPER: Final estimate: [mstep] 6671\r\nFound dispense position: [\xc2\xb5m] 33335\r\nreturn;find;6667\r\n'), 14:20:34
