bytearray(b'\xef\xbf\xbdreceived from UR: s -> s (0,1)\r\n*** STATUS ***\r\nid        :         2 -\r\nstep      :         0 steps\r\nspeed     :      1500 msteps/s\r\nmspeed    :      1000 msteps/s\r\nsg-thrs   :        80 -\r\ndefault   :     12000 \xc2\xb5m\r\ndispense  :     33750 \xc2\xb5m\r\nblowout   :     36000 \xc2\xb5m\r\nd-offset  :        20 \xc2\xb5m\r\nur0       :         1 -\r\nur1       :         1 -\r\nhomed     :         1 -\r\nreturn;s;0\r\n'), 14:03:32
bytearray(b'\xef\xbf\xbdreceived from UR: find -> find (0,1)\r\nSTEPPER: Moving to mstep: 5200 with speed [msteps/sec]: 4000 in SpreadCycle.\r\n'), 14:03:34
bytearray(b'STEPPER: Moved 5200.00 msteps (ramp: 35%) in 1607.744 ms -> average speed [msteps/sec]: 3234.35\r\nSTEPPER: Moving to mstep: 7200 with speed [msteps/sec]: 1000 in StealthChop.\r\n'), 14:03:36
bytearray(b'STEPPER: Estimate 1: [msteps] 6741\r\nSTEPPER: buffer (5200,126;5204,340;5208,282;5213,322;5217,298;5221,326;5226,310;5230,336;5234,306;5239,334;5243,324;5247,310;5252,336;5256,320;5260,332;5265,316;5269,320;5274,304;5278,332;5282,316;5287,328;5291,318;5295,316;5300,330;5304,326;5308,326;5313,324;5317,328;5321,312;5326,340;5330,310;5334,324;5339,322;5343,312;5348,324;5352,310;5356,322;5361,320;5365,324;5369,310;5374,334;5378,306;5382,320;5387,302;5391,308;5395,334;5400,306;5404,330;5408,316;5413,328;5417,304;5422,330;5426,314;5430,326;5435,296;5439,316;5443,328;5448,312;5452,324;5456,310;5461,322;5465,312;5469,338;5474,308;5478,334;5482,306;5487,318;5491,324;5496,322;5500,320;5504,320;5509,332;5513,308;5517,334;5522,290;5526,316;5530,316;5535,328;5539,318;5543,316;5548,316;5552,314;5556,326;5561,304;5565,330;5570,314;5574,326;5578,298;5583,324;5587,342;5591,312;5596,326;5600,310;5604,336;5609,320;5613,324;5617,296;5622,320;5626,320;5630,332;5635,302;5639,322;5644,334;5648,318;5652,316;5657,314;5661,332;5665,304;5670,330;5674,300;5678,328;5683,310;5687,316;5691,328;5696,328;5700,340;5705,324;5709,312;5713,298;5718,338;5722,308;5726,336;5731,306;5735,310;5739,338;5744,322;5748,320;5752,318;5757,318;5761,308;5765,320;5770,306;5774,330;5779,316;5783,308;5787,334;5792,318;5796,332;5800,316;5805,330;5809,304;5813,332;5818,316;5822,328;5826,298;5831,326;5835,332;5839,314;5844,328;5848,312;5853,324;5857,302;5861,342;5866,312;5870,338;5874,294;5879,322;5883,328;5887,326;5892,324;5896,322;5900,320;5905,318;5909,324;5913,308;5918,320;5922,304;5927,330;5931,322;5935,320;5940,332;5944,316;5948,314;5953,312;5957,332;5961,300;5966,328;5970,312;5974,338;5979,310;5983,314;5987,326;5992,324;5996,336;6001,320;6005,312;6009,310;6014,324;6018,306;6022,334;6027,304;6031,310;6035,336;6040,320;6044,332;6048,316;6053,330;6057,306;6061,318;6066,302;6070,330;6075,314;6079,318;6083,318;6088,316;6092,328;6096,326;6101,324;6105,302;6109,328;6114,300;6118,326;6122,310;6127,336;6131,328;6135,312;6140,324;6144,308;6149,320;6153,312;6157,324;6162,308;6166,336;6170,306;6175,318;6179,322;6183,320;6188,334;6192,318;6196,332;6201,308;6205,322;6210,292;6214,318;6218,302;6223,330;6227,320;6231,318;6236,318;6240,316;6244,314;6249,312;6253,332;6257,302;6262,328;6266,312;6271,340;6275,296;6279,316;6284,328;6288,326;6292,324;6297,322;6301,326;6305,296;6310,324;6314,294;6318,334;6323,306;6327,310;6331,322;6336,308;6340,332;6345,316;6349,314;6353,320;6358,332;6362,302;6366,314;6371,312;6375,316;6379,330;6384,314;6388,326;6392,310;6397,324;6401,298;6405,326;6410,296;6414,308;6419,306;6423,296;6427,308;6432,306;6436,320;6440,288;6445,302;6449,292;6453,320;6458,302;6462,316;6466,300;6471,290;6475,304;6479,302;6484,314;6488,298;6493,310;6497,286;6501,312;6506,298;6510,310;6514,280;6519,306;6523,310;6527,308;6532,306;6536,290;6540,304;6545,294;6549,306;6553,290;6558,302;6562,286;6567,312;6571,302;6575,286;6580,312;6584,298;6588,310;6593,294;6597,298;6601,282;6606,306;6610,292;6614,306;6619,288;6623,294;6627,320;6632,276;6636,304;6641,300;6645,306;6649,290;6654,316;6658,286;6662,312;6667,296;6671,288;6675,300;6680,298;6684,310;6688,280;6693,308;6697,284;6701,310;6706,280;6710,306;6715,290;6719,296;6723,308;6728,292;6732,304;6736,302;6741,302;6745,278;6749,288;6754,274;6758,286;6762,284;6767,246;6771,288;6776,286;6780,300;6784,282;6789,296;6793,256;6797,284;6802,268;6806,268;6810,266;6815,256;6819,284;6823,268;6828,282;6832,266;6836,278;6841,268;6845,294;6850,266;6854,292;6858,262;6863,252;6867,266;6871,236;6876,292;6880,276;6884,288;6889,264;6893,276;6897,260;6902,272;6906,258;6910,284;6915,288;6919,274;6924,286;6928,270;6932,296;6937,244;6941,284;6945,268;6950,266;6954,252;6958,278;6963,268;6967,266;6971,278;6976,264;6980,290;6984,274;6989,278;6993,248;6998,262;7002,260;7006,286;7011,256;7015,232;7019,288;7024,274;7028,300;7032,270;7037,274;7041,258;7045,286;7050,270;7054,282;7058,268;7063,272;7067,284;7072,270;7076,282;7080,252;7085,278;7089,256;7093,282;7098,266;7102,280;7106,264;7111,282;7115,282;7119,266;7124,278;7128,248;7133,276;7137,266;7141,278;7146,262;7150,276;7154,260;7159,250;7163,278;7167,234;7172,288;7176,274;7180,286;7185,262;7189,274;7193,274;7198,286;) of size 460\r\nSTEPPER: Moving to mstep: 5200 with speed [msteps/sec]: 4000 in SpreadCycle.\r\n'), 14:03:38
bytearray(b'STEPPER: Moved 2000.00 msteps (ramp: 35%) in 699.760 ms -> average speed [msteps/sec]: 2858.12\r\nSTEPPER: Moving to mstep: 7200 with speed [msteps/sec]: 1000 in StealthChop.\r\n'), 14:03:39
bytearray(b'STEPPER: Estimate 2: [msteps] 6741\r\nSTEPPER: buffer (5200,282;5204,326;5208,310;5213,324;5217,300;5221,324;5226,310;5230,336;5234,308;5239,334;5243,324;5247,308;5252,320;5256,318;5260,330;5265,306;5269,318;5274,302;5278,328;5282,312;5287,338;5291,328;5295,314;5300,326;5304,324;5308,322;5313,320;5317,324;5321,308;5326,334;5330,306;5334,332;5339,302;5343,320;5348,318;5352,316;5356,328;5361,312;5365,332;5369,302;5374,328;5378,298;5382,326;5387,296;5391,314;5395,340;5400,312;5404,338;5409,322;5413,334;5417,296;5422,322;5426,306;5430,318;5435,304;5439,308;5443,320;5448,304;5452,318;5456,314;5461,328;5465,302;5469,328;5474,300;5478,326;5483,310;5487,314;5491,326;5496,324;5500,322;5504,320;5509,332;5513,294;5517,322;5522,304;5526,332;5530,302;5535,328;5539,318;5543,302;5548,314;5552,326;5557,326;5561,302;5565,328;5570,314;5574,324;5578,296;5583,322;5587,340;5591,312;5596,336;5600,320;5604,334;5609,318;5613,322;5617,292;5622,320;5626,304;5631,330;5635,300;5639,318;5644,330;5648,314;5652,328;5657,312;5661,330;5665,314;5670,326;5674,310;5678,322;5683,308;5687,326;5691,324;5696,322;5700,322;5705,320;5709,324;5713,296;5718,320;5722,304;5726,318;5731,300;5735,320;5739,332;5744,316;5748,328;5752,312;5757,326;5761,316;5765,328;5770,312;5774,324;5779,308;5783,314;5787,326;5792,310;5796,336;5800,322;5805,334;5809,296;5813,322;5818,306;5822,332;5826,304;5831,328;5835,332;5840,318;5844,330;5848,316;5853,326;5857,302;5861,330;5866,312;5870,326;5874,310;5879,322;5883,328;5887,312;5892,324;5896,322;5900,334;5905,310;5909,324;5914,306;5918,334;5922,304;5927,330;5931,334;5935,318;5940,332;5944,314;5948,328;5953,312;5957,332;5961,314;5966,328;5970,298;5975,324;5979,310;5983,314;5988,326;5992,310;5996,324;6001,322;6005,326;6009,310;6014,324;6018,310;6022,334;6027,306;6031,310;6035,336;6040,308;6044,320;6049,302;6053,316;6057,308;6062,334;6066,318;6070,330;6075,300;6079,320;6083,332;6088,316;6092,328;6096,312;6101,326;6105,302;6109,328;6114,314;6118,340;6123,296;6127,314;6131,326;6136,310;6140,324;6144,308;6149,336;6153,312;6157,324;6162,308;6166,322;6170,306;6175,332;6179,322;6183,320;6188,334;6192,318;6197,330;6201,306;6205,332;6210,304;6214,318;6218,302;6223,328;6227,334;6231,318;6236,330;6240,316;6244,326;6249,312;6253,330;6257,300;6262,326;6266,310;6271,322;6275,306;6279,312;6284,322;6288,308;6292,334;6297,320;6301,324;6305,308;6310,320;6314,304;6318,318;6323,300;6327,320;6331,318;6336,316;6340,314;6345,314;6349,326;6353,302;6358,328;6362,300;6366,326;6371,310;6375,314;6379,326;6384,310;6388,338;6392,308;6397,320;6401,296;6405,310;6410,294;6414,306;6419,288;6423,308;6427,322;6432,306;6436,318;6440,302;6445,316;6449,290;6453,304;6458,288;6462,314;6466,298;6471,288;6475,316;6480,300;6484,312;6488,296;6493,296;6497,300;6501,312;6506,282;6510,294;6514,292;6519,306;6523,312;6527,294;6532,308;6536,292;6540,302;6545,294;6549,306;6554,304;6558,302;6562,286;6567,312;6571,304;6575,286;6580,314;6584,298;6588,310;6593,286;6597,300;6601,282;6606,296;6610,280;6614,292;6619,310;6623,296;6628,308;6632,292;6636,318;6641,302;6645,308;6649,276;6654,318;6658,288;6662,314;6667,298;6671,290;6675,314;6680,300;6684,312;6689,296;6693,300;6697,284;6702,298;6706,280;6710,306;6715,292;6719,298;6723,308;6728,294;6732,306;6736,304;6741,316;6745,278;6749,292;6754,262;6758,288;6763,272;6767,290;6771,290;6776,274;6780,286;6784,270;6789,282;6793,272;6797,286;6802,268;6806,280;6810,250;6815,256;6819,296;6823,282;6828,280;6832,262;6837,260;6841,252;6845,292;6850,262;6854,274;6858,258;6863,264;6867,290;6871,246;6876,274;6880,272;6884,284;6889,274;6893,286;6897,270;6902,282;6906,254;6911,266;6915,284;6919,270;6924,282;6928,266;6932,278;6937,270;6941,282;6945,266;6950,278;6954,250;6958,276;6963,280;6967,264;6972,276;6976,262;6980,274;6985,258;6989,278;6993,262;6998,290;7002,246;7006,274;7011,256;7015,262;7019,288;7024,274;7028,272;7032,228;7037,276;7041,260;7046,272;7050,256;7054,284;7059,240;7063,246;7067,272;7072,256;7076,270;7080,254;7085,272;7089,258;7093,270;7098,268;7102,282;7106,266;7111,286;7115,284;7120,270;7124,282;7128,252;7133,292;7137,256;7141,282;7146,254;7150,280;7154,264;7159,254;7163,282;7167,252;7172,278;7176,262;7180,290;7185,252;7189,264;7194,248;7198,276;) of size 460\r\nSTEPPER: Moving to mstep: 5200 with speed [msteps/sec]: 4000 in SpreadCycle.\r\n'), 14:03:41
bytearray(b'STEPPER: Moved 2000.00 msteps (ramp: 35%) in 699.756 ms -> average speed [msteps/sec]: 2858.14\r\nSTEPPER: Moving to mstep: 7200 with speed [msteps/sec]: 1000 in StealthChop.\r\n'), 14:03:42
bytearray(b'STEPPER: Estimate 3: [msteps] 6780\r\nSTEPPER: buffer (5200,282;5204,322;5208,318;5213,318;5217,306;5221,320;5226,304;5230,330;5234,314;5239,328;5243,318;5247,316;5252,328;5256,312;5260,324;5265,300;5269,342;5274,298;5278,322;5282,306;5287,320;5291,324;5295,322;5300,320;5304,318;5308,318;5313,316;5317,320;5321,302;5326,330;5330,300;5334,326;5339,310;5343,314;5348,326;5352,308;5356,322;5361,306;5365,324;5369,322;5374,334;5378,304;5382,330;5387,300;5391,318;5395,330;5400,314;5404,326;5408,312;5413,324;5417,300;5422,326;5426,296;5430,336;5435,320;5439,310;5443,322;5448,308;5452,320;5456,304;5461,330;5465,306;5469,330;5474,302;5478,328;5482,298;5487,326;5491,314;5496,312;5500,324;5504,322;5509,334;5513,296;5517,320;5522,306;5526,332;5530,302;5535,328;5539,318;5543,302;5548,328;5552,312;5556,322;5561,314;5565,326;5570,310;5574,322;5578,306;5583,318;5587,322;5591,308;5596,334;5600,318;5604,330;5609,314;5613,332;5617,316;5622,316;5626,300;5630,326;5635,310;5639,316;5644,326;5648,312;5652,324;5657,308;5661,326;5665,310;5670,324;5674,306;5678,334;5683,304;5687,322;5691,320;5696,318;5700,318;5704,316;5709,328;5713,304;5718,330;5722,302;5726,328;5731,298;5735,316;5739,314;5744,314;5748,326;5752,310;5757,322;5761,312;5765,324;5770,308;5774,336;5779,306;5783,310;5787,336;5792,306;5796,332;5800,316;5805,330;5809,306;5813,332;5818,316;5822,328;5826,298;5831,324;5835,330;5839,314;5844,312;5848,310;5853,324;5857,300;5861,340;5866,298;5870,324;5874,294;5879,322;5883,326;5887,324;5892,324;5896,322;5900,320;5905,318;5909,324;5913,308;5918,336;5922,290;5927,332;5931,322;5935,308;5940,320;5944,318;5948,330;5953,316;5957,334;5961,318;5966,332;5970,302;5974,328;5979,314;5983,318;5987,330;5992,314;5996,328;6001,312;6005,330;6009,300;6014,328;6018,298;6022,338;6027,308;6031,314;6035,326;6040,312;6044,324;6048,322;6053,334;6057,312;6062,338;6066,308;6070,334;6075,302;6079,322;6083,322;6088,320;6092,318;6096,318;6101,330;6105,306;6109,334;6114,304;6118,330;6122,302;6127,328;6131,320;6136,318;6140,318;6144,314;6149,328;6153,304;6157,332;6162,302;6166,328;6170,300;6175,326;6179,330;6183,316;6188,328;6192,312;6196,324;6201,300;6205,328;6210,298;6214,324;6218,308;6223,336;6227,326;6231,310;6236,322;6240,308;6244,332;6249,318;6253,322;6257,306;6262,332;6266,302;6270,328;6275,298;6279,318;6284,330;6288,324;6292,326;6297,324;6301,330;6305,298;6310,326;6314,296;6318,322;6323,308;6327,312;6331,324;6336,308;6340,322;6344,320;6349,332;6353,308;6358,334;6362,304;6366,330;6371,314;6375,320;6379,332;6384,302;6388,314;6392,312;6397,326;6401,300;6405,314;6410,296;6414,310;6419,294;6423,300;6427,312;6432,310;6436,308;6440,292;6445,304;6449,294;6453,308;6458,292;6462,304;6466,288;6471,292;6475,304;6479,288;6484,300;6488,298;6493,312;6497,288;6501,300;6506,284;6510,310;6514,294;6519,306;6523,310;6527,296;6532,308;6536,292;6540,306;6545,296;6549,308;6553,294;6558,306;6562,290;6567,316;6571,306;6575,292;6580,306;6584,302;6588,316;6593,286;6597,290;6601,274;6606,300;6610,286;6614,310;6619,302;6623,286;6628,314;6632,298;6636,310;6641,294;6645,312;6649,296;6654,308;6658,280;6662,306;6667,290;6671,296;6675,306;6680,290;6684,304;6688,302;6693,314;6697,290;6702,304;6706,286;6710,314;6715,284;6719,302;6723,302;6728,300;6732,312;6736,296;6741,308;6745,298;6749,296;6754,282;6758,292;6762,278;6767,268;6771,294;6776,280;6780,290;6784,262;6789,288;6793,264;6797,276;6802,246;6806,272;6810,258;6815,248;6819,288;6823,258;6828,284;6832,254;6836,282;6841,258;6845,270;6850,270;6854,282;6858,266;6863,292;6867,282;6871,238;6876,278;6880,276;6884,288;6889,266;6893,278;6897,262;6902,276;6906,258;6910,272;6915,290;6919,260;6924,288;6928,270;6932,282;6937,268;6941,272;6945,256;6950,268;6954,266;6958,280;6963,270;6967,252;6971,280;6976,264;6980,276;6985,246;6989,280;6993,264;6998,276;7002,246;7006,274;7011,244;7015,276;7019,288;7024,260;7028,272;7032,256;7037,288;7041,260;7045,286;7050,256;7054,282;7059,264;7063,256;7067,282;7072,252;7076,280;7080,278;7085,276;7089,252;7093,266;7098,248;7102,276;7106,260;7111,264;7115,276;7119,260;7124,286;7128,272;7133,282;7137,272;7141,286;7146,270;7150,282;7154,266;7159,256;7163,282;7167,252;7172,278;7176,250;7180,290;7185,250;7189,278;7193,248;7198,274;) of size 460\r\nSTEPPER: Moving to mstep: 5200 with speed [msteps/sec]: 4000 in SpreadCycle.\r\n'), 14:03:45
bytearray(b'STEPPER: Moved 2000.00 msteps (ramp: 35%) in 699.756 ms -> average speed [msteps/sec]: 2858.14\r\nSTEPPER: Moving to mstep: 7200 with speed [msteps/sec]: 1000 in StealthChop.\r\n'), 14:03:45
bytearray(b'STEPPER: Estimate 4: [msteps] 6780\r\nSTEPPER: buffer (5200,292;5204,320;5208,318;5213,330;5217,306;5221,334;5226,302;5230,328;5234,298;5239,324;5243,330;5247,312;5252,326;5256,310;5260,322;5265,296;5269,324;5274,308;5278,334;5282,304;5287,316;5291,322;5295,320;5300,332;5304,316;5308,328;5313,312;5317,330;5321,300;5326,326;5330,310;5334,324;5339,308;5343,312;5348,324;5352,308;5356,320;5361,306;5365,324;5369,308;5374,334;5378,304;5382,330;5387,300;5391,318;5395,332;5400,316;5404,328;5408,312;5413,324;5417,300;5422,326;5426,310;5430,336;5435,292;5439,310;5443,322;5448,306;5452,318;5456,316;5461,330;5465,306;5469,332;5474,302;5478,328;5482,312;5487,324;5491,330;5496,328;5500,326;5504,326;5509,322;5513,298;5517,326;5522,294;5526,322;5530,306;5535,332;5539,324;5543,306;5548,318;5552,318;5556,332;5561,306;5565,320;5570,318;5574,330;5578,300;5583,326;5587,330;5591,314;5596,340;5600,324;5604,336;5609,320;5613,326;5617,310;5622,334;5626,306;5630,332;5635,302;5639,306;5644,320;5648,304;5652,330;5657,314;5661,334;5665,316;5670,330;5674,314;5678,326;5683,298;5687,316;5691,328;5696,312;5700,326;5705,322;5709,322;5713,312;5718,326;5722,310;5726,336;5731,306;5735,324;5739,322;5744,320;5748,320;5752,318;5757,318;5761,308;5765,334;5770,304;5774,318;5779,316;5783,306;5787,334;5792,318;5796,330;5800,302;5805,328;5809,304;5813,318;5818,302;5822,328;5826,312;5831,340;5835,316;5839,314;5844,326;5848,312;5853,324;5857,300;5861,326;5866,312;5870,324;5874,308;5879,336;5883,326;5887,312;5892,324;5896,322;5900,320;5905,320;5909,324;5913,294;5918,322;5922,306;5927,332;5931,322;5935,308;5940,320;5944,318;5948,330;5953,316;5957,334;5961,304;5966,316;5970,314;5974,328;5979,298;5983,318;5987,330;5992,314;5996,326;6001,326;6005,330;6009,300;6014,328;6018,312;6022,326;6027,310;6031,314;6035,328;6040,314;6044,326;6048,324;6053,322;6057,314;6061,340;6066,310;6070,324;6075,308;6079,312;6083,326;6088,310;6092,324;6096,320;6101,320;6105,296;6109,322;6114,308;6118,336;6122,304;6127,332;6131,322;6136,308;6140,334;6144,316;6149,316;6153,308;6157,334;6162,318;6166,316;6170,316;6175,328;6179,332;6183,316;6188,330;6192,314;6196,326;6201,304;6205,316;6210,312;6214,326;6218,310;6223,336;6227,328;6231,312;6236,324;6240,308;6244,322;6249,306;6253,324;6257,310;6262,336;6266,304;6271,330;6275,302;6279,320;6284,334;6288,318;6292,330;6297,328;6301,320;6305,304;6310,316;6314,314;6318,328;6323,312;6327,316;6331,328;6336,312;6340,326;6345,310;6349,322;6353,314;6358,326;6362,310;6366,336;6371,308;6375,324;6379,326;6384,324;6388,336;6392,306;6397,332;6401,294;6405,322;6410,290;6414,304;6419,288;6423,306;6427,318;6432,304;6436,316;6440,286;6445,312;6449,288;6453,314;6458,300;6462,312;6466,294;6471,308;6475,312;6479,296;6484,310;6488,294;6493,306;6497,282;6501,308;6506,292;6510,306;6514,290;6519,316;6523,306;6527,304;6532,318;6536,288;6540,314;6545,290;6549,316;6553,286;6558,300;6562,298;6567,310;6571,300;6575,300;6580,312;6584,282;6588,308;6593,292;6597,298;6601,282;6606,296;6610,292;6614,306;6619,290;6623,282;6627,308;6632,292;6636,306;6641,274;6645,308;6649,292;6654,306;6658,304;6662,316;6667,286;6671,292;6675,304;6680,302;6684,314;6688,298;6693,312;6697,288;6702,314;6706,284;6710,296;6715,296;6719,300;6723,312;6728,296;6732,310;6736,280;6741,306;6745,282;6749,296;6754,280;6758,292;6762,276;6767,280;6771,294;6776,278;6780,290;6784,258;6789,298;6793,262;6797,274;6802,258;6806,286;6810,268;6815,230;6819,286;6823,284;6828,298;6832,266;6837,278;6841,268;6845,280;6850,264;6854,276;6858,260;6863,274;6867,292;6871,262;6876,288;6880,272;6884,270;6889,274;6893,286;6897,270;6902,268;6906,266;6911,264;6915,282;6919,268;6924,294;6928,266;6932,276;6937,232;6941,278;6945,264;6950,276;6954,260;6958,272;6963,276;6967,274;6971,288;6976,272;6980,284;6985,252;6989,272;6993,256;6998,268;7002,252;7006,278;7011,248;7015,254;7019,280;7024,264;7028,276;7032,246;7037,278;7041,252;7045,276;7050,246;7054,274;7059,272;7063,276;7067,276;7072,260;7076,272;7080,256;7085,282;7089,258;7093,270;7098,254;7102,268;7106,252;7111,270;7115,284;7119,268;7124,280;7128,264;7133,278;7137,268;7141,280;7146,264;7150,262;7154,276;7159,238;7163,278;7167,278;7172,290;7176,274;7180,286;7185,262;7189,276;7193,260;7198,272;) of size 460\r\nSTEPPER: Moving to mstep: 5200 with speed [msteps/sec]: 4000 in SpreadCycle.\r\n'), 14:03:48
bytearray(b'STEPPER: Moved 2000.00 msteps (ramp: 35%) in 699.756 ms -> average speed [msteps/sec]: 2858.14\r\nSTEPPER: Moving to mstep: 7200 with speed [msteps/sec]: 1000 in StealthChop.\r\n'), 14:03:48
bytearray(b'STEPPER: Estimate 5: [msteps] 6741\r\nSTEPPER: buffer (5200,296;5204,316;5208,288;5213,328;5217,302;5221,316;5226,302;5230,326;5234,296;5239,322;5243,328;5247,310;5252,324;5256,308;5260,320;5265,318;5269,322;5274,306;5278,334;5282,302;5287,328;5291,320;5295,318;5300,330;5304,314;5308,326;5313,312;5317,330;5321,300;5326,326;5330,310;5334,324;5339,306;5343,312;5348,324;5352,308;5356,320;5361,318;5365,322;5369,306;5374,332;5378,302;5382,330;5387,312;5391,318;5395,330;5400,314;5404,326;5408,310;5413,324;5417,314;5422,326;5426,308;5430,322;5435,306;5439,312;5443,324;5448,308;5452,336;5456,320;5461,332;5465,294;5469,320;5474,306;5478,332;5482,302;5487,328;5491,318;5496,316;5500,330;5504,312;5509,326;5513,300;5517,328;5522,312;5526,324;5530,308;5535,320;5539,324;5543,308;5548,320;5552,318;5556,332;5561,308;5565,322;5570,304;5574,332;5578,302;5583,328;5587,332;5591,302;5596,328;5600,314;5604,326;5609,312;5613,328;5617,314;5622,326;5626,298;5631,324;5635,308;5639,312;5644,324;5648,310;5652,322;5657,320;5661,338;5665,308;5670,320;5674,304;5678,318;5683,302;5687,320;5691,320;5696,318;5700,330;5705,328;5709,318;5713,302;5718,316;5722,300;5726,312;5731,296;5735,314;5739,326;5744,312;5748,324;5752,308;5757,320;5761,310;5765,338;5770,308;5774,320;5779,318;5783,310;5787,336;5792,318;5796,332;5800,302;5805,328;5809,304;5813,318;5818,302;5822,328;5826,298;5831,326;5835,330;5839,314;5844,312;5848,310;5853,336;5857,314;5861,326;5866,312;5870,324;5874,294;5879,336;5883,324;5887,322;5892,334;5896,320;5900,330;5905,292;5909,320;5913,304;5918,316;5922,300;5927,326;5931,330;5935,314;5940,328;5944,312;5948,324;5953,308;5957,326;5961,312;5966,324;5970,308;5974,320;5979,318;5983,308;5988,320;5992,318;5996,332;6001,314;6005,320;6009,302;6014,330;6018,300;6022,326;6027,296;6031,314;6035,326;6040,310;6044,324;6048,322;6053,334;6057,310;6062,338;6066,306;6070,320;6075,304;6079,308;6083,320;6088,318;6092,330;6096,314;6101,328;6105,304;6109,330;6114,314;6118,326;6122,296;6127,322;6131,328;6136,312;6140,324;6144,308;6149,320;6153,310;6157,336;6162,306;6166,320;6170,318;6175,330;6179,320;6183,306;6188,330;6192,302;6197,328;6201,304;6205,330;6210,300;6214,328;6218,298;6223,324;6227,328;6231,326;6236,326;6240,322;6244,322;6249,306;6253,338;6257,308;6262,322;6266,304;6271,330;6275,322;6279,306;6284,318;6288,316;6292,328;6297,314;6301,318;6305,302;6310,328;6314,298;6318,324;6323,308;6327,312;6331,324;6336,308;6340,320;6345,304;6349,322;6353,320;6358,332;6362,318;6366,330;6371,300;6375,318;6379,330;6384,314;6388,326;6392,310;6397,322;6401,298;6405,310;6410,294;6414,306;6419,292;6423,296;6427,322;6432,292;6436,304;6440,302;6445,316;6449,292;6453,304;6458,288;6462,314;6466,300;6471,276;6475,302;6479,300;6484,312;6488,282;6493,294;6497,284;6501,312;6506,282;6510,294;6514,278;6519,304;6523,308;6527,294;6532,306;6536,290;6540,302;6545,292;6549,290;6553,290;6558,288;6562,284;6567,298;6571,302;6575,288;6580,302;6584,298;6588,312;6593,296;6597,314;6601,284;6606,312;6610,282;6614,308;6619,280;6623,298;6628,310;6632,294;6636,320;6641,304;6645,310;6649,292;6654,306;6658,290;6662,316;6667,286;6671,292;6675,318;6680,302;6684,314;6688,284;6693,302;6697,286;6702,300;6706,296;6710,308;6715,280;6719,298;6723,310;6728,294;6732,306;6736,290;6741,302;6745,278;6749,290;6754,274;6758,286;6762,270;6767,274;6771,300;6776,284;6780,296;6784,252;6789,292;6793,268;6797,282;6802,264;6806,292;6810,262;6815,266;6819,292;6823,262;6828,290;6832,258;6837,284;6841,260;6845,274;6850,256;6854,270;6858,252;6863,280;6867,284;6871,268;6876,280;6880,264;6884,276;6889,268;6893,280;6897,264;6902,276;6906,260;6911,272;6915,290;6919,274;6924,288;6928,286;6932,284;6937,246;6941,272;6945,256;6950,282;6954,252;6958,264;6963,284;6967,268;6971,280;6976,250;6980,276;6985,248;6989,280;6993,248;6998,276;7002,246;7006,272;7011,242;7015,260;7019,288;7024,272;7028,296;7032,268;7037,272;7041,254;7045,268;7050,252;7054,278;7059,248;7063,266;7067,280;7072,264;7076,276;7080,260;7085,286;7089,262;7093,274;7098,258;7102,256;7106,268;7111,274;7115,286;7119,270;7124,282;7128,238;7133,280;7137,270;7141,282;7146,252;7150,264;7154,234;7159,268;7163,280;7167,264;7172,276;7176,246;7180,274;7185,264;7189,274;7194,260;7198,272;) of size 460\r\nSTEPPER: Moving to mstep: 5200 with speed [msteps/sec]: 4000 in SpreadCycle.\r\n'), 14:03:51
bytearray(b'STEPPER: Moved 2000.00 msteps (ramp: 35%) in 699.756 ms -> average speed [msteps/sec]: 2858.14\r\nSTEPPER: Moving to mstep: 7200 with speed [msteps/sec]: 1000 in StealthChop.\r\n'), 14:03:52
bytearray(b'STEPPER: Estimate 6: [msteps] 6762\r\nSTEPPER: buffer (5200,284;5204,314;5208,312;5213,324;5217,300;5221,328;5226,298;5230,338;5234,294;5239,322;5243,326;5247,310;5252,322;5256,308;5260,320;5265,298;5269,324;5273,308;5278,334;5282,304;5287,318;5291,322;5295,320;5300,318;5304,330;5308,328;5313,314;5317,332;5321,302;5326,328;5330,300;5334,326;5339,296;5343,314;5348,326;5352,310;5356,324;5361,308;5365,326;5369,310;5374,322;5378,322;5382,334;5387,304;5391,308;5395,320;5400,318;5404,330;5408,316;5413,328;5417,304;5422,330;5426,300;5430,326;5435,310;5439,314;5443,328;5448,312;5452,324;5456,308;5461,320;5465,310;5469,338;5474,308;5478,334;5483,302;5487,330;5491,322;5496,320;5500,332;5504,316;5509,328;5513,304;5517,318;5522,302;5526,328;5530,312;5535,324;5539,328;5543,314;5548,326;5552,310;5557,322;5561,312;5565,324;5570,310;5574,336;5578,306;5583,332;5587,322;5591,320;5596,332;5600,316;5604,328;5609,312;5613,318;5617,314;5622,328;5626,298;5631,324;5635,308;5639,312;5644,324;5648,308;5652,322;5657,320;5661,324;5665,308;5670,320;5674,304;5678,330;5683,314;5687,318;5691,330;5696,312;5700,326;5705,312;5709,322;5713,312;5718,324;5722,308;5726,320;5731,304;5735,308;5739,322;5744,318;5748,318;5752,304;5757,314;5761,304;5765,330;5770,314;5774,328;5779,312;5783,316;5787,328;5792,312;5796,326;5800,310;5805,334;5809,310;5813,324;5818,310;5822,322;5826,306;5831,332;5835,336;5839,320;5844,334;5848,316;5853,330;5857,306;5861,332;5866,302;5870,330;5874,300;5879,326;5883,316;5887,314;5892,328;5896,312;5900,324;5905,300;5909,312;5913,310;5918,324;5922,308;5927,332;5931,322;5935,322;5940,320;5944,318;5948,318;5953,302;5957,320;5961,304;5966,330;5970,314;5974,328;5979,298;5983,316;5988,342;5992,326;5996,326;6001,310;6005,328;6009,298;6014,310;6018,294;6022,322;6027,306;6031,312;6035,322;6040,308;6044,320;6048,318;6053,330;6057,306;6062,334;6066,302;6070,330;6075,300;6079,306;6083,330;6088,330;6092,328;6096,326;6101,326;6105,300;6109,326;6114,298;6118,324;6122,308;6127,314;6131,324;6136,310;6140,322;6144,320;6149,318;6153,310;6157,336;6162,306;6166,334;6170,304;6175,330;6179,334;6183,318;6188,332;6192,314;6196,328;6201,304;6205,316;6210,300;6214,326;6218,298;6223,324;6227,328;6231,312;6236,324;6240,308;6244,320;6249,320;6253,338;6257,308;6262,334;6266,304;6270,330;6275,300;6279,304;6284,318;6288,316;6292,328;6297,314;6301,318;6305,302;6310,328;6314,298;6318,326;6323,308;6327,314;6331,326;6336,324;6340,322;6344,306;6349,320;6353,324;6358,336;6362,308;6366,332;6371,302;6375,310;6379,322;6384,306;6388,318;6392,300;6397,314;6401,304;6405,316;6410,286;6414,312;6419,282;6423,304;6427,314;6432,314;6436,312;6440,296;6445,308;6449,286;6453,312;6458,282;6462,308;6466,292;6471,298;6475,310;6479,294;6484,320;6488,304;6493,302;6497,294;6501,318;6506,290;6510,316;6514,286;6519,312;6523,316;6527,300;6532,314;6536,298;6540,310;6545,300;6549,300;6553,296;6558,310;6562,294;6567,306;6571,296;6575,280;6580,306;6584,290;6588,304;6593,278;6597,306;6601,276;6606,302;6610,286;6614,312;6619,296;6623,300;6628,312;6632,298;6636,310;6641,294;6645,296;6649,280;6654,306;6658,290;6662,302;6667,286;6671,304;6675,304;6680,288;6684,300;6688,298;6693,302;6697,300;6702,314;6706,284;6710,296;6715,280;6719,298;6723,310;6728,296;6732,306;6736,292;6741,302;6745,278;6749,290;6754,276;6758,288;6762,286;6767,262;6771,288;6776,272;6780,298;6784,268;6789,294;6793,256;6797,282;6802,266;6806,280;6810,276;6815,280;6819,294;6823,248;6828,276;6832,258;6836,286;6841,262;6845,274;6850,272;6854,284;6858,268;6863,296;6867,272;6871,228;6876,280;6880,280;6884,292;6889,252;6893,278;6897,264;6902,274;6906,258;6910,284;6915,276;6919,260;6924,286;6928,270;6932,282;6937,224;6941,284;6945,270;6950,282;6954,266;6958,278;6963,284;6967,252;6971,280;6976,264;6980,290;6984,274;6989,266;6993,250;6998,262;7002,246;7006,274;7011,244;7015,262;7019,290;7024,274;7028,286;7032,270;7037,274;7041,246;7045,258;7050,256;7054,284;7059,252;7063,258;7067,284;7072,268;7076,280;7080,264;7085,270;7089,268;7093,280;7098,264;7102,276;7106,262;7111,264;7115,292;7120,276;7124,288;7128,258;7133,284;7137,260;7141,286;7146,270;7150,282;7154,252;7159,270;7163,284;7167,254;7172,294;7176,264;7180,290;7185,266;7189,278;7194,248;7198,276;) of size 460\r\nSTEPPER: Moving to mstep: 5200 with speed [msteps/sec]: 4000 in SpreadCycle.\r\n'), 14:03:54
bytearray(b'STEPPER: Moved 2000.00 msteps (ramp: 35%) in 699.760 ms -> average speed [msteps/sec]: 2858.12\r\nSTEPPER: Moving to mstep: 7200 with speed [msteps/sec]: 1000 in StealthChop.\r\n'), 14:03:55
bytearray(b'STEPPER: Estimate 7: [msteps] 6749\r\nSTEPPER: buffer (5200,284;5204,322;5208,306;5213,318;5217,308;5221,322;5226,304;5230,318;5234,314;5239,328;5243,318;5247,304;5252,314;5256,314;5260,326;5265,302;5269,316;5274,314;5278,326;5282,310;5287,322;5291,328;5295,314;5300,326;5304,310;5308,324;5313,322;5317,328;5321,298;5326,324;5330,308;5334,334;5339,306;5343,310;5348,322;5352,322;5356,320;5361,304;5365,336;5369,306;5374,318;5378,302;5382,316;5387,314;5391,306;5395,330;5400,316;5404,328;5409,326;5413,316;5417,314;5422,326;5426,296;5430,338;5435,306;5439,312;5443,324;5448,322;5452,320;5456,320;5461,318;5465,308;5469,322;5474,306;5478,332;5483,316;5487,328;5491,334;5496,318;5500,332;5504,316;5509,328;5513,306;5517,332;5522,302;5526,326;5530,312;5535,326;5539,330;5543,314;5548,314;5552,312;5557,324;5561,316;5565,328;5570,312;5574,340;5578,310;5583,322;5587,328;5591,312;5596,326;5600,310;5604,336;5609,308;5613,326;5617,310;5622,324;5626,308;5631,334;5635,304;5639,310;5644,336;5648,320;5652,320;5657,318;5661,322;5665,308;5670,320;5674,304;5678,316;5683,314;5687,320;5691,320;5696,318;5700,330;5705,316;5709,320;5713,304;5718,332;5722,302;5726,328;5731,298;5735,318;5739,328;5744,314;5748,328;5752,312;5757,324;5761,314;5765,328;5770,310;5774,324;5779,308;5783,314;5787,326;5792,310;5796,324;5800,308;5805,334;5809,296;5813,322;5818,306;5822,318;5826,302;5831,330;5835,320;5840,304;5844,316;5848,314;5853,328;5857,304;5861,330;5866,300;5870,328;5874,312;5879,324;5883,330;5887,314;5892,326;5896,310;5900,324;5905,300;5909,326;5914,312;5918,338;5922,308;5927,320;5931,324;5935,310;5940,322;5944,318;5948,318;5953,316;5957,336;5961,306;5966,320;5970,318;5974,330;5979,314;5983,306;5988,332;5992,316;5996,330;6001,314;6005,318;6009,304;6014,330;6018,300;6022,326;6027,296;6031,316;6035,328;6040,312;6044,326;6048,308;6053,320;6057,312;6062,326;6066,310;6070,336;6075,306;6079,310;6083,324;6088,322;6092,322;6096,320;6101,332;6105,308;6109,336;6114,306;6118,332;6123,304;6127,332;6131,322;6136,306;6140,318;6144,318;6149,316;6153,320;6157,332;6162,304;6166,328;6170,314;6175,326;6179,330;6183,316;6188,328;6192,314;6196,326;6201,302;6205,328;6210,312;6214,326;6218,310;6223,336;6227,328;6231,312;6236,326;6240,322;6244,322;6249,320;6253,338;6257,310;6262,336;6266,304;6271,330;6275,316;6279,306;6284,332;6288,318;6292,330;6297,328;6301,318;6305,304;6310,330;6314,314;6318,312;6323,310;6327,300;6331,326;6336,310;6340,324;6345,320;6349,334;6353,308;6358,322;6362,306;6366,318;6371,316;6375,322;6379,332;6384,318;6388,330;6392,312;6397,326;6401,302;6405,314;6410,284;6414,310;6419,294;6423,298;6427,312;6432,308;6436,322;6440,306;6445,306;6449,294;6453,320;6458,290;6462,316;6466,300;6471,290;6475,304;6479,302;6484,314;6488,298;6493,296;6497,286;6501,314;6506,282;6510,294;6514,280;6519,294;6523,312;6527,282;6532,308;6536,292;6540,320;6545,296;6549,308;6554,294;6558,292;6562,290;6567,302;6571,308;6575,276;6580,306;6584,302;6588,314;6593,286;6597,304;6601,274;6606,316;6610,284;6614,312;6619,302;6623,302;6628,312;6632,282;6636,308;6641,308;6645,312;6649,296;6654,310;6658,292;6662,306;6667,290;6671,294;6675,306;6680,304;6684,302;6688,288;6693,304;6697,288;6702,302;6706,300;6710,312;6715,296;6719,300;6723,312;6728,296;6732,310;6736,294;6741,306;6745,284;6749,294;6754,280;6758,290;6762,276;6767,280;6771,292;6776,248;6780,288;6784,272;6789,284;6793,260;6797,286;6802,270;6806,284;6810,266;6815,272;6819,284;6823,268;6828,280;6832,264;6836,290;6841,252;6845,280;6850,264;6854,290;6858,260;6863,286;6867,290;6871,260;6876,286;6880,258;6884,284;6889,260;6893,258;6897,272;6902,284;6906,268;6910,282;6915,272;6919,256;6924,284;6928,266;6932,278;6937,234;6941,280;6945,266;6950,278;6954,262;6958,274;6963,278;6967,234;6971,290;6976,274;6980,288;6985,258;6989,276;6993,260;6998,286;7002,270;7006,282;7011,254;7015,272;7019,284;7024,268;7028,280;7032,236;7037,282;7041,266;7045,280;7050,264;7054,276;7059,260;7063,250;7067,278;7072,262;7076,274;7080,258;7085,264;7089,262;7093,274;7098,272;7102,284;7106,254;7111,274;7115,272;7119,256;7124,282;7128,280;7133,294;7137,268;7141,282;7146,266;7150,278;7154,262;7159,266;7163,278;7167,262;7172,276;7176,230;7180,286;7185,262;7189,276;7194,244;7198,272;) of size 460\r\nSTEPPER: Moving to mstep: 5200 with speed [msteps/sec]: 4000 in SpreadCycle.\r\n'), 14:03:57
bytearray(b'STEPPER: Moved 2000.00 msteps (ramp: 35%) in 699.756 ms -> average speed [msteps/sec]: 2858.14\r\nSTEPPER: Moving to mstep: 7200 with speed [msteps/sec]: 1000 in StealthChop.\r\n'), 14:03:58
bytearray(b'STEPPER: Estimate 8: [msteps] 6754\r\nSTEPPER: buffer (5200,284;5204,332;5208,302;5213,328;5217,304;5221,316;5226,300;5230,328;5234,296;5239,324;5243,328;5247,312;5252,326;5256,310;5260,334;5265,298;5269,324;5274,308;5278,320;5282,318;5287,330;5291,336;5295,320;5300,330;5304,316;5308,330;5313,326;5317,330;5321,300;5326,314;5330,310;5334,324;5339,308;5343,312;5348,324;5352,308;5356,320;5361,320;5365,338;5369,322;5374,320;5378,304;5382,330;5387,314;5391,304;5395,328;5400,314;5404,326;5408,324;5413,336;5417,300;5422,326;5426,310;5430,334;5435,306;5439,310;5443,324;5448,308;5452,320;5456,316;5461,328;5465,306;5469,332;5474,316;5478,328;5483,312;5487,316;5491,328;5496,314;5500,326;5504,324;5509,322;5513,298;5517,324;5522,308;5526,336;5530,320;5535,318;5539,322;5543,306;5548,320;5552,304;5557,316;5561,306;5565,330;5570,316;5574,330;5578,312;5583,324;5587,328;5591,312;5596,326;5600,308;5604,336;5609,320;5613,324;5617,306;5622,332;5626,302;5631,328;5635,300;5639,318;5644,330;5648,314;5652,326;5657,312;5661,330;5665,312;5670,340;5674,310;5678,322;5683,306;5687,326;5691,322;5696,320;5700,320;5705,316;5709,328;5713,306;5718,318;5722,302;5726,328;5731,312;5735,316;5739,328;5744,314;5748,326;5752,310;5757,322;5761,314;5765,326;5770,310;5774,322;5779,306;5783,310;5787,324;5792,308;5796,334;5800,318;5805,330;5809,306;5813,318;5818,304;5822,328;5826,314;5831,324;5835,330;5840,314;5844,326;5848,310;5853,322;5857,298;5861,326;5866,308;5870,336;5874,306;5879,332;5883,322;5887,306;5892,332;5896,316;5900,328;5905,304;5909,330;5914,302;5918,328;5922,296;5927,324;5931,328;5935,312;5940,324;5944,322;5948,320;5953,304;5957,322;5961,318;5966,332;5970,302;5974,314;5979,298;5983,314;5988,328;5992,310;5996,324;6001,308;6005,326;6009,296;6014,322;6018,306;6022,332;6027,316;6031,320;6035,318;6040,316;6044,328;6048,312;6053,326;6057,302;6062,328;6066,298;6070,324;6075,308;6079,326;6083,322;6088,322;6092,320;6096,318;6101,330;6105,306;6109,318;6114,302;6118,328;6122,312;6127,338;6131,328;6136,312;6140,326;6144,322;6149,322;6153,310;6157,324;6162,306;6166,332;6170,302;6175,328;6179,332;6183,316;6188,328;6192,312;6196,324;6201,300;6205,326;6210,296;6214,322;6218,306;6223,320;6227,338;6231,322;6236,320;6240,316;6244,330;6249,314;6253,332;6257,302;6262,330;6266,314;6270,326;6275,310;6279,314;6284,326;6288,324;6292,336;6297,320;6301,324;6305,294;6310,336;6314,304;6318,332;6323,302;6327,320;6331,332;6336,316;6340,330;6345,314;6349,326;6353,314;6358,314;6362,312;6366,324;6371,308;6375,312;6379,324;6384,308;6388,320;6392,304;6397,330;6401,306;6405,318;6410,288;6414,314;6419,298;6423,302;6427,314;6432,298;6436,310;6440,294;6445,322;6449,282;6453,308;6458,280;6462,318;6466,302;6471,292;6475,304;6480,290;6484,302;6488,300;6493,312;6497,288;6501,300;6506,284;6510,310;6514,280;6519,306;6523,310;6527,308;6532,306;6536,292;6540,304;6545,294;6549,306;6554,290;6558,302;6562,288;6567,300;6571,318;6575,288;6580,314;6584,298;6588,310;6593,294;6597,300;6601,284;6606,310;6610,280;6614,308;6619,292;6623,282;6628,308;6632,306;6636,320;6641,302;6645,308;6649,278;6654,306;6658,288;6662,316;6667,286;6671,304;6675,318;6680,302;6684,314;6688,298;6693,302;6697,286;6702,300;6706,298;6710,310;6715,282;6719,300;6723,312;6728,284;6732,310;6736,294;6741,306;6745,282;6749,294;6754,280;6758,292;6762,276;6767,266;6771,294;6776,264;6780,292;6784,274;6789,300;6793,262;6797,276;6802,246;6806,272;6810,270;6815,274;6819,288;6823,270;6828,284;6832,256;6837,280;6841,270;6845,282;6850,266;6854,278;6858,262;6863,252;6867,278;6871,262;6876,288;6880,260;6884,286;6889,260;6893,288;6897,272;6902,270;6906,254;6911,266;6915,284;6919,268;6924,282;6928,238;6932,292;6937,254;6941,268;6945,252;6950,278;6954,248;6958,274;6963,294;6967,278;6971,290;6976,260;6980,272;6985,228;6989,276;6993,258;6998,272;7002,256;7006,282;7011,272;7015,256;7019,284;7024,266;7028,280;7032,264;7037,280;7041,266;7045,292;7050,262;7054,276;7059,258;7063,248;7067,274;7072,272;7076,286;7080,256;7085,274;7089,272;7093,284;7098,268;7102,296;7106,264;7111,240;7115,282;7120,280;7124,292;7128,248;7133,274;7137,266;7141,278;7146,262;7150,274;7154,258;7159,234;7163,274;7167,272;7172,284;7176,254;7180,266;7185,270;7189,268;7194,252;7198,280;) of size 460\r\nSTEPPER: Moving to mstep: 5200 with speed [msteps/sec]: 4000 in SpreadCycle.\r\n'), 14:04:01
bytearray(b'STEPPER: Moved 2000.00 msteps (ramp: 35%) in 699.756 ms -> average speed [msteps/sec]: 2858.14\r\nSTEPPER: Moving to mstep: 7200 with speed [msteps/sec]: 1000 in StealthChop.\r\n'), 14:04:01
bytearray(b'STEPPER: Estimate 9: [msteps] 6749\r\nSTEPPER: buffer (5200,284;5204,314;5208,312;5213,324;5217,300;5221,326;5226,312;5230,324;5234,308;5239,334;5243,324;5247,308;5252,322;5256,320;5260,318;5265,302;5269,334;5274,304;5278,332;5282,302;5287,314;5291,320;5295,318;5300,318;5304,314;5308,328;5313,314;5317,332;5321,302;5326,328;5330,312;5334,326;5339,310;5343,300;5348,328;5352,312;5356,324;5361,310;5365,328;5369,298;5374,326;5378,308;5382,322;5387,306;5391,310;5395,322;5400,320;5404,334;5408,318;5413,330;5417,306;5422,320;5426,304;5430,330;5435,298;5439,318;5443,330;5448,314;5452,328;5456,312;5461,324;5465,300;5469,326;5474,310;5478,324;5482,306;5487,320;5491,324;5496,322;5500,320;5504,332;5509,330;5513,306;5517,332;5522,302;5526,328;5530,312;5535,324;5539,328;5543,314;5548,326;5552,310;5556,324;5561,322;5565,326;5570,310;5574,336;5578,306;5583,318;5587,324;5591,320;5596,334;5600,316;5604,328;5609,314;5613,318;5617,302;5622,328;5626,312;5630,338;5635,308;5639,312;5644,324;5648,308;5652,320;5657,306;5661,338;5665,306;5670,334;5674,304;5678,330;5683,300;5687,318;5691,330;5696,328;5700,326;5705,326;5709,322;5713,312;5718,324;5722,308;5726,336;5731,318;5735,310;5739,322;5744,306;5748,318;5752,314;5757,326;5761,316;5765,328;5770,312;5774,312;5779,308;5783,314;5787,326;5792,310;5796,336;5800,320;5805,332;5809,308;5813,320;5818,302;5822,316;5826,314;5831,326;5835,330;5839,314;5844,326;5848,310;5853,324;5857,312;5861,324;5866,308;5870,322;5874,306;5879,332;5883,322;5887,320;5892,332;5896,316;5900,328;5905,290;5909,316;5913,300;5918,326;5922,310;5927,322;5931,328;5935,324;5940,322;5944,306;5948,318;5953,302;5957,322;5961,320;5966,330;5970,302;5974,328;5979,312;5983,316;5987,330;5992,314;5996,326;6001,310;6005,328;6009,312;6014,324;6018,294;6022,320;6027,320;6031,310;6035,320;6040,320;6044,330;6048,316;6053,314;6057,304;6061,344;6066,314;6070,326;6075,298;6079,316;6083,328;6088,328;6092,324;6096,322;6101,320;6105,296;6109,322;6114,306;6118,334;6122,304;6127,318;6131,320;6135,318;6140,330;6144,314;6149,326;6153,316;6157,330;6162,314;6166,326;6170,310;6175,336;6179,326;6183,324;6188,322;6192,320;6196,334;6201,318;6205,336;6210,306;6214,318;6218,302;6223,314;6227,334;6231,304;6236,330;6240,314;6244,326;6249,310;6253,344;6257,310;6262,326;6266,308;6270,322;6275,320;6279,310;6284,322;6288,320;6292,332;6297,316;6301,336;6305,306;6310,318;6314,300;6318,328;6323,312;6327,316;6331,328;6336,312;6340,324;6344,308;6349,334;6353,310;6358,322;6362,306;6366,320;6371,318;6375,322;6379,334;6384,318;6388,330;6392,314;6397,328;6401,288;6405,314;6410,298;6414,310;6419,280;6423,312;6427,310;6432,294;6436,306;6440,304;6445,316;6449,292;6453,304;6458,288;6462,314;6466,284;6471,310;6475,316;6479,284;6484,312;6488,310;6493,322;6497,298;6501,296;6506,294;6510,306;6514,276;6519,302;6523,306;6527,276;6532,302;6536,300;6540,312;6545,296;6549,314;6553,298;6558,310;6562,280;6567,308;6571,312;6575,282;6580,308;6584,292;6588,304;6593,290;6597,294;6601,292;6606,304;6610,288;6614,300;6619,284;6623,302;6627,314;6632,286;6636,298;6641,296;6645,314;6649,284;6654,296;6658,294;6662,320;6667,278;6671,296;6675,308;6680,278;6684,304;6688,304;6693,302;6697,292;6701,304;6706,288;6710,314;6715,284;6719,304;6723,316;6728,300;6732,312;6736,298;6741,310;6745,286;6749,298;6754,268;6758,294;6762,280;6767,256;6771,296;6775,280;6780,294;6784,264;6789,276;6793,252;6797,280;6802,264;6806,276;6810,246;6815,278;6819,278;6823,248;6828,274;6832,272;6836,284;6841,262;6845,288;6850,272;6854,284;6858,270;6863,282;6867,286;6871,270;6876,284;6880,252;6884,278;6889,256;6893,268;6897,266;6902,266;6906,264;6910,276;6915,282;6919,264;6924,276;6928,260;6932,288;6937,272;6941,290;6945,260;6950,272;6954,272;6958,284;6963,288;6967,258;6971,270;6976,226;6980,282;6985,280;6989,270;6993,268;6998,266;7002,250;7006,276;7011,246;7015,266;7019,278;7024,234;7028,286;7032,274;7037,278;7041,262;7045,274;7050,258;7054,272;7059,242;7063,274;7067,272;7072,242;7076,282;7080,280;7085,294;7089,256;7093,268;7098,252;7102,266;7106,262;7111,268;7115,280;7119,252;7124,292;7128,276;7133,288;7137,250;7141,264;7146,262;7150,274;7154,258;7159,264;7163,290;7167,274;7172,286;7176,228;7180,284;7185,274;7189,286;7193,270;7198,284;) of size 460\r\nSTEPPER: Moving to mstep: 5200 with speed [msteps/sec]: 4000 in SpreadCycle.\r\n'), 14:04:04
bytearray(b'STEPPER: Moved 2000.00 msteps (ramp: 35%) in 699.764 ms -> average speed [msteps/sec]: 2858.11\r\nSTEPPER: Moving to mstep: 7200 with speed [msteps/sec]: 1000 in StealthChop.\r\n'), 14:04:04
bytearray(b'STEPPER: Estimate 10: [msteps] 6758\r\nSTEPPER: buffer (5200,286;5204,322;5208,322;5213,334;5217,296;5221,322;5226,306;5230,334;5234,304;5239,330;5243,320;5247,318;5252,318;5256,302;5260,328;5265,304;5269,330;5274,300;5278,326;5282,312;5287,338;5291,328;5295,312;5300,324;5304,322;5308,322;5313,320;5317,324;5321,294;5326,322;5330,318;5334,332;5339,302;5343,320;5348,318;5352,318;5356,330;5361,312;5365,318;5369,304;5374,344;5378,314;5382,312;5387,312;5391,302;5395,330;5400,314;5404,326;5408,324;5413,336;5417,298;5422,324;5426,308;5430,322;5435,306;5439,310;5443,324;5448,308;5452,320;5456,318;5461,330;5465,308;5469,334;5474,302;5478,330;5482,300;5487,306;5491,332;5496,316;5500,328;5504,326;5509,324;5513,300;5517,328;5522,298;5526,324;5530,308;5535,334;5539,324;5543,322;5548,320;5552,318;5556,330;5561,308;5565,320;5570,302;5574,328;5578,314;5583,326;5587,330;5591,314;5596,328;5600,312;5604,338;5609,308;5613,326;5617,296;5622,322;5626,306;5631,332;5635,302;5639,306;5644,330;5648,316;5652,328;5657,326;5661,330;5665,300;5670,340;5674,308;5678,322;5683,318;5687,324;5691,322;5696,320;5700,332;5705,316;5709,320;5713,304;5718,330;5722,314;5726,324;5731,308;5735,314;5739,324;5744,310;5748,322;5752,306;5757,318;5761,308;5765,322;5770,318;5774,332;5779,302;5783,306;5787,330;5792,316;5796,342;5800,312;5805,326;5809,302;5813,314;5818,314;5822,326;5826,308;5831,336;5835,326;5839,310;5844,324;5848,322;5853,334;5857,310;5861,336;5866,308;5870,332;5874,304;5879,316;5883,334;5887,318;5892,330;5896,314;5900,326;5905,324;5909,330;5913,298;5918,324;5922,296;5927,322;5931,326;5935,298;5940,322;5944,308;5948,320;5953,304;5957,322;5961,306;5966,318;5970,316;5974,328;5979,312;5983,304;5988,328;5992,314;5996,340;6001,310;6005,328;6009,298;6014,324;6018,294;6022,320;6027,318;6031,308;6035,320;6040,318;6044,318;6048,314;6053,326;6057,316;6062,328;6066,310;6070,338;6075,308;6079,312;6083,324;6088,322;6092,334;6096,318;6101,330;6105,306;6109,318;6114,316;6118,328;6122,300;6127,338;6131,328;6136,312;6140,324;6144,322;6149,334;6153,310;6157,320;6162,304;6166,318;6170,316;6175,328;6179,332;6183,316;6188,328;6192,312;6196,324;6201,308;6205,326;6210,310;6214,336;6218,306;6223,332;6227,322;6231,306;6236,332;6240,316;6244,328;6249,312;6253,330;6257,314;6262,326;6266,310;6271,336;6275,306;6279,310;6284,324;6288,322;6292,334;6297,332;6301,322;6305,306;6310,332;6314,302;6318,316;6323,312;6327,316;6331,330;6336,314;6340,326;6345,308;6349,322;6353,312;6358,324;6362,308;6366,320;6371,304;6375,322;6379,336;6384,318;6388,330;6392,316;6397,326;6401,304;6405,316;6410,300;6414,312;6419,282;6423,300;6427,312;6432,310;6436,322;6440,278;6445,304;6449,294;6453,320;6458,290;6462,316;6466,286;6471,312;6475,316;6479,300;6484,312;6488,296;6493,308;6497,284;6501,312;6506,282;6510,306;6514,292;6519,304;6523,308;6527,292;6532,304;6536,302;6540,314;6545,290;6549,318;6553,288;6558,312;6562,284;6567,296;6571,314;6575,284;6580,312;6584,296;6588,308;6593,306;6597,310;6601,294;6606,306;6610,290;6614,302;6619,286;6623,292;6627,304;6632,288;6636,300;6641,298;6645,302;6649,302;6654,328;6658,298;6662,296;6667,282;6671,300;6675,312;6680,282;6684,308;6688,306;6693,304;6697,294;6702,308;6706,292;6710,304;6715,288;6719,306;6723,304;6728,290;6732,300;6736,300;6741,312;6745,288;6749,300;6754,284;6758,298;6763,280;6767,284;6771,284;6776,252;6780,292;6784,278;6789,290;6793,266;6797,278;6802,262;6806,288;6810,258;6815,262;6819,290;6823,272;6828,286;6832,242;6837,282;6841,258;6845,284;6850,254;6854,266;6858,264;6863,276;6867,294;6871,266;6876,276;6880,232;6884,274;6889,264;6893,290;6897,260;6902,274;6906,270;6911,282;6915,286;6919,258;6924,270;6928,226;6932,280;6937,278;6941,268;6945,266;6950,278;6954,250;6958,274;6963,280;6967,276;6971,290;6976,260;6980,272;6985,234;6989,274;6993,244;6998,270;7002,268;7006,280;7011,266;7015,284;7019,296;7024,264;7028,278;7032,260;7037,280;7041,250;7045,276;7050,260;7054,286;7059,270;7063,274;7067,286;7072,270;7076,284;7080,266;7085,280;7089,240;7093,280;7098,266;7102,278;7106,276;7111,252;7115,278;7119,234;7124,288;7128,272;7133,284;7137,262;7141,260;7146,258;7150,268;7154,252;7159,272;7163,272;7167,240;7172,280;7176,278;7180,278;7185,266;7189,278;7194,262;7198,274;) of size 460\r\nSTEPPER: Final estimate: [mstep] 6755\r\nFound dispense position: [\xc2\xb5m] 33755\r\nreturn;find;6751\r\n\xef\xbf\xbdreceived from UR: find -> find (0,1)\r\nSTEPPER: Moving to mstep: 5200 with speed [msteps/sec]: 4000 in SpreadCycle.\r\n'), 14:04:07
bytearray(b'STEPPER: Moved 2000.00 msteps (ramp: 35%) in 699.764 ms -> average speed [msteps/sec]: 2858.11\r\nSTEPPER: Moving to mstep: 7200 with speed [msteps/sec]: 1000 in StealthChop.\r\n'), 14:04:08
bytearray(b'STEPPER: Estimate 1: [msteps] 6736\r\nSTEPPER: buffer (5200,290;5204,318;5208,318;5213,330;5217,306;5221,318;5226,302;5230,328;5234,312;5239,338;5243,328;5247,312;5252,326;5256,310;5260,322;5265,320;5269,324;5274,310;5278,336;5282,306;5287,318;5291,322;5295,320;5300,320;5304,316;5308,328;5313,314;5317,332;5321,302;5326,328;5330,298;5334,324;5339,322;5343,312;5348,324;5352,308;5356,320;5361,304;5365,322;5369,306;5374,318;5378,316;5382,328;5387,298;5391,302;5395,328;5400,312;5404,324;5409,310;5413,314;5417,312;5422,324;5426,308;5430,334;5435,304;5439,308;5443,320;5448,306;5452,332;5456,302;5461,328;5465,304;5469,332;5474,300;5478,328;5483,312;5487,318;5491,330;5496,314;5500,326;5504,310;5509,322;5513,312;5517,326;5522,310;5526,336;5530,304;5535,332;5539,322;5543,320;5548,318;5552,316;5557,328;5561,304;5565,318;5570,302;5574,328;5578,312;5583,324;5587,328;5591,312;5596,324;5600,322;5604,334;5609,306;5613,336;5617,306;5622,332;5626,302;5631,330;5635,312;5639,318;5644,330;5648,314;5652,326;5657,310;5661,328;5665,312;5670,324;5674,308;5678,334;5683,304;5687,310;5691,320;5696,318;5700,330;5705,316;5709,318;5713,302;5718,330;5722,300;5726,326;5731,310;5735,314;5739,326;5744,312;5748,324;5752,308;5757,320;5761,310;5765,322;5770,308;5774,334;5779,304;5783,308;5787,320;5792,320;5796,332;5800,316;5805,328;5809,290;5813,318;5818,314;5822,328;5826,298;5831,324;5835,328;5840,314;5844,326;5848,310;5853,324;5857,300;5861,326;5866,308;5870,322;5874,308;5879,332;5883,324;5887,306;5892,320;5896,318;5900,330;5905,306;5909,318;5914,302;5918,330;5922,298;5927,326;5931,316;5935,314;5940,326;5944,310;5948,322;5953,306;5957,338;5961,308;5966,320;5970,304;5975,316;5979,314;5983,306;5988,332;5992,316;5996,328;6001,326;6005,316;6009,314;6014,326;6018,310;6022,322;6027,306;6031,312;6035,338;6040,322;6044,320;6049,318;6053,330;6057,306;6062,334;6066,304;6070,330;6075,300;6079,318;6083,328;6088,328;6092,328;6096,312;6101,322;6105,298;6109,326;6114,296;6118,336;6123,292;6127,318;6131,336;6136,320;6140,332;6144,316;6149,328;6153,318;6157,332;6162,314;6166,326;6170,310;6175,322;6179,326;6183,310;6188,324;6192,306;6197,332;6201,308;6205,322;6210,304;6214,318;6218,300;6223,328;6227,332;6231,316;6236,328;6240,312;6244,324;6249,322;6253,326;6257,310;6262,338;6266,306;6271,334;6275,324;6279,322;6284,334;6288,320;6292,318;6297,318;6301,320;6305,304;6310,332;6314,302;6318,328;6323,298;6327,318;6331,328;6336,314;6340,326;6345,324;6349,322;6353,312;6358,326;6362,310;6366,322;6371,320;6375,312;6379,324;6384,308;6388,320;6392,306;6397,330;6401,306;6405,320;6410,288;6414,316;6419,286;6423,318;6427,316;6432,300;6436,312;6440,296;6445,308;6449,284;6453,312;6458,282;6462,308;6466,292;6471,282;6475,308;6480,294;6484,306;6488,304;6493,302;6497,292;6501,304;6506,288;6510,300;6514,298;6519,312;6523,302;6527,300;6532,312;6536,296;6540,308;6545,300;6549,312;6554,284;6558,308;6562,292;6567,306;6571,310;6575,294;6580,306;6584,292;6588,304;6593,288;6597,320;6601,292;6606,304;6610,288;6614,300;6619,306;6623,304;6628,316;6632,286;6636,312;6641,296;6645,314;6649,284;6654,296;6658,294;6662,308;6667,292;6671,296;6675,310;6680,306;6684,320;6689,290;6693,308;6697,292;6702,306;6706,274;6710,300;6715,284;6719,304;6723,316;6728,300;6732,312;6736,296;6741,296;6745,284;6749,298;6754,282;6758,280;6763,280;6767,268;6771,282;6776,266;6780,292;6784,276;6789,276;6793,266;6797,278;6802,262;6806,276;6810,260;6815,248;6819,276;6823,260;6828,286;6832,270;6837,270;6841,272;6845,286;6850,256;6854,282;6858,250;6863,240;6867,282;6871,264;6876,278;6880,262;6884,274;6889,264;6893,278;6897,260;6902,274;6906,258;6911,232;6915,288;6919,274;6924,298;6928,268;6932,282;6937,256;6941,270;6945,268;6950,280;6954,264;6958,276;6963,268;6967,252;6971,280;6976,262;6980,274;6985,230;6989,276;6993,262;6998,272;7002,258;7006,270;7011,254;7015,244;7019,284;7024,268;7028,268;7032,236;7037,286;7041,254;7046,280;7050,250;7054,278;7059,262;7063,280;7067,280;7072,278;7076,290;7080,260;7085,276;7089,248;7093,276;7098,260;7102,272;7106,270;7111,274;7115,288;7120,272;7124,284;7128,256;7133,282;7137,272;7141,284;7146,268;7150,280;7154,250;7159,242;7163,268;7167,250;7172,278;7176,248;7180,288;7185,264;7189,264;7194,260;7198,288;) of size 460\r\nSTEPPER: Moving to mstep: 5200 with speed [msteps/sec]: 4000 in SpreadCycle.\r\n'), 14:04:10
bytearray(b'STEPPER: Moved 2000.00 msteps (ramp: 35%) in 699.756 ms -> average speed [msteps/sec]: 2858.14\r\nSTEPPER: Moving to mstep: 7200 with speed [msteps/sec]: 1000 in StealthChop.\r\n'), 14:04:11
bytearray(b'STEPPER: Estimate 2: [msteps] 6780\r\nSTEPPER: buffer (5200,288;5204,328;5208,298;5213,324;5217,302;5221,316;5226,300;5230,326;5234,308;5239,336;5243,326;5247,312;5252,324;5256,322;5260,320;5265,296;5269,322;5274,308;5278,334;5282,304;5287,316;5291,320;5295,320;5300,332;5304,318;5308,330;5313,314;5317,320;5321,302;5326,330;5330,300;5334,312;5339,312;5343,316;5348,328;5352,312;5356,324;5361,310;5365,328;5369,298;5374,326;5378,308;5382,322;5387,306;5391,310;5395,322;5400,308;5404,334;5408,318;5413,330;5417,306;5422,320;5426,300;5430,330;5435,300;5439,318;5443,318;5448,316;5452,328;5456,312;5461,324;5465,302;5469,328;5474,312;5478,326;5482,308;5487,320;5491,326;5496,324;5500,322;5504,322;5509,318;5513,308;5517,336;5522,306;5526,318;5530,304;5535,330;5539,320;5543,318;5548,318;5552,316;5557,328;5561,306;5565,332;5570,314;5574,328;5578,312;5583,324;5587,328;5591,314;5596,340;5600,324;5604,324;5609,320;5613,326;5617,310;5622,322;5626,306;5631,320;5635,324;5639,322;5644,336;5648,320;5652,318;5657,316;5661,334;5665,318;5670,332;5674,316;5678,328;5683,298;5687,330;5691,330;5696,314;5700,326;5705,310;5709,314;5713,314;5718,326;5722,310;5726,322;5731,306;5735,310;5739,322;5744,308;5748,318;5752,304;5757,316;5761,308;5765,334;5770,318;5774,316;5779,302;5783,318;5787,332;5792,316;5796,330;5800,314;5805,326;5809,316;5813,330;5818,314;5822,326;5826,298;5831,324;5835,328;5839,314;5844,326;5848,310;5853,322;5857,298;5861,338;5866,308;5870,320;5874,320;5879,332;5883,322;5887,308;5892,318;5896,318;5900,330;5905,314;5909,318;5913,304;5918,330;5922,314;5927,328;5931,298;5935,316;5940,314;5944,314;5948,326;5953,310;5957,328;5961,314;5966,326;5970,310;5974,338;5979,322;5983,312;5987,324;5992,310;5996,336;6001,306;6005,326;6009,296;6014,322;6018,306;6022,334;6027,304;6031,310;6035,336;6040,320;6044,318;6048,318;6053,330;6057,306;6062,334;6066,302;6070,316;6075,302;6079,318;6083,332;6088,316;6092,328;6096,328;6101,326;6105,304;6109,328;6114,298;6118,312;6122,296;6127,322;6131,328;6136,312;6140,324;6144,322;6149,320;6153,310;6157,338;6162,320;6166,320;6170,304;6175,330;6179,334;6183,306;6188,330;6192,314;6197,324;6201,318;6205,330;6210,314;6214,314;6218,298;6223,324;6227,330;6231,314;6236,326;6240,310;6244,322;6249,308;6253,340;6257,312;6262,324;6266,308;6271,334;6275,306;6279,310;6284,322;6288,306;6292,320;6297,318;6301,324;6305,308;6310,320;6314,304;6318,318;6323,316;6327,306;6331,318;6336,302;6340,316;6345,314;6349,326;6353,316;6358,328;6362,312;6366,326;6371,310;6375,314;6379,328;6384,312;6388,324;6392,308;6397,320;6401,298;6405,310;6410,294;6414,308;6419,306;6423,296;6427,308;6432,294;6436,306;6440,290;6445,316;6449,292;6453,304;6458,288;6462,314;6466,298;6471,312;6475,316;6479,286;6484,312;6488,296;6493,310;6497,300;6501,312;6506,284;6510,310;6514,280;6519,306;6523,312;6527,296;6532,322;6536,278;6540,306;6545,282;6549,308;6553,292;6558,306;6562,288;6567,302;6571,306;6575,290;6580,316;6584,300;6588,314;6593,296;6597,316;6601,284;6606,298;6610,282;6614,308;6619,292;6623,296;6628,308;6632,292;6636,304;6641,290;6645,308;6649,278;6654,318;6658,288;6662,316;6667,286;6671,290;6675,302;6680,300;6684,312;6688,284;6693,316;6697,286;6702,298;6706,282;6710,310;6715,294;6719,298;6723,312;6728,280;6732,308;6736,304;6741,316;6745,280;6749,292;6754,290;6758,302;6763,286;6767,264;6771,290;6776,274;6780,300;6784,270;6789,298;6793,258;6797,272;6802,256;6806,282;6810,266;6815,284;6819,296;6823,268;6828,292;6832,264;6837,290;6841,266;6845,280;6850,262;6854,274;6858,260;6863,234;6867,290;6871,274;6876,288;6880,272;6884,284;6889,260;6893,272;6897,270;6902,284;6906,266;6911,280;6915,270;6919,254;6924,280;6928,266;6932,292;6937,252;6941,266;6945,250;6950,276;6954,262;6958,274;6963,280;6967,276;6971,274;6976,258;6980,284;6985,254;6989,274;6993,256;6998,284;7002,254;7006,278;7011,248;7015,268;7019,280;7024,264;7028,276;7032,232;7037,278;7041,248;7045,276;7050,258;7054,270;7059,268;7063,272;7067,284;7072,254;7076,266;7080,250;7085,268;7089,252;7093,278;7098,262;7102,274;7106,258;7111,234;7115,288;7120,276;7124,286;7128,270;7133,282;7137,258;7141,270;7146,254;7150,266;7154,250;7159,254;7163,280;7167,264;7172,278;7176,232;7180,288;7185,264;7189,276;7194,260;7198,272;) of size 460\r\nSTEPPER: Moving to mstep: 5200 with speed [msteps/sec]: 4000 in SpreadCycle.\r\n'), 14:04:13
bytearray(b'STEPPER: Moved 2000.00 msteps (ramp: 35%) in 699.756 ms -> average speed [msteps/sec]: 2858.14\r\nSTEPPER: Moving to mstep: 7200 with speed [msteps/sec]: 1000 in StealthChop.\r\n'), 14:04:14
bytearray(b'STEPPER: Estimate 3: [msteps] 6780\r\nSTEPPER: buffer (5200,286;5204,332;5208,316;5213,328;5217,306;5221,318;5226,302;5230,326;5234,312;5239,324;5243,328;5247,312;5252,324;5256,310;5260,332;5265,296;5269,322;5274,306;5278,332;5282,304;5287,330;5291,320;5295,318;5300,330;5304,314;5308,326;5313,324;5317,328;5321,312;5326,326;5330,310;5334,322;5339,304;5343,310;5348,322;5352,320;5356,320;5361,318;5365,322;5369,306;5374,334;5378,302;5382,328;5387,314;5391,304;5395,328;5400,314;5404,340;5408,310;5413,314;5417,298;5422,324;5426,308;5430,334;5435,320;5439,310;5443,322;5448,306;5452,318;5456,302;5461,330;5465,318;5469,332;5474,302;5478,328;5482,312;5487,316;5491,328;5496,312;5500,326;5504,322;5509,336;5513,312;5517,324;5522,308;5526,336;5530,320;5535,332;5539,322;5543,306;5548,318;5552,304;5557,330;5561,312;5565,318;5570,302;5574,330;5578,314;5583,340;5587,330;5591,314;5596,326;5600,310;5604,324;5609,308;5613,324;5617,308;5622,336;5626,306;5631,332;5635,316;5639,308;5644,320;5648,318;5652,332;5657,300;5661,320;5665,304;5670,330;5674,316;5678,328;5683,310;5687,316;5691,328;5696,314;5700,326;5705,310;5709,314;5713,312;5718,324;5722,296;5726,320;5731,306;5735,312;5739,324;5744,308;5748,320;5752,304;5757,318;5761,322;5766,320;5770,304;5774,330;5779,314;5783,306;5787,332;5792,316;5796,328;5800,314;5805,326;5809,302;5813,326;5818,312;5822,324;5826,296;5831,322;5835,326;5840,310;5844,324;5848,322;5853,320;5857,310;5861,336;5866,308;5870,332;5874,302;5879,330;5883,334;5887,318;5892,330;5896,316;5900,328;5905,304;5909,330;5914,300;5918,312;5922,296;5927,324;5931,328;5935,312;5940,324;5944,308;5948,336;5953,320;5957,324;5961,308;5966,322;5970,306;5974,332;5979,302;5983,306;5988,334;5992,318;5996,330;6001,316;6005,320;6009,304;6014,330;6018,300;6022,314;6027,298;6031,316;6035,328;6040,312;6044,324;6048,308;6053,320;6057,310;6062,338;6066,306;6070,320;6075,304;6079,322;6083,334;6088,318;6092,316;6096,314;6101,326;6105,302;6109,328;6114,298;6118,324;6122,294;6127,312;6131,326;6136,308;6140,322;6144,306;6149,318;6153,308;6157,334;6162,304;6166,316;6170,300;6175,328;6179,330;6183,316;6188,326;6192,312;6197,324;6201,314;6205,326;6210,312;6214,324;6218,308;6223,320;6227,326;6231,322;6236,322;6240,318;6244,332;6249,314;6253,334;6257,304;6262,330;6266,300;6271,328;6275,298;6279,316;6284,328;6288,314;6292,326;6297,310;6301,328;6305,298;6310,312;6314,294;6318,322;6323,304;6327,324;6331,320;6336,306;6340,318;6345,316;6349,328;6353,318;6358,330;6362,314;6366,326;6371,310;6375,316;6379,328;6384,312;6388,324;6392,310;6397,336;6401,296;6406,308;6410,294;6414,306;6419,290;6423,308;6427,320;6432,304;6436,318;6440,300;6445,314;6449,288;6453,314;6458,286;6462,310;6466,296;6471,300;6475,312;6480,282;6484,308;6488,278;6493,304;6497,296;6501,308;6506,292;6510,304;6514,288;6519,314;6523,304;6527,290;6532,302;6536,286;6540,312;6545,288;6549,300;6554,284;6558,312;6562,296;6567,308;6571,298;6575,284;6580,308;6584,294;6588,306;6593,288;6597,306;6601,292;6606,304;6610,288;6614,316;6619,286;6623,304;6628,304;6632,300;6636,314;6641,270;6645,316;6649,286;6654,312;6658,296;6662,322;6667,292;6671,296;6675,310;6680,294;6684,306;6688,276;6693,310;6697,294;6702,306;6706,290;6710,316;6715,286;6719,304;6723,318;6728,302;6732,314;6736,296;6741,310;6745,286;6749,298;6754,282;6758,294;6762,278;6767,268;6771,296;6776,280;6780,292;6784,276;6789,288;6793,264;6797,276;6802,274;6806,286;6810,258;6815,276;6819,288;6823,258;6828,284;6832,268;6837,280;6841,256;6845,282;6850,252;6854,294;6858,264;6863,268;6867,280;6871,264;6876,278;6880,232;6884,286;6889,264;6893,276;6898,260;6902,272;6906,242;6911,284;6915,288;6919,274;6924,272;6928,256;6932,282;6937,258;6941,272;6945,256;6950,268;6954,266;6958,278;6963,282;6967,282;6972,280;6976,264;6980,290;6985,252;6989,264;6993,248;6998,274;7002,244;7006,270;7011,254;7015,244;7019,284;7024,270;7028,296;7032,280;7037,284;7041,254;7046,280;7050,264;7054,276;7059,260;7063,264;7067,278;7072,260;7076,288;7080,258;7085,276;7089,258;7093,270;7098,254;7102,280;7106,250;7111,226;7115,282;7120,280;7124,292;7128,262;7133,288;7137,236;7141,276;7146,274;7150,286;7154,272;7159,248;7163,274;7167,258;7172,284;7176,254;7180,280;7185,244;7189,268;7194,252;7198,278;) of size 460\r\nSTEPPER: Moving to mstep: 5200 with speed [msteps/sec]: 4000 in SpreadCycle.\r\n'), 14:04:17
bytearray(b'STEPPER: Moved 2000.00 msteps (ramp: 35%) in 699.756 ms -> average speed [msteps/sec]: 2858.14\r\nSTEPPER: Moving to mstep: 7200 with speed [msteps/sec]: 1000 in StealthChop.\r\n'), 14:04:17
bytearray(b'STEPPER: Estimate 4: [msteps] 6745\r\nSTEPPER: buffer (5200,282;5204,328;5208,326;5213,338;5217,300;5221,328;5226,298;5230,324;5234,308;5239,336;5243,326;5247,310;5252,322;5256,308;5260,320;5265,306;5269,322;5274,308;5278,334;5282,304;5287,316;5291,322;5295,320;5300,332;5304,316;5308,328;5313,314;5317,332;5321,302;5326,330;5330,314;5334,326;5339,310;5343,316;5348,326;5352,312;5356,324;5361,308;5365,328;5369,312;5374,324;5378,308;5382,334;5387,306;5391,324;5395,324;5400,308;5404,334;5408,320;5413,332;5417,306;5422,320;5426,304;5430,330;5435,302;5439,320;5443,332;5448,316;5452,330;5456,314;5461,326;5465,302;5469,330;5474,314;5478,326;5482,310;5487,324;5491,328;5496,328;5500,326;5504,324;5509,322;5513,312;5517,340;5522,296;5526,336;5530,306;5535,334;5539,324;5543,308;5548,320;5552,306;5556,318;5561,308;5565,336;5570,318;5574,332;5578,316;5583,328;5587,332;5591,318;5596,330;5600,314;5604,326;5609,310;5613,330;5617,314;5622,326;5626,310;5630,336;5635,306;5639,312;5644,324;5648,322;5652,320;5657,304;5661,336;5665,306;5670,332;5674,304;5678,330;5683,300;5687,318;5691,330;5696,316;5700,326;5705,312;5709,316;5713,300;5718,326;5722,296;5726,322;5731,308;5735,312;5739,324;5744,310;5748,320;5752,318;5757,318;5761,308;5765,320;5770,304;5774,330;5779,300;5783,318;5787,330;5792,316;5796,328;5800,312;5805,324;5809,314;5813,326;5818,296;5822,322;5826,308;5831,320;5835,324;5839,308;5844,336;5848,306;5853,332;5857,308;5861,334;5866,304;5870,332;5874,300;5879,328;5883,332;5887,316;5892,328;5896,312;5900,326;5905,324;5909,328;5913,298;5918,322;5922,308;5927,334;5931,324;5935,308;5940,320;5944,304;5948,330;5953,302;5957,318;5961,304;5966,330;5970,314;5974,326;5979,310;5983,314;5987,326;5992,312;5996,338;6001,320;6005,324;6009,296;6014,322;6018,306;6022,318;6027,302;6031,320;6035,332;6040,316;6044,316;6048,312;6053,326;6057,304;6061,328;6066,312;6070,324;6075,308;6079,328;6083,326;6088,324;6092,322;6096,320;6101,320;6105,310;6109,336;6114,306;6118,332;6122,302;6127,306;6131,320;6136,318;6140,316;6144,314;6149,326;6153,316;6157,330;6162,312;6166,324;6170,310;6175,336;6179,326;6183,310;6188,336;6192,322;6196,334;6201,296;6205,322;6210,306;6214,318;6218,302;6223,330;6227,320;6231,318;6236,330;6240,314;6244,326;6249,310;6253,330;6257,298;6262,326;6266,296;6271,336;6275,304;6279,310;6284,322;6288,320;6292,318;6297,316;6301,334;6305,304;6310,316;6314,300;6318,328;6323,312;6327,316;6331,326;6336,312;6340,324;6345,308;6349,320;6353,310;6358,322;6362,308;6366,320;6371,304;6375,308;6379,334;6384,304;6388,316;6392,300;6397,328;6401,304;6405,316;6410,286;6414,312;6419,298;6423,300;6427,314;6432,298;6436,310;6440,294;6445,306;6449,284;6453,310;6458,280;6462,320;6466,290;6471,294;6475,308;6479,292;6484,304;6488,290;6493,302;6497,290;6501,302;6506,288;6510,314;6514,284;6519,298;6523,314;6527,298;6532,310;6536,294;6540,306;6545,282;6549,308;6553,308;6558,320;6562,304;6567,316;6571,306;6575,290;6580,316;6584,300;6588,312;6593,296;6597,316;6601,286;6606,298;6610,282;6614,308;6619,292;6623,282;6628,308;6632,306;6636,304;6641,288;6645,306;6649,292;6654,318;6658,288;6662,314;6667,298;6671,290;6675,300;6680,300;6684,312;6688,296;6693,300;6697,298;6702,312;6706,296;6710,308;6715,292;6719,310;6723,308;6728,292;6732,318;6736,302;6741,300;6745,290;6749,288;6754,274;6758,286;6763,270;6767,274;6771,300;6776,272;6780,284;6784,266;6789,292;6793,240;6797,282;6802,252;6806,278;6810,260;6815,250;6819,278;6823,262;6828,286;6832,242;6837,284;6841,258;6845,286;6850,270;6854,282;6858,252;6863,278;6867,282;6871,252;6876,266;6880,264;6884,288;6889,250;6893,264;6897,248;6902,274;6906,258;6911,270;6915,276;6919,258;6924,286;6928,256;6932,282;6937,244;6941,270;6945,254;6950,266;6954,250;6958,262;6963,280;6967,266;6971,290;6976,262;6980,288;6985,272;6989,278;6993,246;6998,258;7002,242;7006,284;7011,268;7015,258;7019,270;7024,240;7028,280;7032,280;7037,284;7041,254;7045,280;7050,250;7054,264;7059,232;7063,280;7067,278;7072,262;7076,274;7080,244;7085,286;7089,262;7093,276;7098,246;7102,270;7106,256;7111,274;7115,272;7119,228;7124,284;7128,282;7133,280;7137,256;7141,270;7146,238;7150,280;7154,264;7159,254;7163,266;7167,250;7172,278;7176,262;7180,274;7185,250;7189,276;7194,260;7198,274;) of size 460\r\nSTEPPER: Moving to mstep: 5200 with speed [msteps/sec]: 4000 in SpreadCycle.\r\n'), 14:04:20
bytearray(b'STEPPER: Moved 2000.00 msteps (ramp: 35%) in 699.756 ms -> average speed [msteps/sec]: 2858.14\r\nSTEPPER: Moving to mstep: 7200 with speed [msteps/sec]: 1000 in StealthChop.\r\n'), 14:04:21
bytearray(b'STEPPER: Estimate 5: [msteps] 6780\r\nSTEPPER: buffer (5200,286;5204,330;5208,300;5213,326;5217,302;5221,328;5226,310;5230,338;5234,308;5239,336;5243,326;5247,310;5252,322;5256,320;5260,320;5265,304;5269,336;5274,306;5278,318;5282,304;5287,330;5291,320;5295,318;5300,330;5304,314;5308,326;5313,324;5317,330;5321,300;5326,326;5330,310;5334,322;5339,306;5343,312;5348,324;5352,308;5356,334;5361,318;5365,322;5369,306;5374,332;5378,316;5382,330;5387,300;5391,320;5395,332;5400,316;5404,328;5408,312;5413,338;5417,300;5422,326;5426,298;5430,324;5435,308;5439,312;5443,324;5448,308;5452,322;5456,306;5461,318;5465,306;5469,320;5474,304;5478,318;5483,300;5487,318;5491,330;5496,316;5500,328;5504,312;5509,324;5513,302;5517,326;5522,296;5526,324;5530,308;5535,320;5539,324;5543,308;5548,320;5552,306;5557,330;5561,322;5565,334;5570,306;5574,332;5578,302;5583,326;5587,330;5591,314;5596,326;5600,310;5604,322;5609,308;5613,326;5617,308;5622,322;5626,306;5631,330;5635,322;5639,320;5644,332;5648,316;5652,328;5657,312;5661,330;5665,314;5670,326;5674,308;5678,336;5683,306;5687,324;5691,336;5696,320;5700,334;5705,318;5709,322;5713,306;5718,332;5722,302;5726,328;5731,300;5735,304;5739,330;5744,314;5748,326;5752,310;5757,322;5761,298;5765,324;5770,310;5774,336;5779,304;5783,308;5787,336;5792,320;5796,332;5800,316;5805,328;5809,304;5813,316;5818,300;5822,326;5826,296;5831,336;5835,312;5839,310;5844,322;5848,306;5853,318;5857,308;5861,334;5866,304;5870,330;5874,314;5879,326;5883,330;5887,314;5892,340;5896,324;5900,336;5905,298;5909,324;5913,308;5918,334;5922,304;5927,332;5931,320;5935,318;5940,318;5944,316;5948,314;5953,312;5957,332;5961,314;5966,328;5970,310;5974,324;5979,322;5983,312;5988,338;5992,308;5996,332;6001,304;6005,322;6009,308;6014,320;6018,304;6022,330;6027,314;6031,318;6035,330;6040,316;6044,328;6048,312;6053,312;6057,314;6062,340;6066,310;6070,322;6075,320;6079,310;6083,322;6088,320;6092,334;6096,318;6101,330;6105,306;6109,318;6114,304;6118,328;6122,314;6127,326;6131,328;6136,314;6140,326;6144,310;6149,322;6153,314;6157,326;6162,310;6166,322;6170,306;6175,318;6179,324;6183,308;6188,334;6192,316;6196,330;6201,306;6205,332;6210,302;6214,328;6218,298;6223,326;6227,330;6231,314;6236,324;6240,310;6244,322;6249,306;6253,338;6257,308;6262,322;6266,304;6270,318;6275,302;6279,318;6284,330;6288,314;6292,326;6297,324;6301,328;6305,298;6310,324;6314,308;6318,322;6323,304;6327,308;6331,320;6336,320;6340,330;6344,316;6349,328;6353,320;6358,332;6362,314;6366,328;6371,312;6375,318;6379,330;6384,314;6388,326;6392,310;6397,322;6401,298;6405,312;6410,294;6414,308;6419,292;6423,296;6427,308;6432,306;6436,304;6440,288;6445,314;6449,290;6453,316;6458,286;6462,312;6466,284;6471,302;6475,312;6479,298;6484,310;6488,296;6493,308;6497,284;6501,310;6506,294;6510,306;6514,276;6519,302;6523,320;6527,306;6532,304;6536,302;6540,314;6545,292;6549,304;6554,288;6558,316;6562,298;6567,296;6571,316;6575,300;6580,312;6584,296;6588,308;6593,286;6597,298;6601,282;6606,308;6610,292;6614,306;6619,276;6623,308;6628,308;6632,290;6636,304;6641,302;6645,306;6649,290;6654,318;6658,286;6662,314;6667,286;6671,302;6675,316;6680,300;6684,312;6688,296;6693,302;6697,298;6702,310;6706,282;6710,308;6715,292;6719,298;6723,310;6728,292;6732,306;6736,276;6741,302;6745,278;6749,304;6754,274;6758,286;6762,284;6767,274;6771,300;6776,284;6780,296;6784,268;6789,292;6793,254;6797,268;6802,252;6806,278;6810,260;6815,252;6819,278;6823,262;6828,274;6832,230;6836,284;6841,260;6845,286;6850,256;6854,270;6858,252;6863,256;6867,282;6871,266;6876,292;6880,276;6884,274;6889,250;6893,276;6897,260;6902,272;6906,254;6911,280;6915,284;6919,268;6924,294;6928,264;6932,276;6937,252;6941,278;6945,262;6950,286;6954,256;6958,270;6963,288;6967,256;6971,284;6976,268;6980,280;6985,264;6989,268;6993,266;6998,292;7002,262;7006,288;7011,272;7015,248;7019,288;7024,258;7028,284;7032,268;7037,272;7041,256;7045,282;7050,252;7054,278;7059,248;7063,266;7067,292;7072,276;7076,288;7080,258;7085,264;7089,260;7093,274;7098,258;7102,270;7106,268;7111,258;7115,270;7120,240;7124,280;7128,278;7133,292;7137,268;7141,280;7146,250;7150,262;7154,246;7159,252;7163,278;7167,232;7172,288;7176,274;7180,284;7185,262;7189,288;7194,258;7198,284;) of size 460\r\nSTEPPER: Moving to mstep: 5200 with speed [msteps/sec]: 4000 in SpreadCycle.\r\n'), 14:04:23
bytearray(b'STEPPER: Moved 2000.00 msteps (ramp: 35%) in 699.756 ms -> average speed [msteps/sec]: 2858.14\r\nSTEPPER: Moving to mstep: 7200 with speed [msteps/sec]: 1000 in StealthChop.\r\n'), 14:04:24
bytearray(b'STEPPER: Estimate 6: [msteps] 6754\r\nSTEPPER: buffer (5200,288;5204,330;5208,298;5213,324;5217,300;5221,312;5226,310;5230,324;5234,306;5239,334;5243,324;5247,308;5252,320;5256,318;5260,316;5265,306;5269,334;5274,302;5278,330;5282,300;5287,326;5291,330;5295,328;5300,326;5304,324;5308,322;5313,320;5317,324;5321,294;5326,320;5330,306;5334,332;5339,316;5343,306;5348,318;5352,302;5356,314;5361,300;5365,332;5369,316;5374,328;5378,298;5382,324;5387,308;5391,312;5395,326;5400,310;5404,322;5408,306;5413,332;5417,308;5422,320;5426,304;5430,330;5435,300;5439,318;5443,332;5448,314;5452,328;5456,312;5461,324;5465,302;5469,328;5474,298;5478,324;5482,308;5487,336;5491,324;5496,324;5500,322;5504,322;5509,320;5513,296;5517,322;5522,308;5526,334;5530,318;5535,318;5539,322;5543,320;5548,332;5552,316;5556,328;5561,306;5565,332;5570,316;5574,330;5578,300;5583,326;5587,330;5591,316;5596,328;5600,312;5604,324;5609,324;5613,328;5617,298;5622,312;5626,310;5630,322;5635,320;5639,312;5644,324;5648,308;5652,320;5657,306;5661,338;5665,308;5670,320;5674,304;5678,330;5683,302;5687,320;5691,332;5696,316;5700,328;5705,326;5709,338;5713,298;5718,312;5722,296;5726,322;5731,306;5735,310;5739,322;5744,320;5748,320;5752,318;5757,330;5761,306;5765,320;5770,304;5774,330;5779,312;5783,318;5787,332;5792,314;5796,328;5800,312;5805,338;5809,300;5813,312;5818,296;5822,322;5826,306;5831,332;5835,322;5839,320;5844,320;5848,318;5853,330;5857,306;5861,318;5866,302;5870,328;5874,314;5879,340;5883,318;5887,314;5892,328;5896,326;5900,322;5905,300;5909,326;5914,310;5918,336;5922,306;5927,318;5931,322;5935,320;5940,332;5944,304;5948,316;5953,300;5957,330;5961,316;5966,328;5970,312;5974,324;5979,308;5983,314;5988,324;5992,310;5996,322;6001,306;6005,324;6009,308;6014,334;6018,304;6022,316;6027,302;6031,318;6035,330;6040,314;6044,326;6048,310;6053,322;6057,312;6062,338;6066,308;6070,334;6075,304;6079,310;6083,320;6088,320;6092,318;6096,316;6101,330;6105,304;6109,316;6114,300;6118,328;6122,298;6127,324;6131,328;6136,312;6140,324;6144,310;6149,322;6153,312;6157,324;6162,308;6166,334;6170,320;6175,334;6179,336;6183,306;6188,320;6192,318;6196,330;6201,306;6205,320;6210,302;6214,316;6218,314;6223,340;6227,318;6231,314;6236,328;6240,312;6244,326;6249,310;6253,328;6257,312;6262,338;6266,308;6270,322;6275,306;6279,324;6284,322;6288,308;6292,320;6297,318;6301,322;6305,292;6310,318;6314,302;6318,328;6323,312;6327,316;6331,328;6336,314;6340,326;6345,310;6349,320;6353,312;6358,324;6362,306;6366,318;6371,302;6375,320;6379,334;6384,304;6388,330;6392,314;6397,326;6401,288;6405,314;6410,284;6414,310;6419,294;6423,300;6427,312;6432,296;6436,308;6440,292;6445,304;6449,294;6453,320;6458,290;6462,316;6466,286;6471,312;6475,302;6479,286;6484,298;6488,296;6493,310;6497,286;6501,312;6506,282;6510,294;6514,278;6519,306;6523,308;6527,294;6532,306;6536,290;6540,302;6545,292;6549,304;6553,288;6558,300;6562,284;6567,310;6571,314;6575,296;6580,308;6584,292;6588,318;6593,302;6597,292;6601,290;6606,304;6610,286;6614,298;6619,282;6623,300;6627,312;6632,296;6636,308;6641,292;6645,310;6649,280;6654,306;6658,290;6662,316;6667,286;6671,290;6675,302;6680,286;6684,314;6688,298;6693,310;6697,300;6701,300;6706,284;6710,310;6715,294;6719,298;6723,298;6728,292;6732,306;6736,292;6741,304;6745,282;6749,292;6754,290;6758,290;6762,274;6767,264;6771,290;6776,274;6780,300;6784,270;6789,282;6793,258;6797,288;6802,256;6806,284;6810,252;6815,272;6819,284;6823,268;6828,280;6832,264;6836,290;6841,252;6845,278;6850,262;6854,274;6858,258;6863,234;6867,290;6871,276;6876,288;6880,272;6884,282;6889,246;6893,272;6897,240;6902,282;6906,266;6911,278;6915,268;6919,252;6924,278;6928,234;6932,288;6937,264;6941,276;6945,262;6950,274;6954,270;6958,284;6963,288;6967,272;6971,270;6976,240;6980,282;6985,266;6989,284;6993,268;6998,280;7002,264;7006,276;7011,262;7015,280;7019,292;7024,276;7028,288;7032,258;7037,264;7041,246;7045,274;7050,244;7054,284;7059,254;7063,230;7067,284;7072,268;7076,280;7080,278;7085,290;7089,254;7093,280;7098,264;7102,276;7106,260;7111,264;7115,290;7119,260;7124,288;7128,272;7133,282;7137,274;7141,272;7146,270;7150,282;7154,266;7159,278;7163,284;7167,254;7172,280;7176,250;7180,290;7185,252;7189,278;7193,262;7198,274;) of size 460\r\nSTEPPER: Moving to mstep: 5200 with speed [msteps/sec]: 4000 in SpreadCycle.\r\n'), 14:04:26
bytearray(b'STEPPER: Moved 2000.00 msteps (ramp: 35%) in 699.764 ms -> average speed [msteps/sec]: 2858.11\r\nSTEPPER: Moving to mstep: 7200 with speed [msteps/sec]: 1000 in StealthChop.\r\n'), 14:04:27
bytearray(b'STEPPER: Estimate 7: [msteps] 6789\r\nSTEPPER: buffer (5200,286;5204,316;5208,316;5213,326;5217,302;5221,328;5226,300;5230,326;5234,310;5239,322;5243,326;5247,310;5252,324;5256,308;5260,320;5265,304;5269,322;5274,306;5278,318;5282,304;5287,328;5291,334;5295,318;5300,330;5304,314;5308,326;5313,326;5317,328;5321,298;5326,326;5330,296;5334,322;5339,320;5343,310;5348,324;5352,308;5356,320;5361,318;5365,322;5369,306;5374,318;5378,302;5382,328;5387,314;5391,302;5395,330;5400,314;5404,340;5408,310;5413,336;5417,310;5422,322;5426,308;5430,334;5435,304;5439,308;5443,320;5448,306;5452,330;5456,302;5461,314;5465,302;5469,342;5474,312;5478,324;5482,308;5487,320;5491,326;5496,324;5500,322;5504,320;5509,332;5513,294;5517,320;5522,306;5526,318;5530,302;5535,330;5539,334;5543,316;5548,328;5552,314;5556,312;5561,312;5565,328;5570,300;5574,324;5578,308;5583,322;5587,342;5591,310;5596,338;5600,322;5604,334;5609,318;5613,322;5617,306;5622,318;5626,302;5631,328;5635,320;5639,316;5644,330;5648,314;5652,326;5657,310;5661,328;5665,298;5670,324;5674,308;5678,320;5683,318;5687,322;5691,334;5696,318;5700,316;5705,314;5709,320;5713,304;5718,318;5722,300;5726,326;5731,310;5735,316;5739,326;5744,310;5748,322;5752,308;5757,318;5761,308;5765,334;5770,304;5774,330;5779,300;5783,318;5787,332;5792,316;5796,328;5800,312;5805,324;5809,314;5813,326;5818,296;5822,324;5826,306;5831,334;5835,338;5839,320;5844,332;5848,316;5853,330;5857,306;5861,332;5866,316;5870,342;5874,312;5879,326;5883,330;5887,314;5892,326;5896,324;5900,336;5905,298;5909,322;5913,306;5918,332;5922,304;5927,330;5931,300;5935,304;5940,328;5944,314;5948,328;5953,312;5957,330;5961,314;5966,326;5970,310;5974,336;5979,306;5983,310;5987,322;5992,320;5996,332;6001,316;6005,328;6009,304;6014,332;6018,314;6022,326;6027,298;6031,316;6035,328;6040,312;6044,324;6048,308;6053,320;6057,310;6062,324;6066,306;6070,320;6075,304;6079,322;6083,334;6088,318;6092,330;6096,328;6101,326;6105,302;6109,328;6114,310;6118,324;6122,306;6127,318;6131,322;6136,320;6140,318;6144,316;6149,328;6153,304;6157,330;6162,314;6166,340;6170,310;6175,322;6179,326;6183,310;6188,322;6192,306;6197,332;6201,308;6205,320;6210,304;6214,330;6218,314;6223,340;6227,318;6231,314;6236,326;6240,310;6244,324;6249,308;6253,326;6257,310;6262,336;6266,306;6271,332;6275,324;6279,320;6284,320;6288,318;6292,316;6297,314;6301,318;6305,314;6310,328;6314,296;6318,324;6323,306;6327,326;6331,324;6336,322;6340,320;6345,318;6349,322;6353,320;6358,332;6362,316;6366,328;6371,312;6375,316;6379,328;6384,310;6388,324;6392,308;6397,320;6401,296;6405,322;6410,292;6414,318;6419,302;6423,292;6427,306;6432,302;6436,316;6440,300;6445,312;6449,288;6453,314;6458,284;6462,310;6466,296;6471,286;6475,312;6479,296;6484,308;6488,292;6493,304;6497,294;6501,308;6506,292;6510,304;6514,276;6519,300;6523,320;6527,304;6532,316;6536,300;6540,310;6545,288;6549,300;6554,284;6558,296;6562,280;6567,306;6571,312;6575,296;6580,308;6584,294;6588,306;6593,282;6597,294;6601,278;6606,304;6610,274;6614,300;6619,284;6623,302;6628,316;6632,298;6636,310;6641,296;6645,300;6649,284;6654,310;6658,294;6662,322;6667,290;6671,296;6675,308;6680,292;6684,318;6689,300;6693,306;6697,290;6702,302;6706,286;6710,300;6715,282;6719,302;6723,314;6728,300;6732,310;6736,282;6741,306;6745,296;6749,296;6754,280;6758,290;6763,276;6767,280;6771,292;6776,276;6780,302;6784,272;6789,298;6793,260;6797,288;6802,258;6806,270;6810,254;6815,260;6819,284;6823,270;6828,294;6832,266;6837,290;6841,254;6845,266;6850,250;6854,276;6858,260;6863,250;6867,290;6871,274;6876,286;6880,270;6884,284;6889,258;6893,272;6897,256;6902,280;6906,252;6911,278;6915,282;6919,266;6924,278;6928,248;6932,276;6937,272;6941,292;6945,262;6950,274;6954,258;6958,284;6963,276;6967,246;6971,286;6976,256;6980,282;6985,266;6989,270;6993,254;6998,268;7002,252;7006,264;7011,262;7015,268;7019,280;7024,252;7028,290;7032,276;7037,280;7041,264;7045,278;7050,262;7054,288;7059,258;7063,276;7067,274;7072,258;7076,284;7080,268;7085,280;7089,270;7093,284;7098,268;7102,280;7106,250;7111,268;7115,280;7119,264;7124,276;7128,232;7133,286;7137,262;7141,274;7146,260;7150,272;7154,256;7159,260;7163,286;7167,242;7172,282;7176,266;7180,278;7185,270;7189,282;7194,266;7198,278;) of size 460\r\nSTEPPER: Moving to mstep: 5200 with speed [msteps/sec]: 4000 in SpreadCycle.\r\n'), 14:04:29
bytearray(b'STEPPER: Moved 2000.00 msteps (ramp: 35%) in 699.764 ms -> average speed [msteps/sec]: 2858.11\r\nSTEPPER: Moving to mstep: 7200 with speed [msteps/sec]: 1000 in StealthChop.\r\n'), 14:04:30
bytearray(b'STEPPER: Estimate 8: [msteps] 6749\r\nSTEPPER: buffer (5200,292;5204,320;5208,318;5213,330;5217,306;5221,332;5226,302;5230,328;5234,300;5239,326;5243,330;5247,314;5252,326;5256,310;5260,322;5265,306;5269,324;5274,308;5278,322;5282,306;5287,332;5291,336;5295,320;5300,332;5304,316;5308,328;5313,312;5317,330;5321,312;5326,326;5330,310;5334,324;5339,322;5343,312;5348,324;5352,308;5356,320;5361,306;5365,324;5369,306;5374,320;5378,304;5382,330;5387,302;5391,318;5395,332;5400,316;5404,328;5409,314;5413,318;5417,302;5422,316;5426,300;5430,326;5435,312;5439,316;5443,314;5448,312;5452,326;5456,310;5461,336;5465,298;5469,324;5474,308;5478,322;5483,306;5487,324;5491,324;5496,320;5500,318;5504,318;5509,330;5513,292;5517,318;5522,302;5526,328;5530,312;5535,324;5539,330;5543,314;5548,326;5552,310;5557,324;5561,314;5565,326;5570,312;5574,324;5578,308;5583,320;5587,338;5591,308;5596,320;5600,318;5604,330;5609,300;5613,318;5617,302;5622,328;5626,298;5631,324;5635,308;5639,314;5644,324;5648,308;5652,320;5657,306;5661,338;5665,306;5670,332;5674,302;5678,330;5683,314;5687,318;5691,318;5696,314;5700,326;5705,324;5709,324;5713,298;5718,324;5722,308;5726,320;5731,304;5735,310;5739,322;5744,320;5748,318;5752,304;5757,316;5761,304;5765,332;5770,316;5774,328;5779,310;5783,316;5787,328;5792,312;5796,338;5800,310;5805,336;5809,298;5813,324;5818,294;5822,320;5826,304;5831,332;5835,322;5839,306;5844,318;5848,304;5853,330;5857,306;5861,332;5866,302;5870,330;5874,300;5879,324;5883,330;5887,316;5892,328;5896,314;5900,326;5905,324;5909,328;5914,298;5918,324;5922,296;5927,322;5931,308;5935,312;5940,324;5944,310;5948,320;5953,306;5957,324;5961,308;5966,320;5970,304;5974,318;5979,316;5983,320;5988,332;5992,318;5996,330;6001,314;6005,332;6009,302;6014,328;6018,298;6022,324;6027,308;6031,300;6035,324;6040,310;6044,322;6048,320;6053,332;6057,296;6062,334;6066,320;6070,332;6075,302;6079,320;6083,334;6088,318;6092,326;6096,314;6101,312;6105,316;6109,330;6114,300;6118,326;6123,296;6127,314;6131,328;6136,312;6140,322;6144,306;6149,320;6153,310;6157,322;6162,306;6166,318;6170,302;6175,316;6179,334;6183,316;6188,330;6192,314;6197,326;6201,302;6205,316;6210,312;6214,326;6218,296;6223,322;6227,326;6231,312;6236,324;6240,308;6244,334;6249,304;6253,336;6257,306;6262,332;6266,318;6271,330;6275,320;6279,320;6284,330;6288,316;6292,328;6297,312;6301,316;6305,300;6310,326;6314,296;6318,324;6323,294;6327,326;6331,324;6336,322;6340,322;6345,318;6349,330;6353,308;6358,320;6362,318;6366,332;6371,302;6375,320;6379,318;6384,304;6388,330;6392,300;6397,326;6401,302;6405,316;6410,300;6414,312;6419,282;6423,302;6427,314;6432,298;6436,310;6440,296;6445,308;6449,284;6453,312;6458,296;6462,308;6466,278;6471,298;6475,310;6479,294;6484,320;6488,304;6493,302;6497,292;6501,304;6506,276;6510,300;6514,286;6519,298;6523,316;6527,300;6532,312;6536,312;6540,324;6545,286;6549,298;6554,282;6558,308;6562,292;6567,304;6571,310;6575,264;6580,306;6584,304;6588,316;6593,300;6597,304;6601,290;6606,302;6610,286;6614,298;6619,282;6623,302;6628,314;6632,298;6636,310;6641,296;6645,300;6649,284;6654,310;6658,294;6662,322;6667,292;6671,296;6675,308;6680,292;6684,304;6688,290;6693,308;6697,292;6702,304;6706,288;6710,302;6715,284;6719,304;6723,316;6728,300;6732,312;6736,296;6741,310;6745,284;6749,298;6754,280;6758,294;6763,278;6767,254;6771,294;6776,278;6780,292;6784,274;6789,286;6793,248;6797,274;6802,258;6806,286;6810,256;6815,244;6819,286;6823,270;6828,282;6832,268;6837,278;6841,268;6845,282;6850,266;6854,292;6858,262;6863,250;6867,278;6871,276;6876,288;6880,258;6884,272;6889,276;6893,274;6897,258;6902,284;6906,254;6911,266;6915,284;6919,270;6924,294;6928,280;6932,292;6937,254;6941,266;6945,250;6950,264;6954,246;6958,274;6963,278;6967,234;6971,276;6976,274;6980,286;6985,270;6989,276;6993,246;6998,272;7002,242;7006,268;7011,274;7015,230;7019,286;7024,270;7028,282;7032,280;7037,284;7041,240;7046,282;7050,266;7054,292;7059,250;7063,254;7067,266;7072,264;7076,276;7080,260;7085,280;7089,264;7093,262;7098,248;7102,272;7106,258;7111,262;7115,288;7120,274;7124,286;7128,270;7133,268;7137,258;7141,284;7146,270;7150,268;7154,280;7159,270;7163,284;7167,266;7172,278;7176,234;7180,290;7185,266;7189,278;7194,262;7198,274;) of size 460\r\nSTEPPER: Moving to mstep: 5200 with speed [msteps/sec]: 4000 in SpreadCycle.\r\n'), 14:04:33
bytearray(b'STEPPER: Moved 2000.00 msteps (ramp: 35%) in 699.768 ms -> average speed [msteps/sec]: 2858.09\r\nSTEPPER: Moving to mstep: 7200 with speed [msteps/sec]: 1000 in StealthChop.\r\n'), 14:04:33
bytearray(b'STEPPER: Estimate 9: [msteps] 6741\r\nSTEPPER: buffer (5200,284;5204,320;5208,318;5213,330;5217,306;5221,318;5226,302;5230,328;5234,298;5239,326;5243,330;5247,314;5252,326;5256,310;5260,324;5265,298;5269,326;5274,294;5278,322;5282,304;5287,332;5291,320;5295,318;5300,330;5304,316;5308,328;5313,312;5317,330;5321,298;5326,326;5330,310;5334,322;5339,306;5343,310;5348,322;5352,306;5356,318;5361,316;5365,334;5369,304;5374,332;5378,302;5382,328;5387,298;5391,316;5395,328;5400,314;5404,326;5408,324;5413,336;5417,298;5422,324;5426,308;5430,334;5435,292;5439,322;5443,322;5448,318;5452,318;5456,314;5461,326;5465,302;5469,330;5474,300;5478,326;5482,296;5487,322;5491,326;5496,324;5500,322;5504,320;5509,334;5513,294;5517,322;5522,304;5526,332;5530,302;5535,328;5539,318;5543,316;5548,316;5552,314;5556,326;5561,310;5565,328;5570,312;5574,326;5578,308;5583,334;5587,324;5591,310;5596,322;5600,320;5604,332;5609,316;5613,322;5617,304;5622,332;5626,314;5630,328;5635,298;5639,316;5644,330;5648,312;5652,324;5657,310;5661,342;5665,298;5670,324;5674,308;5678,334;5683,304;5687,322;5691,334;5696,318;5700,330;5705,328;5709,326;5713,290;5718,330;5722,300;5726,326;5731,296;5735,314;5739,328;5744,312;5748,324;5752,310;5757,336;5761,312;5765,324;5770,308;5774,334;5779,304;5783,308;5787,320;5792,304;5796,330;5800,316;5805,342;5809,302;5813,328;5818,298;5822,326;5826,294;5831,336;5835,326;5839,310;5844,322;5848,320;5853,318;5857,308;5861,334;5866,304;5870,332;5874,316;5879,328;5883,318;5887,316;5892,328;5896,314;5900,326;5905,324;5909,328;5913,298;5918,324;5922,308;5927,334;5931,326;5935,310;5940,322;5944,306;5948,320;5953,304;5957,322;5961,306;5966,334;5970,318;5974,330;5979,312;5983,304;5987,330;5992,314;5996,326;6001,312;6005,314;6009,298;6014,324;6018,308;6022,334;6027,304;6031,308;6035,334;6040,318;6044,330;6048,314;6053,326;6057,302;6061,330;6066,300;6070,326;6075,296;6079,314;6083,326;6088,310;6092,322;6096,320;6101,318;6105,308;6109,322;6114,290;6118,330;6122,300;6127,326;6131,318;6135,316;6140,326;6144,312;6149,324;6153,314;6157,328;6162,324;6166,322;6170,308;6175,334;6179,324;6183,308;6188,320;6192,304;6196,330;6201,314;6205,332;6210,316;6214,316;6218,300;6223,326;6227,330;6231,314;6236,326;6240,312;6244,324;6249,308;6253,326;6257,310;6262,336;6266,292;6270,332;6275,302;6279,322;6284,320;6288,318;6292,330;6297,314;6301,318;6305,302;6310,328;6314,300;6318,326;6323,296;6327,314;6331,326;6336,310;6340,322;6345,322;6349,334;6353,306;6358,322;6362,306;6366,334;6371,316;6375,306;6379,334;6384,316;6388,330;6392,314;6397,326;6401,288;6405,312;6410,282;6414,310;6419,292;6423,298;6427,310;6432,308;6436,320;6440,304;6445,316;6449,292;6453,318;6458,288;6462,314;6466,284;6471,310;6475,314;6479,312;6484,312;6488,296;6493,308;6497,284;6501,310;6506,280;6510,306;6514,276;6519,302;6523,308;6527,306;6532,318;6536,300;6540,314;6545,288;6549,302;6553,284;6558,312;6562,280;6567,306;6571,310;6575,296;6580,308;6584,292;6588,318;6593,302;6597,306;6601,276;6606,302;6610,286;6614,300;6619,282;6623,302;6627,314;6632,298;6636,310;6641,308;6645,312;6649,282;6654,310;6658,278;6662,306;6667,276;6671,294;6675,308;6680,292;6684,316;6688,302;6693,314;6697,276;6701,302;6706,286;6710,312;6715,282;6719,316;6723,314;6728,298;6732,310;6736,310;6741,310;6745,270;6749,296;6754,278;6758,292;6762,262;6767,280;6771,292;6776,264;6780,290;6784,274;6789,300;6793,248;6797,274;6802,244;6806,272;6810,240;6815,274;6819,286;6823,256;6828,296;6832,266;6836,292;6841,240;6845,280;6850,250;6854,278;6858,246;6863,274;6867,292;6871,262;6876,288;6880,272;6884,284;6889,246;6893,274;6897,258;6902,270;6906,254;6911,278;6915,284;6919,256;6924,282;6928,280;6932,278;6937,276;6941,280;6945,250;6950,276;6954,246;6958,272;6963,290;6967,260;6971,286;6976,270;6980,282;6985,252;6989,272;6993,240;6998,266;7002,236;7006,276;7011,246;7015,250;7019,290;7024,274;7028,286;7032,256;7037,288;7041,258;7045,286;7050,254;7054,280;7059,264;7063,268;7067,280;7072,278;7076,276;7080,260;7085,286;7089,234;7093,288;7098,272;7102,284;7106,268;7111,230;7115,284;7119,282;7124,278;7128,264;7133,290;7137,252;7141,278;7146,248;7150,274;7154,244;7159,264;7163,288;7167,258;7172,284;7176,268;7180,280;7185,242;7189,282;7193,252;7198,278;) of size 460\r\nSTEPPER: Moving to mstep: 5200 with speed [msteps/sec]: 4000 in SpreadCycle.\r\n'), 14:04:36
bytearray(b'STEPPER: Moved 2000.00 msteps (ramp: 35%) in 699.764 ms -> average speed [msteps/sec]: 2858.11\r\nSTEPPER: Moving to mstep: 7200 with speed [msteps/sec]: 1000 in StealthChop.\r\n'), 14:04:37
bytearray(b'STEPPER: Estimate 10: [msteps] 6749\r\nSTEPPER: buffer (5200,286;5204,320;5208,318;5213,330;5217,306;5221,318;5226,316;5230,328;5234,298;5239,338;5243,314;5247,312;5252,326;5256,310;5260,336;5265,298;5269,324;5274,308;5278,334;5282,306;5287,318;5291,322;5295,320;5300,320;5304,318;5308,330;5313,314;5317,318;5321,300;5326,328;5330,312;5334,324;5339,308;5343,312;5348,324;5352,308;5356,322;5361,304;5365,324;5369,308;5374,320;5378,304;5382,318;5387,302;5391,320;5395,332;5400,316;5404,328;5408,312;5413,326;5417,314;5422,314;5426,298;5430,336;5435,308;5439,312;5443,324;5448,324;5452,322;5456,306;5461,318;5465,308;5469,334;5474,304;5478,330;5482,300;5487,326;5491,332;5496,316;5500,326;5504,312;5509,324;5513,314;5517,326;5522,296;5526,336;5530,306;5535,332;5539,322;5543,320;5548,334;5552,316;5556,330;5561,306;5565,332;5570,302;5574,328;5578,312;5583,326;5587,330;5591,314;5596,328;5600,312;5604,324;5609,308;5613,326;5617,298;5622,324;5626,308;5631,322;5635,326;5639,310;5644,322;5648,306;5652,320;5657,318;5661,322;5665,306;5670,334;5674,302;5678,330;5683,314;5687,320;5691,332;5696,316;5700,328;5705,326;5709,316;5713,314;5718,340;5722,310;5726,338;5731,306;5735,298;5739,324;5744,322;5748,336;5752,320;5757,320;5761,308;5765,334;5770,318;5774,316;5779,300;5783,306;5787,332;5792,316;5796,344;5800,312;5805,326;5809,302;5813,328;5818,312;5822,310;5826,294;5831,320;5835,326;5839,324;5844,322;5848,306;5853,318;5857,308;5861,322;5866,320;5870,332;5874,316;5879,328;5883,334;5887,318;5892,316;5896,314;5900,328;5905,326;5909,316;5913,300;5918,326;5922,310;5927,338;5931,314;5935,326;5940,324;5944,308;5948,320;5953,318;5957,336;5961,306;5966,318;5970,302;5974,328;5979,312;5983,318;5987,330;5992,314;5996,326;6001,324;6005,316;6009,314;6014,326;6018,310;6022,322;6027,292;6031,312;6035,324;6040,322;6044,334;6048,318;6053,330;6057,306;6061,334;6066,302;6070,330;6075,314;6079,326;6083,330;6088,328;6092,326;6096,326;6101,324;6105,314;6109,326;6114,296;6118,324;6122,308;6127,320;6131,324;6136,310;6140,336;6144,306;6149,318;6153,308;6157,334;6162,304;6166,318;6170,314;6175,342;6179,318;6183,316;6188,328;6192,312;6196,326;6201,300;6205,314;6210,312;6214,322;6218,308;6223,320;6227,326;6231,310;6236,322;6240,306;6244,318;6249,316;6253,336;6257,292;6262,332;6266,316;6271,328;6275,298;6279,316;6284,330;6288,314;6292,326;6297,298;6301,314;6305,298;6310,324;6314,308;6318,336;6323,306;6327,310;6331,322;6336,320;6340,332;6345,316;6349,320;6353,318;6358,330;6362,314;6366,326;6371,310;6375,314;6379,328;6384,312;6388,324;6392,320;6397,320;6401,310;6405,322;6410,294;6414,318;6419,288;6423,306;6427,320;6432,304;6436,316;6440,300;6445,312;6449,288;6453,314;6458,298;6462,312;6466,294;6471,308;6475,312;6479,282;6484,294;6488,292;6493,304;6497,296;6501,308;6506,290;6510,304;6514,286;6519,298;6523,304;6527,288;6532,314;6536,298;6540,310;6545,286;6549,312;6553,296;6558,310;6562,294;6567,306;6571,310;6575,292;6580,306;6584,304;6588,316;6593,300;6597,318;6601,288;6606,300;6610,282;6614,296;6619,294;6623,284;6627,310;6632,296;6636,308;6641,292;6645,310;6649,292;6654,320;6658,290;6662,316;6667,286;6671,292;6675,304;6680,302;6684,314;6688,298;6693,302;6697,286;6702,298;6706,282;6710,308;6715,280;6719,298;6723,310;6728,308;6732,320;6736,306;6741,302;6745,278;6749,306;6754,274;6758,286;6763,284;6767,260;6771,288;6776,286;6780,284;6784,266;6789,280;6793,270;6797,282;6802,266;6806,278;6810,262;6815,268;6819,294;6823,264;6828,290;6832,274;6837,286;6841,248;6845,274;6850,258;6854,272;6858,256;6863,282;6867,272;6871,228;6876,284;6880,282;6884,294;6889,256;6893,282;6897,266;6902,280;6906,276;6911,276;6915,294;6919,264;6924,276;6928,246;6932,272;6937,264;6941,276;6945,260;6950,272;6954,256;6958,282;6963,272;6967,256;6971,282;6976,266;6980,278;6985,234;6989,280;6993,264;6998,278;7002,246;7006,274;7011,256;7015,260;7019,288;7024,270;7028,284;7032,226;7037,284;7041,256;7045,282;7050,252;7054,278;7059,262;7063,280;7067,278;7072,260;7076,274;7080,242;7085,282;7089,272;7093,286;7098,270;7102,282;7106,266;7111,284;7115,282;7119,266;7124,278;7128,234;7133,288;7137,264;7141,276;7146,262;7150,272;7154,256;7159,248;7163,288;7167,270;7172,270;7176,226;7180,280;7185,268;7189,282;7194,252;7198,264;) of size 460\r\nSTEPPER: Final estimate: [mstep] 6760\r\nFound dispense position: [\xc2\xb5m] 33780\r\nreturn;find;6756\r\n\xef\xbf\xbdreceived from UR: find -> find (0,1)\r\nSTEPPER: Moving to mstep: 5200 with speed [msteps/sec]: 4000 in SpreadCycle.\r\n'), 14:04:39
bytearray(b'STEPPER: Moved 2000.00 msteps (ramp: 35%) in 699.756 ms -> average speed [msteps/sec]: 2858.14\r\nSTEPPER: Moving to mstep: 7200 with speed [msteps/sec]: 1000 in StealthChop.\r\n'), 14:04:40
bytearray(b'STEPPER: Estimate 1: [msteps] 6780\r\nSTEPPER: buffer (5200,286;5204,332;5208,318;5213,330;5217,306;5221,318;5226,302;5230,330;5234,298;5239,326;5243,330;5247,314;5252,326;5256,310;5260,324;5265,300;5269,326;5274,308;5278,324;5282,294;5287,322;5291,326;5295,322;5300,322;5304,320;5308,332;5313,316;5317,320;5321,292;5326,332;5330,302;5334,328;5339,312;5343,318;5348,316;5352,314;5356,328;5361,310;5365,316;5369,314;5374,326;5378,296;5382,322;5387,306;5391,312;5395,324;5400,322;5404,334;5408,318;5413,330;5417,306;5422,332;5426,302;5430,328;5435,298;5439,316;5443,330;5448,328;5452,326;5456,310;5461,324;5465,298;5469,324;5474,310;5478,336;5482,320;5487,318;5491,322;5496,322;5500,334;5504,318;5509,318;5513,306;5517,320;5522,318;5526,330;5530,316;5535,328;5539,318;5543,316;5548,328;5552,312;5556,324;5561,304;5565,328;5570,312;5574,338;5578,310;5583,322;5587,326;5591,324;5596,338;5600,308;5604,334;5609,318;5613,324;5617,308;5622,336;5626,318;5630,332;5635,302;5639,306;5644,320;5648,304;5652,316;5657,302;5661,334;5665,318;5670,330;5674,314;5678,326;5683,310;5687,316;5691,328;5696,312;5700,324;5704,308;5709,322;5713,312;5718,324;5722,308;5726,320;5731,304;5735,308;5739,322;5744,306;5748,318;5752,302;5757,328;5761,318;5765,330;5770,314;5774,326;5779,310;5783,314;5787,326;5792,310;5796,324;5800,306;5805,334;5809,310;5813,336;5818,306;5822,320;5826,302;5831,328;5835,334;5839,304;5844,316;5848,300;5853,326;5857,316;5861,342;5866,314;5870,326;5874,310;5879,322;5883,326;5887,324;5892,322;5896,320;5900,332;5905,294;5909,322;5913,304;5918,332;5922,302;5927,328;5931,298;5935,316;5940,316;5944,314;5948,326;5953,310;5957,330;5961,314;5966,326;5970,310;5974,322;5979,308;5983,324;5987,324;5992,308;5996,320;6001,304;6005,322;6009,306;6014,334;6018,318;6022,316;6027,300;6031,320;6035,332;6040,316;6044,328;6048,314;6053,328;6057,304;6061,330;6066,314;6070,326;6075,310;6079,316;6083,328;6088,312;6092,324;6096,308;6101,320;6105,312;6109,324;6114,294;6118,320;6122,304;6127,332;6131,324;6135,320;6140,334;6144,304;6149,316;6153,306;6157,332;6162,316;6166,330;6170,312;6175,326;6179,330;6183,314;6188,328;6192,310;6196,324;6201,300;6205,314;6210,312;6214,324;6218,294;6223,320;6227,324;6231,310;6236,322;6240,306;6244,318;6249,302;6253,336;6257,316;6262,330;6266,302;6270,328;6275,314;6279,316;6284,316;6288,314;6292,326;6297,310;6301,330;6305,314;6310,326;6314,296;6318,324;6323,308;6327,312;6331,324;6336,308;6340,320;6345,306;6349,318;6353,320;6358,320;6362,304;6366,332;6371,316;6375,306;6379,318;6384,302;6388,328;6392,314;6397,326;6401,302;6405,314;6410,298;6414,324;6419,296;6423,298;6427,310;6432,294;6436,308;6440,306;6445,304;6449,282;6453,308;6458,292;6462,304;6466,290;6471,294;6475,306;6479,290;6484,304;6488,288;6493,314;6497,290;6501,302;6506,286;6510,298;6514,282;6519,310;6523,314;6527,312;6532,312;6536,294;6540,308;6545,296;6549,310;6553,278;6558,306;6562,290;6567,304;6571,308;6575,306;6580,318;6584,288;6588,314;6593,298;6597,302;6601,272;6606,300;6610,282;6614,310;6619,280;6623,298;6627,312;6632,294;6636,308;6641,304;6645,310;6649,278;6654,318;6658,288;6662,314;6667,284;6671,302;6675,316;6680,300;6684,312;6688,296;6693,300;6697,284;6701,310;6706,282;6710,306;6715,278;6719,310;6723,310;6728,294;6732,320;6736,304;6741,316;6745,278;6749,292;6754,276;6758,288;6762,286;6767,276;6771,302;6776,286;6780,298;6784,268;6789,296;6793,244;6797,284;6802,254;6806,280;6810,236;6815,270;6819,282;6823,252;6828,280;6832,262;6836,290;6841,252;6845,278;6850,248;6854,274;6858,258;6863,272;6867,290;6871,276;6876,286;6880,256;6884,282;6889,246;6893,272;6897,256;6902,282;6906,266;6911,280;6915,284;6919,282;6924,280;6928,264;6932,292;6937,238;6941,280;6945,264;6950,276;6954,274;6958,286;6963,276;6967,274;6971,286;6976,256;6980,284;6985,254;6989,272;6993,242;6998,270;7002,240;7006,266;7011,250;7015,254;7019,294;7024,278;7028,288;7032,260;7037,278;7041,248;7045,274;7050,244;7054,272;7059,254;7063,260;7067,286;7072,270;7076,284;7080,252;7085,280;7089,256;7093,268;7098,238;7102,280;7106,264;7111,268;7115,280;7119,236;7124,292;7128,276;7133,288;7137,264;7141,262;7146,274;7150,286;7154,272;7159,232;7163,288;7167,272;7172,284;7176,254;7180,280;7185,242;7189,282;7193,252;7198,280;) of size 460\r\nSTEPPER: Moving to mstep: 5200 with speed [msteps/sec]: 4000 in SpreadCycle.\r\n'), 14:04:42
bytearray(b'STEPPER: Moved 2000.00 msteps (ramp: 35%) in 699.764 ms -> average speed [msteps/sec]: 2858.11\r\nSTEPPER: Moving to mstep: 7200 with speed [msteps/sec]: 1000 in StealthChop.\r\n'), 14:04:43
bytearray(b'STEPPER: Estimate 2: [msteps] 6780\r\nSTEPPER: buffer (5200,288;5204,320;5208,320;5213,318;5217,308;5221,334;5226,304;5230,332;5234,302;5239,328;5243,332;5247,316;5252,314;5256,312;5260,326;5265,302;5269,328;5274,312;5278,324;5282,294;5287,320;5291,326;5295,324;5300,322;5304,320;5308,332;5313,318;5317,336;5321,306;5326,318;5330,302;5334,330;5339,314;5343,304;5348,330;5352,314;5356,328;5361,312;5365,330;5369,314;5374,326;5378,310;5382,322;5387,306;5391,312;5395,336;5400,308;5404,332;5408,318;5413,330;5417,306;5422,318;5426,302;5430,328;5435,312;5439,316;5443,330;5448,314;5452,326;5456,310;5461,322;5465,312;5469,338;5474,308;5478,320;5482,304;5487,330;5491,334;5496,318;5500,330;5504,316;5509,328;5513,304;5517,330;5522,314;5526,328;5530,312;5535,324;5539,314;5543,312;5548,324;5552,308;5556,320;5561,310;5565,324;5570,306;5574,332;5578,318;5583,330;5587,334;5591,304;5596,330;5600,314;5604,328;5609,324;5613,316;5617,300;5622,326;5626,296;5631,322;5635,306;5639,312;5644,324;5648,308;5652,320;5657,318;5661,336;5665,306;5670,332;5674,302;5678,328;5683,298;5687,316;5691,314;5696,314;5700,324;5705,322;5709,326;5713,296;5718,324;5722,292;5726,334;5731,302;5735,322;5739,320;5744,318;5748,330;5752,314;5757,312;5761,316;5765,328;5770,312;5774,324;5779,308;5783,298;5787,324;5792,308;5796,334;5800,318;5805,330;5809,306;5813,332;5818,302;5822,328;5826,312;5831,338;5835,328;5839,312;5844,324;5848,308;5853,320;5857,310;5861,322;5866,306;5870,332;5874,302;5879,328;5883,318;5887,316;5892,316;5896,314;5900,326;5905,310;5909,328;5913,298;5918,324;5922,294;5927,320;5931,324;5935,322;5940,334;5944,318;5948,330;5953,314;5957,332;5961,316;5966,328;5970,300;5974,326;5979,308;5983,314;5987,326;5992,308;5996,336;6001,320;6005,324;6009,306;6014,320;6018,290;6022,330;6027,314;6031,318;6035,316;6040,314;6044,326;6048,310;6053,322;6057,300;6062,326;6066,310;6070,322;6075,306;6079,310;6083,322;6088,320;6092,318;6096,316;6101,330;6105,304;6109,318;6114,302;6118,330;6122,298;6127,324;6131,328;6136,312;6140,324;6144,322;6149,322;6153,312;6157,322;6162,308;6166,334;6170,304;6175,328;6179,334;6183,318;6188,344;6192,316;6197,328;6201,304;6205,314;6210,300;6214,326;6218,296;6223,322;6227,326;6231,310;6236,322;6240,308;6244,320;6249,304;6253,336;6257,306;6262,332;6266,302;6271,328;6275,312;6279,316;6284,328;6288,312;6292,324;6297,322;6301,328;6305,298;6310,324;6314,308;6318,334;6323,304;6327,322;6331,322;6336,306;6340,318;6345,316;6349,322;6353,318;6358,332;6362,302;6366,328;6371,312;6375,316;6379,330;6384,314;6388,324;6392,310;6397,322;6401,298;6405,312;6410,296;6414,308;6419,292;6423,296;6427,308;6432,294;6436,318;6440,304;6445,316;6449,290;6453,318;6458,288;6462,302;6466,284;6471,310;6475,302;6479,300;6484,314;6488,298;6493,310;6497,286;6501,300;6506,282;6510,310;6514,280;6519,306;6523,310;6527,296;6532,308;6536,306;6540,318;6545,294;6549,308;6553,292;6558,304;6562,302;6567,314;6571,304;6575,288;6580,302;6584,284;6588,298;6593,296;6597,300;6601,284;6606,296;6610,282;6614,294;6619,278;6623,310;6627,308;6632,294;6636,304;6641,302;6645,306;6649,276;6654,302;6658,288;6662,314;6667,300;6671,290;6675,316;6680,300;6684,312;6688,296;6693,300;6697,284;6702,296;6706,282;6710,306;6715,290;6719,296;6723,322;6728,306;6732,318;6736,302;6741,314;6745,276;6749,288;6754,286;6758,286;6763,268;6767,274;6771,300;6776,284;6780,296;6784,266;6789,292;6793,268;6797,294;6802,264;6806,290;6810,274;6815,250;6819,292;6823,276;6828,288;6832,272;6837,284;6841,260;6845,288;6850,258;6854,284;6858,254;6863,258;6867,270;6871,254;6876,280;6880,264;6884,278;6889,268;6893,294;6897,264;6902,290;6906,274;6911,286;6915,276;6919,260;6924,272;6928,256;6932,284;6937,258;6941,286;6945,256;6950,268;6954,280;6958,292;6963,282;6967,268;6971,280;6976,234;6980,276;6985,274;6989,278;6993,248;6998,274;7002,272;7006,284;7011,256;7015,272;7019,286;7024,254;7028,282;7032,264;7037,270;7041,252;7045,280;7050,248;7054,276;7059,246;7063,264;7067,276;7072,232;7076,288;7080,272;7085,284;7089,246;7093,272;7098,256;7102,270;7106,254;7111,258;7115,272;7119,256;7124,280;7128,252;7133,278;7137,270;7141,268;7146,266;7150,292;7154,262;7159,268;7163,280;7167,222;7172,276;7176,274;7180,286;7185,248;7189,276;7194,246;7198,272;) of size 460\r\nSTEPPER: Moving to mstep: 5200 with speed [msteps/sec]: 4000 in SpreadCycle.\r\n'), 14:04:46
bytearray(b'STEPPER: Moved 2000.00 msteps (ramp: 35%) in 699.764 ms -> average speed [msteps/sec]: 2858.11\r\nSTEPPER: Moving to mstep: 7200 with speed [msteps/sec]: 1000 in StealthChop.\r\n'), 14:04:46
bytearray(b'STEPPER: Estimate 3: [msteps] 6741\r\nSTEPPER: buffer (5200,292;5204,316;5208,300;5213,326;5217,302;5221,316;5226,300;5230,326;5234,308;5239,322;5243,326;5247,310;5252,322;5256,306;5260,318;5265,316;5269,334;5274,318;5278,318;5282,302;5287,314;5291,320;5295,318;5300,330;5304,314;5308,326;5313,324;5317,328;5321,298;5326,324;5330,308;5334,322;5339,320;5343,310;5348,322;5352,306;5356,318;5361,318;5365,336;5369,320;5374,318;5378,304;5382,330;5387,314;5391,318;5395,332;5400,316;5404,344;5408,312;5413,326;5417,302;5422,328;5426,312;5430,326;5435,296;5439,314;5443,328;5448,312;5452,324;5456,308;5461,320;5465,298;5469,336;5474,306;5478,334;5483,304;5487,322;5491,334;5496,318;5500,330;5504,314;5509,326;5513,302;5517,316;5522,300;5526,326;5530,310;5535,324;5539,328;5543,312;5548,326;5552,310;5557,322;5561,312;5565,324;5570,310;5574,322;5578,306;5583,334;5587,324;5591,308;5596,334;5600,318;5604,332;5609,294;5613,320;5617,304;5622,318;5626,300;5631,326;5635,298;5639,316;5644,328;5648,312;5652,324;5657,308;5661,342;5665,300;5670,324;5674,308;5678,336;5683,320;5687,310;5691,324;5696,322;5700,336;5705,318;5709,324;5713,294;5718,320;5722,304;5726,332;5731,302;5735,322;5739,332;5744,318;5748,316;5752,314;5757,326;5761,304;5765,330;5770,300;5774,326;5779,310;5783,314;5787,328;5792,312;5796,326;5800,310;5805,336;5809,298;5813,326;5818,296;5822,336;5826,306;5831,334;5835,324;5839,310;5844,322;5848,320;5853,332;5857,310;5861,322;5866,306;5870,332;5874,318;5879,330;5883,334;5887,318;5892,332;5896,316;5900,328;5905,312;5909,330;5914,300;5918,328;5922,298;5927,324;5931,328;5935,312;5940,324;5944,322;5948,322;5953,320;5957,324;5961,308;5966,334;5970,318;5974,332;5979,316;5983,306;5988,332;5992,316;5996,330;6001,314;6005,318;6009,304;6014,328;6018,312;6022,326;6027,296;6031,314;6035,326;6040,310;6044,322;6048,306;6053,320;6057,308;6062,336;6066,306;6070,332;6075,302;6079,306;6083,320;6088,318;6092,330;6096,328;6101,326;6105,304;6109,316;6114,300;6118,326;6122,310;6127,314;6131,326;6136,312;6140,324;6144,308;6149,320;6153,324;6157,336;6162,320;6166,320;6170,304;6175,330;6179,334;6183,318;6188,330;6192,316;6196,328;6201,304;6205,318;6210,302;6214,328;6218,298;6223,324;6227,328;6231,312;6236,324;6240,310;6244,320;6249,306;6253,324;6257,308;6262,334;6266,306;6270,330;6275,300;6279,306;6284,318;6288,316;6292,328;6297,314;6301,318;6305,302;6310,314;6314,298;6318,324;6323,294;6327,326;6331,324;6336,308;6340,322;6345,318;6349,316;6353,322;6358,334;6362,318;6366,330;6371,314;6375,320;6379,332;6384,314;6388,328;6392,300;6397,338;6401,288;6405,314;6410,296;6414,310;6419,308;6423,284;6427,312;6432,294;6436,320;6440,306;6445,318;6449,280;6453,306;6458,290;6462,304;6466,288;6471,300;6475,318;6479,302;6484,316;6488,300;6493,312;6497,274;6501,302;6506,284;6510,312;6514,296;6519,308;6523,298;6527,296;6532,310;6536,292;6540,306;6545,296;6549,308;6553,292;6558,306;6562,288;6567,300;6571,306;6575,290;6580,316;6584,300;6588,312;6593,284;6597,302;6601,286;6606,312;6610,282;6614,308;6619,278;6623,298;6628,324;6632,308;6636,306;6641,290;6645,310;6649,292;6654,306;6658,290;6662,302;6667,286;6671,290;6675,304;6680,286;6684,314;6688,300;6693,304;6697,288;6702,300;6706,286;6710,312;6715,282;6719,288;6723,314;6728,298;6732,310;6736,294;6741,306;6745,282;6749,294;6754,278;6758,292;6762,276;6767,250;6771,292;6776,276;6780,290;6784,274;6789,300;6793,262;6797,274;6802,244;6806,270;6810,254;6815,258;6819,272;6823,242;6828,282;6832,282;6836,294;6841,256;6845,282;6850,266;6854,278;6858,262;6863,276;6867,280;6871,264;6876,276;6880,260;6884,288;6889,262;6893,274;6897,260;6902,272;6906,256;6910,268;6915,288;6919,272;6924,284;6928,270;6932,282;6937,236;6941,284;6945,256;6950,282;6954,264;6958,278;6963,282;6967,266;6971,278;6976,234;6980,288;6985,274;6989,278;6993,262;6998,274;7002,244;7006,270;7011,270;7015,274;7019,286;7024,270;7028,282;7032,238;7037,286;7041,256;7045,282;7050,252;7054,250;7059,264;7063,268;7067,268;7072,236;7076,280;7080,276;7085,268;7089,266;7093,278;7098,248;7102,260;7106,246;7111,262;7115,290;7120,274;7124,286;7128,270;7133,282;7137,246;7141,270;7146,256;7150,270;7154,266;7159,242;7163,268;7167,252;7172,264;7176,234;7180,290;7185,266;7189,278;7194,262;7198,274;) of size 460\r\nSTEPPER: Moving to mstep: 5200 with speed [msteps/sec]: 4000 in SpreadCycle.\r\n'), 14:04:49
bytearray(b'STEPPER: Moved 2000.00 msteps (ramp: 35%) in 699.764 ms -> average speed [msteps/sec]: 2858.11\r\nSTEPPER: Moving to mstep: 7200 with speed [msteps/sec]: 1000 in StealthChop.\r\n'), 14:04:50
bytearray(b'STEPPER: Estimate 4: [msteps] 6758\r\nSTEPPER: buffer (5200,278;5204,326;5208,312;5213,324;5217,300;5221,326;5226,310;5230,338;5234,308;5239,334;5243,324;5247,308;5252,320;5256,306;5260,318;5265,308;5269,336;5274,306;5278,318;5282,302;5287,330;5291,336;5295,320;5300,318;5304,316;5308,330;5313,316;5317,320;5321,318;5326,330;5330,314;5334,328;5339,312;5343,316;5348,328;5352,314;5356,324;5361,310;5365,314;5369,300;5374,326;5378,310;5382,322;5387,306;5391,312;5395,338;5400,322;5404,334;5408,318;5413,328;5417,308;5422,334;5426,304;5430,330;5435,300;5439,320;5443,318;5448,316;5452,330;5456,312;5461,326;5465,316;5469,328;5474,312;5478,326;5482,310;5487,336;5491,326;5496,326;5500,324;5504,308;5509,320;5513,310;5517,322;5522,306;5526,320;5530,304;5535,330;5539,320;5543,304;5548,318;5552,314;5556,328;5561,304;5565,316;5570,300;5574,326;5578,298;5583,326;5587,328;5591,314;5596,340;5600,310;5604,322;5609,320;5613,324;5617,308;5622,336;5626,306;5630,318;5635,302;5639,306;5644,320;5648,318;5652,330;5657,314;5661,334;5665,304;5670,330;5674,314;5678,326;5683,310;5687,316;5691,314;5696,326;5700,338;5705,322;5709,334;5713,296;5718,324;5722,308;5726,334;5731,304;5735,308;5739,322;5744,306;5748,332;5752,316;5757,328;5761,304;5765,332;5770,316;5774,328;5779,312;5783,304;5787,328;5792,314;5796,326;5800,310;5805,336;5809,312;5813,326;5818,296;5822,322;5826,306;5831,334;5835,324;5839,308;5844,322;5848,318;5853,318;5857,308;5861,334;5866,304;5870,332;5874,302;5879,330;5883,332;5887,316;5892,328;5896,314;5900,340;5905,302;5909,328;5913,298;5918,326;5922,296;5927,322;5931,326;5935,312;5940,324;5944,308;5948,320;5953,306;5957,324;5961,308;5966,322;5970,304;5974,330;5979,314;5983,306;5988,332;5992,316;5996,342;6001,312;6005,318;6009,302;6014,328;6018,298;6022,324;6027,308;6031,314;6035,324;6040,310;6044,322;6048,306;6053,332;6057,308;6062,334;6066,304;6070,330;6075,300;6079,318;6083,330;6088,316;6092,328;6096,326;6101,324;6105,300;6109,326;6114,310;6118,336;6122,306;6127,332;6131,322;6136,320;6140,318;6144,316;6149,328;6153,304;6157,332;6162,316;6166,344;6170,312;6175,324;6179,328;6183,314;6188,338;6192,322;6196,322;6201,320;6205,324;6210,308;6214,320;6218,304;6223,316;6227,336;6231,320;6236,332;6240,316;6244,328;6249,312;6253,330;6257,314;6262,328;6266,310;6270,324;6275,308;6279,312;6284,324;6288,308;6292,320;6297,318;6301,322;6305,294;6310,318;6314,302;6318,328;6323,300;6327,318;6331,330;6336,316;6340,328;6344,312;6349,324;6353,314;6358,326;6362,310;6366,322;6371,306;6375,310;6379,336;6384,308;6388,332;6392,316;6397,316;6401,306;6405,318;6410,288;6414,314;6419,298;6423,302;6427,316;6432,298;6436,310;6440,296;6445,308;6449,298;6453,312;6458,294;6462,322;6466,292;6471,318;6475,308;6479,292;6484,304;6488,290;6493,316;6497,292;6501,304;6506,288;6510,300;6514,284;6519,310;6523,316;6527,300;6532,312;6536,294;6540,308;6545,284;6549,310;6553,294;6558,306;6562,290;6567,316;6571,308;6575,292;6580,304;6584,288;6588,314;6593,298;6597,304;6601,286;6606,300;6610,284;6614,296;6619,280;6623,298;6627,326;6632,296;6636,308;6641,292;6645,310;6649,294;6654,306;6658,276;6662,304;6667,286;6671,292;6675,304;6680,288;6684,300;6688,298;6693,310;6697,286;6701,298;6706,282;6710,294;6715,280;6719,312;6723,324;6728,308;6732,308;6736,290;6741,316;6745,292;6749,304;6754,288;6758,300;6762,284;6767,258;6771,286;6776,284;6780,296;6784,266;6789,278;6793,268;6797,294;6802,264;6806,276;6810,260;6815,236;6819,290;6823,274;6828,288;6832,272;6836,284;6841,258;6845,286;6850,256;6854,282;6858,266;6863,256;6867,284;6871,266;6876,278;6880,236;6884,290;6889,266;6893,278;6897,262;6902,274;6906,244;6911,286;6915,276;6919,274;6924,286;6928,242;6932,268;6937,260;6941,272;6945,270;6950,282;6954,266;6958,278;6963,270;6967,240;6971,280;6976,278;6980,290;6985,262;6989,280;6993,250;6998,274;7002,246;7006,272;7011,256;7015,260;7019,272;7024,256;7028,282;7032,266;7037,286;7041,254;7045,282;7050,264;7054,278;7059,262;7063,264;7067,278;7072,246;7076,274;7080,272;7085,284;7089,274;7093,286;7098,270;7102,282;7106,266;7111,270;7115,284;7119,238;7124,280;7128,278;7133,290;7137,252;7141,266;7146,262;7150,276;7154,260;7159,250;7163,290;7167,260;7172,274;7176,258;7180,284;7185,260;7189,272;7193,242;7198,268;) of size 460\r\nSTEPPER: Moving to mstep: 5200 with speed [msteps/sec]: 4000 in SpreadCycle.\r\n'), 14:04:52
bytearray(b'STEPPER: Moved 2000.00 msteps (ramp: 35%) in 699.764 ms -> average speed [msteps/sec]: 2858.11\r\nSTEPPER: Moving to mstep: 7200 with speed [msteps/sec]: 1000 in StealthChop.\r\n'), 14:04:53
bytearray(b'STEPPER: Estimate 5: [msteps] 6741\r\nSTEPPER: buffer (5200,284;5204,326;5208,310;5213,322;5217,312;5221,324;5226,308;5230,336;5234,306;5239,332;5243,322;5247,320;5252,318;5256,316;5260,314;5265,312;5269,330;5274,300;5278,326;5282,310;5287,324;5291,314;5295,312;5300,326;5304,324;5308,322;5313,306;5317,324;5321,308;5326,334;5330,304;5334,332;5339,304;5343,306;5348,318;5352,316;5356,328;5361,314;5365,320;5369,302;5374,328;5378,312;5382,324;5387,308;5391,312;5395,324;5400,322;5404,334;5408,318;5413,330;5417,306;5422,318;5426,288;5430,314;5435,298;5439,318;5443,316;5448,312;5452,326;5456,308;5461,322;5465,312;5469,324;5474,308;5478,336;5482,306;5487,310;5491,322;5496,320;5500,320;5504,316;5509,328;5513,304;5517,332;5522,314;5526,328;5530,298;5535,324;5539,328;5543,312;5548,324;5552,308;5557,320;5561,310;5565,336;5570,320;5574,334;5578,304;5583,330;5587,334;5591,318;5596,330;5600,314;5604,340;5609,310;5613,314;5617,298;5622,326;5626,308;5631,334;5635,304;5639,310;5644,336;5648,306;5652,318;5657,302;5661,334;5665,306;5670,332;5674,302;5678,314;5683,298;5687,316;5691,328;5696,326;5700,324;5705,322;5709,334;5713,296;5718,322;5722,306;5726,332;5731,304;5735,320;5739,332;5744,316;5748,316;5752,314;5757,326;5761,302;5765,328;5770,300;5774,324;5779,310;5783,314;5787,326;5792,310;5796,322;5800,320;5805,320;5809,308;5813,322;5818,304;5822,332;5826,316;5831,328;5835,332;5839,316;5844,328;5848,314;5853,326;5857,302;5861,342;5866,298;5870,324;5874,294;5879,320;5883,326;5887,324;5892,336;5896,320;5900,332;5905,294;5909,322;5913,304;5918,332;5922,302;5927,328;5931,298;5935,316;5940,314;5944,314;5948,326;5953,310;5957,328;5961,312;5966,326;5970,308;5974,322;5979,306;5983,310;5987,322;5992,320;5996,334;6001,316;6005,322;6009,306;6014,318;6018,304;6022,330;6027,300;6031,320;6035,318;6040,304;6044,330;6048,314;6053,326;6057,300;6062,328;6066,312;6070,326;6075,308;6079,328;6083,326;6088,312;6092,324;6096,322;6101,334;6105,296;6109,324;6114,294;6118,334;6122,320;6127,308;6131,322;6136,320;6140,320;6144,318;6149,330;6153,306;6157,334;6162,302;6166,316;6170,300;6175,340;6179,318;6183,316;6188,328;6192,312;6197,324;6201,302;6205,328;6210,312;6214,324;6218,294;6223,320;6227,324;6231,308;6236,322;6240,306;6244,318;6249,316;6253,336;6257,304;6262,332;6266,302;6271,328;6275,320;6279,318;6284,316;6288,314;6292,326;6297,324;6301,328;6305,298;6310,326;6314,296;6318,322;6323,306;6327,310;6331,322;6336,320;6340,318;6345,302;6349,316;6353,318;6358,318;6362,302;6366,314;6371,310;6375,316;6379,328;6384,312;6388,338;6392,308;6397,334;6401,296;6405,308;6410,292;6414,320;6419,302;6423,294;6427,320;6432,304;6436,304;6440,302;6445,300;6449,290;6453,316;6458,286;6462,312;6466,296;6471,286;6475,312;6479,296;6484,310;6488,308;6493,320;6497,282;6501,308;6506,278;6510,304;6514,288;6519,316;6523,306;6527,290;6532,316;6536,300;6540,312;6545,290;6549,302;6553,286;6558,298;6562,282;6567,308;6571,314;6575,298;6580,310;6584,294;6588,308;6593,292;6597,310;6601,280;6606,294;6610,278;6614,302;6619,288;6623,292;6628,304;6632,288;6636,300;6641,300;6645,304;6649,288;6654,300;6658,284;6662,312;6667,294;6671,300;6675,312;6680,296;6684,306;6688,292;6693,296;6697,280;6702,306;6706,290;6710,302;6715,286;6719,294;6723,304;6728,302;6732,316;6736,300;6741,312;6745,274;6749,302;6754,272;6758,286;6762,268;6767,274;6771,300;6776,270;6780,296;6784,282;6789,294;6793,256;6797,282;6802,252;6806,280;6810,264;6815,254;6819,280;6823,264;6828,276;6832,260;6836,274;6841,264;6845,262;6850,274;6854,286;6858,272;6863,284;6867,274;6871,230;6876,286;6880,270;6884,282;6889,258;6893,284;6897,268;6902,282;6906,264;6911,278;6915,282;6919,266;6924,280;6928,250;6932,276;6937,260;6941,278;6945,264;6950,276;6954,260;6958,270;6963,276;6967,260;6971,272;6976,242;6980,284;6985,268;6989,286;6993,270;6998,282;7002,238;7006,278;7011,248;7015,266;7019,280;7024,250;7028,276;7032,274;7037,278;7041,260;7045,276;7050,244;7054,272;7059,254;7063,260;7067,272;7072,256;7076,282;7080,252;7085,266;7089,270;7093,280;7098,266;7102,278;7106,276;7111,224;7115,280;7119,264;7124,290;7128,260;7133,286;7137,248;7141,274;7146,258;7150,284;7154,254;7159,244;7163,272;7167,254;7172,268;7176,250;7180,278;7185,254;7189,280;7194,250;7198,276;) of size 460\r\nSTEPPER: Moving to mstep: 5200 with speed [msteps/sec]: 4000 in SpreadCycle.\r\n'), 14:04:55
bytearray(b'STEPPER: Moved 2000.00 msteps (ramp: 35%) in 699.756 ms -> average speed [msteps/sec]: 2858.14\r\nSTEPPER: Moving to mstep: 7200 with speed [msteps/sec]: 1000 in StealthChop.\r\n'), 14:04:56
bytearray(b'STEPPER: Estimate 6: [msteps] 6758\r\nSTEPPER: buffer (5200,288;5204,328;5208,314;5213,326;5217,302;5221,314;5226,300;5230,324;5234,308;5239,336;5243,326;5247,310;5252,324;5256,320;5260,332;5265,296;5269,322;5274,306;5278,318;5282,304;5287,316;5291,320;5295,314;5300,330;5304,314;5308,326;5313,326;5317,330;5321,300;5326,326;5330,310;5334,322;5339,306;5343,312;5348,324;5352,308;5356,320;5361,318;5365,324;5369,308;5374,334;5378,318;5382,330;5387,300;5391,320;5395,332;5400,316;5404,328;5408,312;5413,326;5417,302;5422,328;5426,298;5430,324;5435,308;5439,312;5443,326;5448,310;5452,322;5456,308;5461,320;5465,310;5469,322;5474,308;5478,320;5482,304;5487,328;5491,334;5496,318;5500,330;5504,328;5509,340;5513,302;5517,316;5522,300;5526,326;5530,310;5535,322;5539,328;5543,312;5548,324;5552,308;5556,320;5561,306;5565,324;5570,322;5574,322;5578,304;5583,332;5587,322;5591,306;5596,332;5600,316;5604,328;5609,326;5613,318;5617,300;5622,328;5626,312;5631,324;5635,308;5639,312;5644,324;5648,308;5652,320;5657,304;5661,338;5665,308;5670,320;5674,304;5678,330;5683,302;5687,318;5691,330;5696,314;5700,328;5705,326;5709,324;5713,300;5718,326;5722,312;5726,324;5731,308;5735,314;5739,326;5744,310;5748,322;5752,320;5757,320;5761,308;5765,322;5770,306;5774,332;5779,316;5783,320;5787,334;5792,318;5796,330;5800,314;5805,342;5809,302;5813,316;5818,300;5822,326;5826,298;5831,322;5835,326;5839,312;5844,324;5848,308;5853,320;5857,312;5861,338;5866,308;5870,320;5874,304;5879,332;5883,334;5887,320;5892,332;5896,318;5900,328;5905,326;5909,318;5913,302;5918,328;5922,312;5927,326;5931,316;5935,314;5940,328;5944,312;5948,322;5953,308;5957,328;5961,310;5966,338;5970,308;5974,336;5979,304;5983,308;5987,336;5992,306;5996,332;6001,316;6005,322;6009,306;6014,332;6018,302;6022,328;6027,300;6031,316;6035,330;6040,314;6044,326;6048,312;6053,322;6057,312;6062,326;6066,308;6070,338;6075,306;6079,312;6083,324;6088,322;6092,320;6096,318;6101,330;6105,308;6109,334;6114,304;6118,318;6122,302;6127,342;6131,320;6136,304;6140,330;6144,314;6149,326;6153,304;6157,316;6162,300;6166,326;6170,310;6175,324;6179,328;6183,312;6188,324;6192,308;6196,336;6201,312;6205,324;6210,308;6214,322;6218,292;6223,332;6227,322;6231,308;6236,320;6240,318;6244,330;6249,314;6253,332;6257,304;6262,330;6266,314;6271,340;6275,318;6279,314;6284,328;6288,314;6292,326;6297,324;6301,314;6305,298;6310,326;6314,310;6318,322;6323,292;6327,312;6331,324;6336,308;6340,320;6345,320;6349,318;6353,308;6358,334;6362,304;6366,332;6371,316;6375,320;6379,318;6384,316;6388,330;6392,314;6397,324;6401,288;6405,314;6410,298;6414,312;6419,282;6423,314;6427,314;6432,298;6436,308;6440,294;6445,308;6449,282;6453,310;6458,280;6462,306;6466,290;6471,296;6475,322;6479,308;6484,306;6488,304;6493,316;6497,292;6501,306;6506,290;6510,304;6514,288;6519,300;6523,318;6527,290;6532,316;6536,302;6540,312;6545,288;6549,316;6553,300;6558,312;6562,282;6567,310;6571,314;6575,298;6580,296;6584,280;6588,320;6593,292;6597,310;6601,280;6606,306;6610,292;6614,304;6619,288;6623,292;6627,304;6632,304;6636,316;6641,300;6645,304;6649,288;6654,302;6658,286;6662,312;6667,298;6671,302;6675,314;6680,298;6684,312;6688,310;6693,308;6697,284;6702,310;6706,280;6710,308;6715,292;6719,296;6723,310;6728,292;6732,306;6736,304;6741,302;6745,278;6749,290;6754,276;6758,302;6763,272;6767,276;6771,290;6776,274;6780,288;6784,272;6789,298;6793,260;6797,272;6802,256;6806,268;6810,252;6815,272;6819,284;6823,282;6828,296;6832,266;6837,276;6841,268;6845,280;6850,264;6854,278;6858,262;6863,252;6867,294;6871,264;6876,290;6880,262;6884,288;6889,264;6893,276;6897,260;6902,274;6906,272;6911,284;6915,288;6919,274;6924,286;6928,256;6932,282;6937,258;6941,272;6945,256;6950,268;6954,252;6958,264;6963,270;6967,254;6971,280;6976,236;6980,276;6985,262;6989,294;6993,264;6998,278;7002,246;7006,272;7011,258;7015,262;7019,288;7024,260;7028,286;7032,270;7037,274;7041,258;7045,284;7050,254;7054,280;7059,250;7063,240;7067,280;7072,266;7076,278;7080,262;7085,276;7089,266;7093,278;7098,262;7102,274;7106,260;7111,250;7115,278;7119,260;7124,286;7128,258;7133,284;7137,260;7141,258;7146,270;7150,284;7154,268;7159,258;7163,284;7167,226;7172,282;7176,266;7180,292;7185,254;7189,280;7194,250;7198,276;) of size 460\r\nSTEPPER: Moving to mstep: 5200 with speed [msteps/sec]: 4000 in SpreadCycle.\r\n'), 14:04:58
bytearray(b'STEPPER: Moved 2000.00 msteps (ramp: 35%) in 699.756 ms -> average speed [msteps/sec]: 2858.14\r\nSTEPPER: Moving to mstep: 7200 with speed [msteps/sec]: 1000 in StealthChop.\r\n'), 14:04:59
bytearray(b'STEPPER: Estimate 7: [msteps] 6797\r\nSTEPPER: buffer (5200,290;5204,322;5208,320;5213,318;5217,308;5221,320;5226,304;5230,330;5234,300;5239,326;5243,330;5247,314;5252,326;5256,298;5260,322;5265,308;5269,326;5274,308;5278,334;5282,304;5287,330;5291,320;5295,318;5300,328;5304,314;5308,326;5313,310;5317,328;5321,312;5326,324;5330,308;5334,320;5339,304;5343,322;5348,334;5352,318;5356,318;5361,316;5365,320;5369,302;5374,328;5378,312;5382,324;5387,308;5391,312;5395,340;5400,310;5404,336;5409,320;5413,332;5417,308;5422,334;5426,304;5430,330;5435,300;5439,318;5443,330;5448,314;5452,326;5456,312;5461,324;5465,300;5469,328;5474,310;5478,324;5483,306;5487,310;5491,324;5496,320;5500,318;5504,316;5509,328;5513,302;5517,316;5522,300;5526,326;5530,310;5535,322;5539,326;5543,312;5548,324;5552,322;5557,334;5561,312;5565,324;5570,306;5574,334;5578,304;5583,330;5587,334;5591,318;5596,330;5600,314;5604,340;5609,310;5613,328;5617,298;5622,324;5626,308;5631,334;5635,324;5639,308;5644,320;5648,318;5652,330;5657,314;5661,332;5665,302;5670,328;5674,312;5678,326;5683,310;5687,314;5691,326;5696,324;5700,322;5705,320;5709,324;5713,308;5718,320;5722,304;5726,318;5731,300;5735,318;5739,332;5744,314;5748,326;5752,310;5757,324;5761,312;5765,326;5770,310;5774,322;5779,306;5783,310;5787,336;5792,320;5796,332;5800,316;5805,342;5809,304;5813,316;5818,300;5822,326;5826,310;5831,324;5835,326;5839,310;5844,322;5848,306;5853,318;5857,308;5861,336;5866,304;5870,330;5874,300;5879,326;5883,318;5887,314;5892,328;5896,312;5900,326;5905,300;5909,328;5914,300;5918,324;5922,294;5927,320;5931,326;5935,310;5940,322;5944,306;5948,318;5953,316;5957,320;5961,304;5966,330;5970,302;5975,328;5979,312;5983,316;5988,328;5992,312;5996,338;6001,310;6005,328;6009,310;6014,324;6018,308;6022,334;6027,304;6031,324;6035,322;6040,318;6044,332;6049,316;6053,326;6057,304;6062,330;6066,300;6070,326;6075,312;6079,316;6083,328;6088,326;6092,324;6096,322;6101,334;6105,296;6109,322;6114,306;6118,320;6123,316;6127,308;6131,320;6136,318;6140,316;6144,314;6149,328;6153,304;6157,330;6162,314;6166,326;6170,310;6175,336;6179,328;6183,326;6188,338;6192,322;6197,334;6201,296;6205,324;6210,294;6214,322;6218,304;6223,318;6227,322;6231,306;6236,334;6240,316;6244,330;6249,314;6253,320;6257,302;6262,330;6266,298;6271,326;6275,296;6279,314;6284,324;6288,324;6292,336;6297,320;6301,326;6305,294;6310,320;6314,306;6318,332;6323,302;6327,320;6331,332;6336,316;6340,328;6345,312;6349,324;6353,300;6358,328;6362,312;6366,338;6371,308;6375,312;6379,326;6384,322;6388,334;6392,306;6397,318;6401,308;6405,320;6410,304;6414,316;6419,288;6423,306;6427,318;6432,288;6436,314;6440,312;6445,310;6449,286;6453,314;6458,296;6462,324;6466,294;6471,296;6475,310;6480,294;6484,306;6488,290;6493,302;6497,292;6501,304;6506,288;6510,300;6514,284;6519,298;6523,316;6527,300;6532,312;6536,296;6540,308;6545,300;6549,298;6554,296;6558,308;6562,278;6567,304;6571,310;6575,294;6580,320;6584,306;6588,318;6593,280;6597,294;6601,276;6606,302;6610,272;6614,300;6619,268;6623,302;6628,328;6632,312;6636,310;6641,308;6645,314;6649,282;6654,310;6658,294;6662,308;6667,290;6671,294;6675,308;6680,292;6684,318;6688,302;6693,306;6697,290;6702,302;6706,286;6710,314;6715,284;6719,302;6723,314;6728,300;6732,312;6736,294;6741,286;6745,282;6749,296;6754,280;6758,292;6762,276;6767,280;6771,292;6776,262;6780,290;6784,272;6789,286;6793,274;6797,288;6802,272;6806,284;6810,254;6815,272;6819,284;6823,240;6828,282;6832,280;6837,292;6841,254;6845,294;6850,264;6854,276;6858,260;6863,286;6867,278;6871,262;6876,288;6880,258;6884,286;6889,260;6893,286;6897,242;6902,282;6906,254;6911,278;6915,284;6919,254;6924,280;6928,250;6932,276;6937,252;6941,278;6945,248;6950,274;6954,258;6958,284;6963,288;6967,244;6971,272;6976,270;6980,282;6985,266;6989,284;6993,254;6998,280;7002,264;7006,278;7011,270;7015,238;7019,278;7024,264;7028,276;7032,260;7037,292;7041,262;7045,276;7050,260;7054,284;7059,256;7063,232;7067,288;7072,272;7076,284;7080,268;7085,272;7089,254;7093,268;7098,266;7102,278;7106,262;7111,252;7115,280;7120,278;7124,276;7128,260;7133,288;7137,248;7141,276;7146,258;7150,272;7154,270;7159,232;7163,288;7167,270;7172,284;7176,268;7180,280;7185,270;7189,282;7194,266;7198,278;) of size 460\r\nSTEPPER: Moving to mstep: 5200 with speed [msteps/sec]: 4000 in SpreadCycle.\r\n'), 14:05:02
bytearray(b'STEPPER: Moved 2000.00 msteps (ramp: 35%) in 699.756 ms -> average speed [msteps/sec]: 2858.14\r\nSTEPPER: Moving to mstep: 7200 with speed [msteps/sec]: 1000 in StealthChop.\r\n'), 14:05:02
bytearray(b'STEPPER: Estimate 8: [msteps] 6741\r\nSTEPPER: buffer (5200,292;5204,326;5208,310;5213,322;5217,300;5221,310;5226,296;5230,322;5234,306;5239,332;5243,322;5247,306;5252,320;5256,316;5260,330;5265,292;5269,318;5274,302;5278,330;5282,312;5287,326;5291,316;5295,314;5300,326;5304,326;5308,324;5313,322;5317,328;5321,312;5326,324;5330,306;5334,334;5339,304;5343,308;5348,320;5352,318;5356,330;5361,314;5365,332;5369,302;5374,328;5378,298;5382,324;5387,308;5391,312;5395,324;5400,308;5404,336;5408,320;5413,330;5417,308;5422,334;5426,304;5430,330;5435,300;5439,318;5443,318;5448,316;5452,328;5456,312;5461,324;5465,300;5469,326;5474,310;5478,338;5482,308;5487,312;5491,324;5496,310;5500,336;5504,318;5509,316;5513,308;5517,334;5522,304;5526,332;5530,314;5535,326;5539,318;5543,316;5548,328;5552,312;5556,324;5561,308;5565,326;5570,310;5574,324;5578,294;5583,320;5587,326;5591,310;5596,322;5600,320;5604,332;5609,316;5613,320;5617,304;5622,332;5626,314;5630,328;5635,296;5639,316;5644,328;5648,314;5652,326;5657,310;5661,328;5665,312;5670,338;5674,310;5678,320;5683,304;5687,324;5691,322;5696,320;5700,320;5705,316;5709,330;5713,306;5718,332;5722,302;5726,316;5731,314;5735,318;5739,318;5744,314;5748,328;5752,312;5757,324;5761,300;5765,326;5770,312;5774,324;5779,294;5783,320;5787,324;5792,310;5796,322;5800,306;5805,332;5809,308;5813,322;5818,292;5822,334;5826,302;5831,330;5835,320;5839,318;5844,330;5848,314;5853,326;5857,304;5861,346;5866,314;5870,326;5874,310;5879,324;5883,328;5887,314;5892,324;5896,310;5900,322;5905,308;5909,326;5913,296;5918,322;5922,306;5927,332;5931,324;5935,308;5940,322;5944,320;5948,318;5953,318;5957,334;5961,304;5966,332;5970,316;5974,328;5979,312;5983,304;5988,330;5992,314;5996,328;6001,312;6005,316;6009,300;6014,314;6018,312;6022,324;6027,308;6031,312;6035,326;6040,310;6044,322;6048,308;6053,318;6057,308;6062,322;6066,306;6070,332;6075,316;6079,308;6083,320;6088,320;6092,330;6096,314;6101,328;6105,302;6109,316;6114,314;6118,326;6122,296;6127,322;6131,328;6136,312;6140,324;6144,310;6149,322;6153,312;6157,338;6162,324;6166,320;6170,304;6175,318;6179,336;6183,306;6188,332;6192,316;6196,328;6201,304;6205,330;6210,300;6214,326;6218,310;6223,324;6227,328;6231,312;6236,326;6240,310;6244,322;6249,306;6253,324;6257,308;6262,336;6266,292;6270,318;6275,304;6279,322;6284,334;6288,318;6292,316;6297,314;6301,334;6305,290;6310,330;6314,300;6318,326;6323,296;6327,314;6331,326;6336,310;6340,324;6344,308;6349,320;6353,310;6358,338;6362,322;6366,320;6371,304;6375,308;6379,334;6384,306;6388,318;6392,302;6397,328;6401,304;6405,316;6410,300;6414,312;6419,298;6423,300;6427,314;6432,298;6436,310;6440,308;6445,306;6449,296;6453,310;6458,292;6462,320;6466,304;6471,280;6475,306;6479,290;6484,302;6488,300;6493,312;6497,290;6501,316;6506,286;6510,298;6514,296;6519,308;6523,314;6527,298;6532,310;6536,308;6540,308;6545,284;6549,310;6553,294;6558,306;6562,278;6567,304;6571,308;6575,292;6580,318;6584,302;6588,314;6593,300;6597,302;6601,286;6606,300;6610,284;6614,310;6619,280;6623,298;6627,310;6632,296;6636,308;6641,292;6645,310;6649,280;6654,308;6658,278;6662,304;6667,288;6671,294;6675,306;6680,302;6684,316;6688,300;6693,312;6697,288;6702,300;6706,284;6710,310;6715,280;6719,300;6723,312;6728,296;6732,308;6736,292;6741,306;6745,280;6749,294;6754,276;6758,290;6762,274;6767,278;6771,290;6776,288;6780,286;6784,242;6789,296;6793,258;6797,284;6802,268;6806,280;6810,236;6815,290;6819,280;6823,278;6828,276;6832,260;6836,286;6841,248;6845,276;6850,258;6854,270;6858,240;6863,280;6867,286;6871,254;6876,282;6880,266;6884,292;6889,252;6893,266;6897,248;6902,274;6906,244;6911,284;6915,288;6919,272;6924,284;6928,254;6932,280;6937,230;6941,284;6945,266;6950,280;6954,278;6958,276;6963,280;6967,250;6971,290;6976,274;6980,286;6985,256;6989,274;6993,244;6998,270;7002,240;7006,280;7011,250;7015,252;7019,282;7024,280;7028,278;7032,274;7037,282;7041,250;7045,290;7050,248;7054,286;7059,272;7063,232;7067,288;7072,272;7076,284;7080,268;7085,280;7089,258;7093,270;7098,254;7102,266;7106,250;7111,254;7115,282;7119,266;7124,290;7128,262;7133,288;7137,250;7141,264;7146,248;7150,274;7154,258;7159,248;7163,288;7167,272;7172,284;7176,268;7180,280;7185,256;7189,284;7193,240;7198,280;) of size 460\r\nSTEPPER: Moving to mstep: 5200 with speed [msteps/sec]: 4000 in SpreadCycle.\r\n'), 14:05:05
bytearray(b'STEPPER: Moved 2000.00 msteps (ramp: 35%) in 699.760 ms -> average speed [msteps/sec]: 2858.12\r\nSTEPPER: Moving to mstep: 7200 with speed [msteps/sec]: 1000 in StealthChop.\r\n'), 14:05:06
bytearray(b'STEPPER: Estimate 9: [msteps] 6754\r\nSTEPPER: buffer (5200,280;5204,332;5208,316;5213,314;5217,304;5221,330;5226,302;5230,342;5234,312;5239,324;5243,314;5247,312;5252,324;5256,308;5260,322;5265,298;5269,324;5274,308;5278,334;5282,318;5287,330;5291,320;5295,320;5300,332;5304,330;5308,328;5313,312;5317,330;5321,300;5326,328;5330,298;5334,324;5339,308;5343,312;5348,310;5352,308;5356,320;5361,304;5365,324;5369,308;5374,334;5378,318;5382,330;5387,300;5391,318;5395,330;5400,314;5404,328;5408,312;5413,324;5417,314;5422,324;5426,296;5430,322;5435,306;5439,310;5443,322;5448,320;5452,332;5456,318;5461,316;5465,306;5469,332;5474,302;5478,330;5482,300;5487,326;5491,330;5496,314;5500,326;5504,310;5509,322;5513,312;5517,324;5522,308;5526,320;5530,304;5535,330;5539,322;5543,304;5548,318;5552,316;5556,328;5561,304;5565,330;5570,314;5574,326;5578,310;5583,322;5587,326;5591,312;5596,336;5600,320;5604,320;5609,318;5613,322;5617,306;5622,320;5626,302;5630,316;5635,300;5639,316;5644,330;5648,314;5652,326;5657,312;5661,330;5665,314;5670,326;5674,296;5678,322;5683,308;5687,326;5691,324;5696,322;5700,320;5705,320;5709,324;5713,306;5718,318;5722,302;5726,330;5731,314;5735,318;5739,316;5744,314;5748,340;5752,310;5757,322;5761,312;5765,326;5770,310;5774,322;5779,306;5783,310;5787,322;5792,320;5796,332;5800,316;5805,330;5809,306;5813,318;5818,300;5822,328;5826,312;5831,326;5835,330;5839,314;5844,328;5848,310;5853,322;5857,298;5861,338;5866,308;5870,336;5874,306;5879,332;5883,322;5887,320;5892,318;5896,318;5900,330;5905,326;5909,332;5913,316;5918,328;5922,300;5927,326;5931,310;5935,314;5940,312;5944,310;5948,324;5953,320;5957,326;5961,308;5966,334;5970,306;5974,318;5979,302;5983,320;5987,332;5992,318;5996,330;6001,312;6005,318;6009,316;6014,328;6018,298;6022,326;6027,308;6031,314;6035,326;6040,310;6044,322;6048,306;6053,318;6057,308;6061,334;6066,306;6070,332;6075,302;6079,320;6083,320;6088,316;6092,328;6096,326;6101,324;6105,300;6109,326;6114,310;6118,324;6122,306;6127,320;6131,324;6136,322;6140,334;6144,318;6149,316;6153,320;6157,332;6162,316;6166,328;6170,298;6175,324;6179,328;6183,312;6188,326;6192,308;6196,336;6201,296;6205,324;6210,306;6214,320;6218,302;6223,314;6227,318;6231,316;6236,328;6240,312;6244,324;6249,306;6253,342;6257,312;6262,338;6266,308;6271,320;6275,304;6279,310;6284,320;6288,318;6292,330;6297,316;6301,320;6305,290;6310,316;6314,300;6318,340;6323,310;6327,314;6331,326;6336,310;6340,322;6345,306;6349,324;6353,308;6358,334;6362,318;6366,330;6371,314;6375,304;6379,330;6384,314;6388,328;6392,312;6397,324;6401,300;6405,312;6410,296;6414,308;6419,278;6423,298;6427,310;6432,294;6436,306;6440,304;6445,316;6449,292;6453,320;6458,290;6462,316;6466,288;6471,290;6475,316;6479,302;6484,314;6488,298;6493,310;6497,286;6501,298;6506,284;6510,310;6514,292;6519,304;6523,310;6527,294;6532,306;6536,288;6540,302;6545,292;6549,304;6553,288;6558,300;6562,284;6567,310;6571,300;6575,284;6580,310;6584,294;6588,306;6593,292;6597,310;6601,294;6606,306;6610,290;6614,302;6619,286;6623,292;6627,318;6632,302;6636,314;6641,298;6645,304;6649,274;6654,300;6658,284;6662,310;6667,280;6671,298;6675,312;6680,296;6684,308;6688,292;6693,304;6697,296;6702,308;6706,278;6710,304;6715,288;6719,294;6723,320;6728,304;6732,316;6736,300;6741,312;6745,288;6749,300;6754,284;6758,284;6762,268;6767,272;6771,284;6776,268;6780,294;6784,264;6789,290;6793,252;6797,278;6802,262;6806,288;6810,258;6815,248;6819,288;6823,258;6828,284;6832,268;6837,280;6841,256;6845,270;6850,268;6854,294;6858,264;6863,290;6867,280;6871,238;6876,280;6880,276;6884,288;6889,264;6893,278;6897,248;6902,274;6906,244;6911,284;6915,276;6919,260;6924,272;6928,228;6932,284;6937,260;6941,272;6945,242;6950,284;6954,268;6958,280;6963,272;6967,254;6971,282;6976,252;6980,278;6985,262;6989,280;6993,250;6998,278;7002,260;7006,274;7011,258;7015,248;7019,288;7024,258;7028,270;7032,254;7037,286;7041,256;7045,268;7050,266;7054,292;7059,262;7063,266;7067,278;7072,234;7076,288;7080,272;7085,284;7089,260;7093,272;7098,256;7102,270;7106,268;7111,260;7115,284;7119,254;7124,282;7128,266;7133,292;7137,240;7141,268;7146,252;7150,278;7154,248;7159,268;7163,280;7167,250;7172,278;7176,262;7180,288;7185,250;7189,278;7194,262;7198,274;) of size 460\r\nSTEPPER: Moving to mstep: 5200 with speed [msteps/sec]: 4000 in SpreadCycle.\r\n'), 14:05:08
bytearray(b'STEPPER: Moved 2000.00 msteps (ramp: 35%) in 699.756 ms -> average speed [msteps/sec]: 2858.14\r\nSTEPPER: Moving to mstep: 7200 with speed [msteps/sec]: 1000 in StealthChop.\r\n'), 14:05:09
bytearray(b'STEPPER: Estimate 10: [msteps] 6780\r\nSTEPPER: buffer (5200,292;5204,328;5208,312;5213,324;5217,300;5221,312;5226,296;5230,324;5234,306;5239,334;5243,324;5247,308;5252,322;5256,318;5260,330;5265,314;5269,318;5274,304;5278,330;5282,314;5287,326;5291,316;5295,314;5300,326;5304,324;5308,322;5313,320;5317,324;5321,308;5326,336;5330,320;5334,318;5339,302;5343,306;5348,332;5352,316;5356,316;5361,312;5365,318;5369,314;5374,328;5378,312;5382,324;5387,308;5391,312;5395,326;5400,308;5404,334;5408,318;5413,332;5417,308;5422,334;5426,304;5430,330;5435,300;5439,318;5443,330;5448,314;5452,326;5456,312;5461,324;5465,314;5469,340;5474,310;5478,322;5482,306;5487,334;5491,324;5496,322;5500,320;5504,318;5509,330;5513,306;5517,318;5522,302;5526,328;5530,312;5535,326;5539,328;5543,314;5548,312;5552,310;5556,322;5561,306;5565,324;5570,308;5574,334;5578,318;5583,332;5587,322;5591,306;5596,332;5600,316;5604,328;5609,312;5613,316;5617,300;5622,328;5626,312;5630,324;5635,306;5639,310;5644,324;5648,308;5652,320;5657,306;5661,324;5665,306;5670,334;5674,304;5678,330;5683,314;5687,318;5691,330;5696,314;5700,326;5705,324;5709,314;5713,300;5718,326;5722,310;5726,336;5731,320;5735,310;5739,322;5744,320;5748,318;5752,316;5757,316;5761,304;5765,330;5770,314;5774,328;5779,298;5783,316;5787,328;5792,312;5796,324;5800,310;5805,322;5809,312;5813,324;5818,308;5822,320;5826,304;5831,330;5835,322;5839,306;5844,316;5848,302;5853,326;5857,318;5861,344;5866,314;5870,328;5874,310;5879,324;5883,328;5887,312;5892,324;5896,308;5900,320;5905,320;5909,338;5913,308;5918,320;5922,304;5927,318;5931,322;5935,306;5940,318;5944,302;5948,316;5953,314;5957,332;5961,318;5966,330;5970,314;5974,326;5979,312;5983,314;5987,328;5992,312;5996,326;6001,324;6005,328;6009,314;6014,326;6018,310;6022,322;6027,322;6031,312;6035,326;6040,310;6044,322;6048,320;6053,320;6057,310;6061,322;6066,306;6070,332;6075,318;6079,310;6083,320;6088,306;6092,318;6096,316;6101,330;6105,306;6109,318;6114,302;6118,316;6122,314;6127,326;6131,318;6136,316;6140,328;6144,314;6149,326;6153,316;6157,330;6162,314;6166,326;6170,310;6175,338;6179,328;6183,312;6188,326;6192,310;6196,336;6201,306;6205,326;6210,296;6214,322;6218,308;6223,334;6227,324;6231,308;6236,322;6240,306;6244,320;6249,304;6253,322;6257,306;6262,332;6266,318;6271,342;6275,314;6279,304;6284,330;6288,316;6292,328;6297,312;6301,316;6305,300;6310,326;6314,310;6318,324;6323,306;6327,312;6331,324;6336,322;6340,322;6345,306;6349,324;6353,308;6358,320;6362,318;6366,332;6371,316;6375,306;6379,318;6384,316;6388,328;6392,300;6397,326;6401,302;6405,314;6410,300;6414,324;6419,294;6423,300;6427,312;6432,296;6436,308;6440,294;6445,318;6449,282;6453,308;6458,304;6462,318;6466,302;6471,292;6475,304;6479,302;6484,314;6488,286;6493,298;6497,288;6501,314;6506,284;6510,310;6514,280;6519,306;6523,310;6527,294;6532,320;6536,292;6540,316;6545,292;6549,306;6553,302;6558,316;6562,298;6567,312;6571,302;6575,300;6580,312;6584,282;6588,308;6593,292;6597,310;6601,294;6606,308;6610,292;6614,302;6619,288;6623,294;6627,306;6632,290;6636,302;6641,286;6645,320;6649,290;6654,316;6658,300;6662,312;6667,296;6671,288;6675,300;6680,270;6684,310;6688,308;6693,306;6697,296;6702,310;6706,294;6710,306;6715,290;6719,296;6723,306;6728,290;6732,304;6736,300;6741,300;6745,276;6749,302;6754,286;6758,298;6762,282;6767,286;6771,300;6776,282;6780,294;6784,250;6789,292;6793,268;6797,294;6802,264;6806,290;6810,262;6815,264;6819,292;6823,262;6828,288;6832,244;6837,286;6841,260;6845,286;6850,256;6854,270;6858,254;6863,280;6867,282;6871,240;6876,280;6880,278;6884,290;6889,250;6893,278;6897,248;6902,274;6906,258;6911,272;6915,290;6919,260;6924,286;6928,270;6932,296;6937,258;6941,270;6945,254;6950,280;6954,264;6958,276;6963,282;6967,264;6971,278;6976,248;6980,288;6985,258;6989,276;6993,260;6998,272;7002,244;7006,284;7011,268;7015,272;7019,284;7024,268;7028,280;7032,238;7037,270;7041,252;7045,278;7050,248;7054,274;7059,258;7063,264;7067,274;7072,230;7076,272;7080,270;7085,282;7089,272;7093,270;7098,268;7102,280;7106,264;7111,270;7115,282;7119,266;7124,292;7128,262;7133,288;7137,264;7141,276;7146,262;7150,272;7154,272;7159,262;7163,288;7167,272;7172,286;7176,256;7180,282;7185,244;7189,286;7193,268;7198,282;) of size 460\r\nSTEPPER: Final estimate: [mstep] 6763\r\nFound dispense position: [\xc2\xb5m] 33795\r\nreturn;find;6759\r\n\xef\xbf\xbdreceived from UR: find -> find (0,1)\r\nSTEPPER: Moving to mstep: 5200 with speed [msteps/sec]: 4000 in SpreadCycle.\r\n'), 14:05:11
bytearray(b'STEPPER: Moved 2000.00 msteps (ramp: 35%) in 699.760 ms -> average speed [msteps/sec]: 2858.12\r\nSTEPPER: Moving to mstep: 7200 with speed [msteps/sec]: 1000 in StealthChop.\r\n'), 14:05:12
bytearray(b'STEPPER: Estimate 1: [msteps] 6780\r\nSTEPPER: buffer (5200,286;5204,316;5208,288;5213,328;5217,304;5221,316;5226,300;5230,326;5234,296;5239,324;5243,326;5247,312;5252,324;5256,308;5260,320;5265,296;5269,322;5274,318;5278,334;5282,304;5287,316;5291,320;5295,318;5300,330;5304,326;5308,326;5313,324;5317,326;5321,296;5326,324;5330,306;5334,320;5339,318;5343,308;5348,320;5352,318;5356,330;5361,314;5365,318;5369,304;5374,328;5378,300;5382,326;5387,310;5391,314;5395,328;5400,312;5404,338;5408,306;5413,320;5417,310;5422,336;5426,306;5430,318;5435,302;5439,306;5443,332;5448,318;5452,330;5456,314;5461,328;5465,304;5469,330;5474,300;5478,326;5482,310;5487,324;5491,328;5496,312;5500,324;5504,308;5509,320;5513,298;5517,324;5522,294;5526,320;5530,304;5535,330;5539,320;5543,320;5548,318;5552,316;5556,328;5561,306;5565,332;5570,302;5574,328;5578,312;5583,324;5587,330;5591,312;5596,326;5600,310;5604,322;5609,320;5613,324;5617,296;5622,322;5626,306;5630,332;5635,304;5639,308;5644,318;5648,304;5652,316;5657,314;5661,332;5665,302;5670,328;5674,312;5678,326;5683,296;5687,328;5691,326;5696,312;5700,322;5705,320;5709,326;5713,310;5718,336;5722,306;5726,320;5731,302;5735,308;5739,320;5744,318;5748,332;5752,316;5757,314;5761,304;5765,332;5770,316;5774,328;5779,298;5783,316;5787,330;5792,314;5796,340;5800,310;5805,336;5809,298;5813,324;5818,308;5822,320;5826,304;5831,330;5835,322;5839,320;5844,332;5848,316;5853,328;5857,304;5861,330;5866,300;5870,326;5874,312;5879,322;5883,326;5887,312;5892,324;5896,322;5900,334;5905,296;5909,336;5914,306;5918,318;5922,302;5927,330;5931,334;5935,318;5940,330;5944,314;5948,328;5953,312;5957,330;5961,314;5966,340;5970,310;5974,324;5979,308;5983,326;5988,326;5992,310;5996,322;6001,320;6005,324;6009,296;6014,320;6018,304;6022,318;6027,302;6031,320;6035,332;6040,316;6044,326;6048,312;6053,324;6057,300;6062,328;6066,310;6070,322;6075,308;6079,312;6083,324;6088,322;6092,334;6096,318;6101,330;6105,306;6109,318;6114,302;6118,330;6122,298;6127,326;6131,330;6136,314;6140,326;6144,310;6149,322;6153,314;6157,324;6162,308;6166,320;6170,306;6175,332;6179,336;6183,308;6188,332;6192,316;6196,330;6201,306;6205,332;6210,302;6214,328;6218,312;6223,324;6227,328;6231,314;6236,326;6240,308;6244,320;6249,306;6253,336;6257,304;6262,334;6266,304;6271,330;6275,302;6279,320;6284,332;6288,318;6292,328;6297,314;6301,332;6305,302;6310,328;6314,298;6318,324;6323,308;6327,314;6331,324;6336,310;6340,322;6345,320;6349,318;6353,308;6358,320;6362,304;6366,330;6371,314;6375,318;6379,330;6384,314;6388,328;6392,310;6397,324;6401,298;6405,310;6410,294;6414,308;6419,292;6423,296;6427,308;6432,306;6436,304;6440,302;6445,314;6449,290;6453,302;6458,286;6462,312;6466,282;6471,308;6475,312;6479,298;6484,310;6488,294;6493,306;6497,282;6501,308;6506,290;6510,304;6514,288;6519,302;6523,304;6527,290;6532,302;6536,286;6540,312;6545,288;6549,300;6553,284;6558,296;6562,294;6567,308;6571,312;6575,282;6580,308;6584,292;6588,318;6593,302;6597,306;6601,276;6606,302;6610,286;6614,300;6619,282;6623,300;6627,312;6632,296;6636,308;6641,294;6645,312;6649,296;6654,308;6658,292;6662,306;6667,288;6671,292;6675,320;6680,304;6684,316;6688,302;6693,306;6697,288;6702,302;6706,272;6710,298;6715,282;6719,300;6723,314;6728,298;6732,310;6736,294;6741,308;6745,284;6749,294;6754,280;6758,290;6762,276;6767,280;6771,292;6776,276;6780,290;6784,274;6789,286;6793,262;6797,290;6802,260;6806,286;6810,254;6815,260;6819,286;6823,272;6828,282;6832,268;6837,280;6841,254;6845,268;6850,252;6854,278;6858,276;6863,238;6867,280;6871,278;6876,290;6880,260;6884,272;6889,262;6893,276;6897,260;6902,272;6906,256;6911,284;6915,274;6919,258;6924,284;6928,268;6932,282;6937,258;6941,270;6945,252;6950,266;6954,250;6958,276;6963,280;6967,264;6971,276;6976,260;6980,288;6985,258;6989,262;6993,246;6998,272;7002,242;7006,270;7011,252;7015,258;7019,270;7024,254;7028,278;7032,264;7037,270;7041,268;7045,296;7050,264;7054,290;7059,262;7063,236;7067,278;7072,276;7076,288;7080,258;7085,270;7089,260;7093,274;7098,258;7102,268;7106,254;7111,272;7115,272;7119,240;7124,282;7128,280;7133,292;7137,254;7141,266;7146,264;7150,276;7154,260;7159,250;7163,278;7167,262;7172,274;7176,244;7180,284;7185,260;7189,286;7193,258;7198,284;) of size 460\r\nSTEPPER: Moving to mstep: 5200 with speed [msteps/sec]: 4000 in SpreadCycle.\r\n'), 14:05:15
bytearray(b'STEPPER: Moved 2000.00 msteps (ramp: 35%) in 699.764 ms -> average speed [msteps/sec]: 2858.11\r\nSTEPPER: Moving to mstep: 7200 with speed [msteps/sec]: 1000 in StealthChop.\r\n'), 14:05:15
bytearray(b'STEPPER: Estimate 2: [msteps] 6758\r\nSTEPPER: buffer (5200,280;5204,322;5208,308;5213,320;5217,310;5221,322;5226,306;5230,320;5234,302;5239,330;5243,320;5247,304;5252,316;5256,314;5260,326;5265,302;5269,328;5274,312;5278,338;5282,308;5287,334;5291,326;5295,310;5300,322;5304,320;5308,332;5313,316;5317,334;5321,304;5326,330;5330,302;5334,328;5339,310;5343,316;5348,328;5352,312;5356,324;5361,322;5365,326;5369,310;5374,336;5378,306;5382,320;5387,302;5391,320;5395,332;5400,316;5404,328;5408,328;5413,326;5417,302;5422,328;5426,298;5430,324;5435,294;5439,312;5443,324;5448,322;5452,320;5456,304;5461,316;5465,306;5469,318;5474,316;5478,328;5482,312;5487,324;5491,330;5496,314;5500,326;5504,324;5509,322;5513,300;5517,324;5522,296;5526,336;5530,306;5535,318;5539,322;5543,306;5548,320;5552,302;5556,316;5561,314;5565,332;5570,316;5574,328;5578,312;5583,324;5587,330;5591,314;5596,340;5600,310;5604,322;5609,308;5613,324;5617,308;5622,336;5626,306;5631,332;5635,302;5639,322;5644,334;5648,316;5652,330;5657,314;5661,332;5665,302;5670,328;5674,312;5678,324;5683,310;5687,326;5691,324;5696,310;5700,324;5705,320;5709,324;5713,308;5718,320;5722,306;5726,332;5731,316;5735,306;5739,318;5744,318;5748,330;5752,314;5757,326;5761,304;5765,330;5770,312;5774,326;5779,310;5783,302;5787,326;5792,310;5796,324;5800,308;5805,334;5809,296;5813,324;5818,306;5822,334;5826,302;5831,330;5835,320;5839,318;5844,318;5848,316;5853,330;5857,304;5861,330;5866,302;5870,328;5874,310;5879,326;5883,330;5887,314;5892,326;5896,324;5900,324;5905,322;5909,326;5913,310;5918,324;5922,294;5927,320;5931,324;5935,310;5940,336;5944,320;5948,316;5953,316;5957,322;5961,318;5966,330;5970,316;5974,328;5979,298;5983,316;5987,328;5992,312;5996,324;6001,322;6005,312;6009,310;6014,324;6018,308;6022,320;6027,304;6031,322;6035,322;6040,320;6044,318;6048,316;6053,328;6057,304;6061,346;6066,314;6070,328;6075,310;6079,316;6083,330;6088,312;6092,326;6096,310;6101,322;6105,312;6109,324;6114,308;6118,320;6122,304;6127,318;6131,336;6136,320;6140,318;6144,316;6149,314;6153,304;6157,330;6162,314;6166,328;6170,310;6175,324;6179,328;6183,326;6188,326;6192,308;6196,320;6201,318;6205,322;6210,306;6214,334;6218,318;6223,330;6227,320;6231,318;6236,330;6240,314;6244,326;6249,310;6253,330;6257,314;6262,340;6266,310;6270,336;6275,304;6279,310;6284,322;6288,306;6292,332;6297,316;6301,336;6305,304;6310,332;6314,302;6318,328;6323,312;6327,318;6331,330;6336,314;6340,326;6345,310;6349,322;6353,312;6358,340;6362,308;6366,322;6371,320;6375,324;6379,322;6384,308;6388,320;6392,318;6397,330;6401,306;6405,318;6410,288;6414,314;6419,284;6423,302;6427,316;6432,300;6436,312;6440,296;6445,310;6449,298;6453,326;6458,296;6462,322;6466,292;6471,318;6475,308;6479,306;6484,306;6488,288;6493,302;6497,292;6501,318;6506,290;6510,302;6514,286;6519,300;6523,304;6527,288;6532,314;6536,298;6540,310;6545,282;6549,314;6553,284;6558,312;6562,294;6567,308;6571,312;6575,296;6580,308;6584,278;6588,306;6593,290;6597,308;6601,292;6606,304;6610,288;6614,300;6619,284;6623,302;6627,314;6632,272;6636,312;6641,296;6645,314;6649,300;6654,312;6658,294;6662,308;6667,278;6671,296;6675,308;6680,278;6684,304;6688,302;6693,302;6697,292;6701,304;6706,288;6710,300;6715,284;6719,302;6723,316;6728,286;6732,312;6736,296;6741,296;6745,286;6749,298;6754,282;6758,294;6762,280;6767,268;6771,282;6776,238;6780,292;6784,276;6789,302;6793,250;6797,278;6802,276;6806,286;6810,256;6815,276;6819,288;6823,258;6828,284;6832,240;6836,282;6841,258;6845,284;6850,254;6854,266;6858,264;6863,254;6867,282;6871,266;6876,278;6880,234;6884,288;6889,266;6893,278;6897,262;6902,274;6906,258;6910,284;6915,290;6919,274;6924,286;6928,270;6932,282;6937,266;6941,286;6945,270;6950,282;6954,266;6958,278;6963,264;6967,254;6971,266;6976,236;6980,280;6984,276;6989,280;6993,250;6998,278;7002,276;7006,274;7011,258;7015,278;7019,290;7024,248;7028,272;7032,258;7037,276;7041,260;7045,286;7050,270;7054,282;7058,266;7063,270;7067,284;7072,254;7076,266;7080,236;7085,276;7089,266;7093,280;7098,262;7102,262;7106,260;7111,234;7115,278;7119,274;7124,288;7128,272;7133,284;7137,260;7141,272;7146,256;7150,268;7154,252;7159,244;7163,284;7167,268;7172,280;7176,236;7180,278;7185,266;7189,280;7193,264;7198,276;) of size 460\r\nSTEPPER: Moving to mstep: 5200 with speed [msteps/sec]: 4000 in SpreadCycle.\r\n'), 14:05:18
bytearray(b'STEPPER: Moved 2000.00 msteps (ramp: 35%) in 699.764 ms -> average speed [msteps/sec]: 2858.11\r\nSTEPPER: Moving to mstep: 7200 with speed [msteps/sec]: 1000 in StealthChop.\r\n'), 14:05:18
bytearray(b'STEPPER: Estimate 3: [msteps] 6749\r\nSTEPPER: buffer (5200,278;5204,322;5208,320;5213,332;5217,308;5221,322;5226,306;5230,318;5234,302;5239,328;5243,320;5247,316;5252,328;5256,314;5260,312;5265,310;5269,328;5274,312;5278,324;5282,308;5287,320;5291,324;5295,310;5300,322;5304,320;5308,332;5313,316;5317,334;5321,304;5326,318;5330,300;5334,326;5339,310;5343,316;5348,328;5352,310;5356,324;5361,308;5365,326;5369,310;5374,322;5378,306;5382,332;5387,302;5391,320;5395,334;5400,318;5404,330;5408,314;5413,328;5417,304;5422,330;5426,300;5430,326;5435,310;5439,316;5443,328;5448,312;5452,326;5456,324;5461,338;5465,298;5469,324;5474,308;5478,320;5482,304;5487,332;5491,336;5496,320;5500,332;5504,316;5509,328;5513,306;5517,330;5522,300;5526,326;5530,312;5535,324;5539,328;5543,312;5548,326;5552,310;5556,322;5561,312;5565,324;5570,308;5574,334;5578,304;5583,332;5587,336;5591,306;5596,332;5600,316;5604,328;5609,326;5613,330;5617,298;5622,326;5626,310;5631,336;5635,304;5639,310;5644,324;5648,320;5652,332;5657,316;5661,334;5665,306;5670,332;5674,302;5678,330;5683,300;5687,316;5691,316;5696,314;5700,326;5705,310;5709,322;5713,298;5718,324;5722,294;5726,320;5731,304;5735,308;5739,322;5744,318;5748,318;5752,316;5757,328;5761,304;5765,332;5770,316;5774,328;5779,312;5783,302;5787,328;5792,312;5796,324;5800,322;5805,334;5809,296;5813,322;5818,306;5822,318;5826,304;5831,330;5835,334;5839,318;5844,330;5848,314;5853,326;5857,302;5861,342;5866,312;5870,324;5874,306;5879,320;5883,326;5887,322;5892,322;5896,318;5900,330;5905,316;5909,320;5913,304;5918,316;5922,300;5927,326;5931,310;5935,314;5940,326;5944,310;5948,322;5953,308;5957,326;5961,310;5966,336;5970,306;5974,332;5979,316;5983,306;5987,332;5992,316;5996,330;6001,312;6005,316;6009,300;6014,326;6018,296;6022,322;6027,320;6031,310;6035,324;6040,308;6044,320;6048,318;6053,330;6057,306;6061,334;6066,302;6070,328;6075,312;6079,316;6083,316;6088,326;6092,324;6096,324;6101,334;6105,298;6109,322;6114,306;6118,332;6122,304;6127,330;6131,332;6136,316;6140,328;6144,312;6149,326;6153,302;6157,328;6162,312;6166,324;6170,308;6175,320;6179,326;6183,308;6188,336;6192,306;6196,332;6201,308;6205,320;6210,304;6214,318;6218,302;6223,328;6227,330;6231,316;6236,328;6240,312;6244,324;6249,308;6253,328;6257,298;6262,324;6266,308;6270,320;6275,304;6279,324;6284,322;6288,320;6292,318;6297,316;6301,320;6305,302;6310,330;6314,300;6318,326;6323,296;6327,314;6331,326;6336,310;6340,322;6345,306;6349,318;6353,308;6358,334;6362,304;6366,330;6371,314;6375,318;6379,330;6384,314;6388,328;6392,310;6397,338;6401,298;6405,312;6410,296;6414,308;6419,306;6423,296;6427,308;6432,306;6436,306;6440,304;6445,316;6449,290;6453,318;6458,302;6462,314;6466,298;6471,310;6475,314;6479,298;6484,296;6488,294;6493,306;6497,298;6501,310;6506,280;6510,306;6514,290;6519,318;6523,306;6527,292;6532,316;6536,300;6540,312;6545,290;6549,314;6553,286;6558,298;6562,294;6567,308;6571,298;6575,296;6580,322;6584,292;6588,306;6593,288;6597,306;6601,292;6606,304;6610,288;6614,302;6619,284;6623,304;6627,302;6632,286;6636,312;6641,296;6645,314;6649,284;6654,310;6658,294;6662,308;6667,290;6671,294;6675,308;6680,292;6684,304;6688,302;6693,302;6697,290;6701,304;6706,288;6710,300;6715,286;6719,304;6723,316;6728,286;6732,312;6736,296;6741,308;6745,272;6749,296;6754,268;6758,280;6762,280;6767,270;6771,296;6776,266;6780,292;6784,276;6789,290;6793,266;6797,278;6802,248;6806,274;6810,260;6815,236;6819,290;6823,274;6828,286;6832,272;6837,284;6841,246;6845,288;6850,256;6854,284;6858,252;6863,280;6867,270;6871,254;6876,280;6880,264;6884,278;6889,268;6893,280;6897,264;6902,290;6906,274;6911,288;6915,278;6919,262;6924,274;6928,244;6932,286;6937,262;6941,274;6945,244;6950,286;6954,256;6958,282;6963,272;6967,270;6971,282;6976,266;6980,278;6985,248;6989,282;6993,252;6998,278;7002,248;7006,260;7011,244;7015,262;7019,290;7024,260;7028,272;7032,254;7037,274;7041,258;7045,284;7050,254;7054,280;7059,250;7063,240;7067,282;7072,266;7076,278;7080,248;7085,274;7089,250;7093,278;7098,260;7102,272;7106,270;7111,234;7115,288;7119,286;7124,284;7128,254;7133,282;7137,272;7141,282;7146,268;7150,280;7154,264;7159,276;7163,280;7167,264;7172,276;7176,232;7180,286;7185,262;7189,274;7193,258;7198,272;) of size 460\r\nSTEPPER: Moving to mstep: 5200 with speed [msteps/sec]: 4000 in SpreadCycle.\r\n'), 14:05:21
bytearray(b'STEPPER: Moved 2000.00 msteps (ramp: 35%) in 699.760 ms -> average speed [msteps/sec]: 2858.12\r\nSTEPPER: Moving to mstep: 7200 with speed [msteps/sec]: 1000 in StealthChop.\r\n'), 14:05:22
bytearray(b'STEPPER: Estimate 4: [msteps] 6776\r\nSTEPPER: buffer (5200,290;5204,310;5208,308;5213,318;5217,308;5221,322;5226,304;5230,318;5234,302;5239,328;5243,318;5247,316;5252,328;5256,312;5260,326;5265,302;5269,328;5274,298;5278,326;5282,308;5287,336;5291,326;5295,312;5300,324;5304,320;5308,334;5313,318;5317,338;5321,306;5326,320;5330,302;5334,316;5339,314;5343,320;5348,332;5352,316;5356,314;5361,312;5365,316;5369,300;5374,328;5378,310;5382,336;5387,308;5391,314;5395,324;5400,322;5404,334;5408,318;5413,332;5417,306;5422,320;5426,304;5430,330;5435,314;5439,320;5443,318;5448,316;5452,316;5456,314;5461,326;5465,302;5469,328;5474,298;5478,326;5482,294;5487,322;5491,328;5496,310;5500,324;5504,322;5509,322;5513,296;5517,324;5522,308;5526,334;5530,304;5535,332;5539,322;5543,320;5548,320;5552,304;5556,316;5561,308;5565,320;5570,302;5574,316;5578,314;5583,326;5587,330;5591,302;5596,326;5600,312;5604,338;5609,308;5613,326;5617,310;5622,326;5626,306;5630,334;5635,304;5639,322;5644,320;5648,320;5652,332;5657,316;5661,334;5665,304;5670,332;5674,316;5678,328;5683,298;5687,316;5691,328;5696,326;5700,324;5705,322;5709,322;5713,310;5718,324;5722,308;5726,334;5731,304;5735,322;5739,336;5744,318;5748,332;5752,316;5757,314;5761,302;5765,316;5770,314;5774,328;5779,296;5783,314;5787,326;5792,312;5796,324;5800,322;5805,334;5809,298;5813,322;5818,294;5822,320;5826,304;5831,316;5835,334;5839,320;5844,318;5848,316;5853,316;5857,304;5861,332;5866,316;5870,342;5874,312;5879,338;5883,328;5887,314;5892,326;5896,324;5900,336;5905,298;5909,324;5914,308;5918,334;5922,306;5927,332;5931,322;5935,320;5940,320;5944,304;5948,316;5953,314;5957,334;5961,304;5966,316;5970,314;5974,326;5979,298;5983,316;5988,328;5992,312;5996,324;6001,310;6005,328;6009,312;6014,324;6018,308;6022,336;6027,292;6031,324;6035,336;6040,308;6044,320;6048,318;6053,316;6057,292;6062,318;6066,316;6070,330;6075,312;6079,316;6083,328;6088,316;6092,326;6096,326;6101,324;6105,300;6109,326;6114,298;6118,322;6122,306;6127,334;6131,324;6136,310;6140,336;6144,318;6149,332;6153,308;6157,320;6162,318;6166,332;6170,316;6175,314;6179,332;6183,318;6188,330;6192,314;6196,326;6201,310;6205,328;6210,300;6214,324;6218,296;6223,322;6227,328;6231,326;6236,324;6240,322;6244,322;6249,318;6253,324;6257,306;6262,334;6266,304;6271,330;6275,320;6279,318;6284,332;6288,316;6292,328;6297,316;6301,318;6305,302;6310,328;6314,298;6318,324;6323,294;6327,312;6331,326;6336,310;6340,322;6345,306;6349,324;6353,310;6358,322;6362,320;6366,318;6371,302;6375,308;6379,332;6384,318;6388,330;6392,300;6397,326;6401,302;6405,314;6410,284;6414,310;6419,294;6423,286;6427,312;6432,310;6436,322;6440,306;6445,304;6449,280;6453,308;6458,292;6462,304;6466,288;6471,292;6475,306;6479,290;6484,302;6488,286;6493,300;6497,290;6501,302;6506,286;6510,314;6514,296;6519,310;6523,314;6527,300;6532,310;6536,296;6540,308;6545,296;6549,296;6553,294;6558,306;6562,290;6567,316;6571,306;6575,290;6580,316;6584,300;6588,314;6593,296;6597,302;6601,284;6606,312;6610,282;6614,308;6619,292;6623,296;6627,310;6632,292;6636,306;6641,304;6645,308;6649,292;6654,318;6658,288;6662,314;6667,284;6671,274;6675,300;6680,298;6684,312;6688,296;6693,300;6697,298;6702,310;6706,294;6710,308;6715,290;6719,310;6723,308;6728,308;6732,304;6736,288;6741,302;6745,278;6749,304;6754,274;6758,288;6762,272;6767,276;6771,302;6776,288;6780,286;6784,240;6789,282;6793,260;6797,284;6802,254;6806,282;6810,266;6815,256;6819,282;6823,266;6828,278;6832,234;6837,288;6841,264;6845,276;6850,262;6854,274;6858,258;6863,262;6867,288;6871,272;6876,270;6880,240;6884,280;6889,256;6893,284;6897,252;6902,266;6906,264;6911,276;6915,280;6919,264;6924,276;6928,232;6932,286;6937,262;6941,276;6945,258;6950,258;6954,272;6958,284;6963,286;6967,256;6971,270;6976,226;6980,280;6985,278;6989,270;6993,266;6998,266;7002,250;7006,276;7011,246;7015,266;7019,278;7024,232;7028,286;7032,286;7037,278;7041,246;7045,274;7050,272;7054,284;7059,268;7063,258;7067,272;7072,226;7076,280;7080,266;7085,278;7089,268;7093,266;7098,264;7102,276;7106,274;7111,264;7115,278;7119,232;7124,274;7128,272;7133,284;7137,260;7141,272;7146,270;7150,284;7154,254;7159,258;7163,270;7167,254;7172,282;7176,266;7180,278;7185,268;7189,280;7193,264;7198,276;) of size 460\r\nSTEPPER: Moving to mstep: 5200 with speed [msteps/sec]: 4000 in SpreadCycle.\r\n'), 14:05:24
bytearray(b'STEPPER: Moved 2000.00 msteps (ramp: 35%) in 699.764 ms -> average speed [msteps/sec]: 2858.11\r\nSTEPPER: Moving to mstep: 7200 with speed [msteps/sec]: 1000 in StealthChop.\r\n'), 14:05:25
bytearray(b'STEPPER: Estimate 5: [msteps] 6780\r\nSTEPPER: buffer (5200,280;5204,322;5208,320;5213,318;5217,308;5221,322;5226,304;5230,332;5234,316;5239,328;5243,318;5247,304;5252,316;5256,314;5260,326;5265,302;5269,330;5274,300;5278,328;5282,310;5287,338;5291,328;5295,312;5300,324;5304,322;5308,320;5313,320;5317,324;5321,308;5326,320;5330,304;5334,332;5339,302;5343,306;5348,332;5352,316;5356,330;5361,314;5365,318;5369,314;5374,314;5378,298;5382,326;5387,308;5391,314;5395,326;5400,310;5404,322;5408,322;5413,334;5417,310;5422,324;5426,306;5430,334;5435,302;5439,310;5443,320;5448,320;5452,330;5456,314;5461,326;5465,304;5469,330;5474,300;5478,326;5482,296;5487,322;5491,328;5496,312;5500,324;5504,322;5509,320;5513,310;5517,338;5522,308;5526,320;5530,304;5535,330;5539,320;5543,304;5548,318;5552,316;5556,314;5561,312;5565,332;5570,302;5574,328;5578,298;5583,324;5587,330;5591,314;5596,326;5600,310;5604,338;5609,306;5613,326;5617,308;5622,320;5626,306;5631,318;5635,302;5639,308;5644,320;5648,318;5652,330;5657,314;5661,334;5665,302;5670,328;5674,298;5678,324;5683,310;5687,314;5691,326;5696,310;5700,322;5705,320;5709,324;5713,294;5718,322;5722,304;5726,332;5731,316;5735,320;5739,332;5744,316;5748,316;5752,300;5757,326;5761,316;5765,328;5770,312;5774,324;5779,308;5783,312;5787,338;5792,322;5796,322;5800,320;5805,332;5809,310;5813,336;5818,306;5822,318;5826,304;5831,330;5835,320;5839,304;5844,330;5848,316;5853,314;5857,304;5861,344;5866,314;5870,326;5874,296;5879,322;5883,328;5887,312;5892,324;5896,310;5900,320;5905,318;5909,324;5913,294;5918,320;5922,304;5927,332;5931,316;5935,306;5940,320;5944,304;5948,330;5953,314;5957,318;5961,302;5966,328;5970,314;5974,326;5979,308;5983,314;5987,326;5992,310;5996,338;6001,322;6005,324;6009,296;6014,322;6018,320;6022,332;6027,302;6031,322;6035,320;6040,318;6044,316;6048,314;6053,326;6057,304;6061,330;6066,300;6070,326;6075,310;6079,314;6083,328;6088,312;6092,324;6096,322;6101,320;6105,310;6109,336;6114,306;6118,320;6122,304;6127,330;6131,322;6136,306;6140,330;6144,316;6149,328;6153,304;6157,330;6162,314;6166,326;6170,310;6175,324;6179,328;6183,312;6188,338;6192,322;6196,320;6201,310;6205,336;6210,306;6214,318;6218,318;6223,330;6227,334;6231,318;6236,318;6240,314;6244,314;6249,310;6253,342;6257,314;6262,326;6266,310;6271,324;6275,306;6279,312;6284,326;6288,322;6292,334;6297,318;6301,324;6305,308;6310,320;6314,304;6318,318;6323,300;6327,320;6331,332;6336,316;6340,328;6345,312;6349,324;6353,314;6358,328;6362,312;6366,324;6371,308;6375,312;6379,324;6384,308;6388,320;6392,304;6397,316;6401,294;6405,320;6410,290;6414,302;6419,284;6423,304;6427,316;6432,302;6436,314;6440,298;6445,310;6449,286;6453,312;6458,298;6462,310;6466,280;6471,306;6475,298;6479,296;6484,308;6488,306;6493,320;6497,282;6501,308;6506,292;6510,304;6514,288;6519,302;6523,320;6527,292;6532,318;6536,302;6540,314;6545,290;6549,302;6553,286;6558,312;6562,282;6567,310;6571,314;6575,284;6580,298;6584,294;6588,308;6593,292;6597,296;6601,280;6606,308;6610,292;6614,304;6619,288;6623,294;6627,306;6632,290;6636,302;6641,300;6645,306;6649,276;6654,302;6658,286;6662,310;6667,296;6671,286;6675,298;6680,296;6684,310;6688,294;6693,306;6697,296;6702,308;6706,292;6710,304;6715,288;6719,296;6723,306;6728,292;6732,304;6736,288;6741,314;6745,278;6749,304;6754,288;6758,286;6762,270;6767,274;6771,300;6776,284;6780,298;6784,266;6789,294;6793,256;6797,282;6802,252;6806,278;6810,248;6815,266;6819,280;6823,276;6828,290;6832,260;6836,286;6841,276;6845,288;6850,272;6854,284;6858,256;6863,260;6867,272;6871,242;6876,282;6880,266;6884,278;6889,270;6893,282;6897,264;6902,276;6906,260;6911,274;6915,278;6919,248;6924,288;6928,258;6932,284;6937,260;6941,272;6945,258;6950,284;6954,268;6958,280;6963,270;6967,254;6971,280;6976,264;6980,276;6985,234;6989,294;6993,264;6998,290;7002,260;7006,286;7011,262;7015,246;7019,286;7024,256;7028,268;7032,254;7037,270;7041,242;7045,268;7050,250;7054,278;7059,248;7063,238;7067,278;7072,262;7076,276;7080,260;7085,272;7089,276;7093,288;7098,272;7102,286;7106,256;7111,260;7115,286;7119,270;7124,282;7128,266;7133,278;7137,268;7141,280;7146,264;7150,276;7154,260;7159,250;7163,278;7167,248;7172,288;7176,258;7180,284;7185,274;7189,288;7194,258;7198,284;) of size 460\r\nSTEPPER: Moving to mstep: 5200 with speed [msteps/sec]: 4000 in SpreadCycle.\r\n'), 14:05:27
bytearray(b'STEPPER: Moved 2000.00 msteps (ramp: 35%) in 699.764 ms -> average speed [msteps/sec]: 2858.11\r\nSTEPPER: Moving to mstep: 7200 with speed [msteps/sec]: 1000 in StealthChop.\r\n'), 14:05:28
bytearray(b'STEPPER: Estimate 6: [msteps] 6780\r\nSTEPPER: buffer (5200,284;5204,324;5208,322;5213,334;5217,296;5221,308;5226,292;5230,320;5234,302;5239,330;5243,320;5247,304;5252,316;5256,314;5260,328;5265,304;5269,330;5274,314;5278,326;5282,312;5287,324;5291,326;5295,312;5300,324;5304,320;5308,334;5313,318;5317,324;5321,306;5326,320;5330,304;5334,330;5339,300;5343,304;5348,318;5352,314;5356,326;5361,310;5365,330;5369,314;5374,324;5378,296;5382,320;5387,306;5391,310;5395,336;5400,306;5404,332;5408,302;5413,328;5417,318;5422,332;5426,302;5430,328;5435,312;5439,316;5443,330;5448,312;5452,326;5456,310;5461,322;5465,312;5469,340;5474,310;5478,322;5483,306;5487,326;5491,322;5496,322;5500,320;5504,318;5509,330;5513,306;5517,334;5522,304;5526,330;5530,300;5535,328;5539,316;5543,316;5548,328;5552,312;5557,326;5561,302;5565,328;5570,312;5574,324;5578,296;5583,322;5587,326;5591,310;5596,322;5600,306;5604,332;5609,304;5613,334;5617,304;5622,332;5626,314;5631,342;5635,318;5639,316;5644,328;5648,312;5652,324;5657,308;5661,340;5665,310;5670,322;5674,306;5678,320;5683,304;5687,322;5691,334;5696,318;5700,330;5705,316;5709,320;5713,302;5718,316;5722,300;5726,326;5731,310;5735,314;5739,326;5744,310;5748,322;5752,306;5757,318;5761,310;5765,322;5770,306;5774,320;5779,302;5783,306;5787,334;5792,316;5796,330;5800,328;5805,340;5809,302;5813,316;5818,314;5822,326;5826,310;5831,336;5835,326;5839,312;5844,324;5848,308;5853,320;5857,312;5861,324;5866,308;5870,334;5874,306;5879,318;5883,322;5887,320;5892,332;5896,318;5900,328;5905,292;5909,318;5914,302;5918,328;5922,312;5927,338;5931,330;5935,314;5940,326;5944,310;5948,322;5953,308;5957,340;5961,310;5966,338;5970,308;5974,334;5979,304;5983,310;5988,322;5992,306;5996,332;6001,318;6005,322;6009,304;6014,318;6018,302;6022,328;6027,312;6031,318;6035,330;6040,314;6044,326;6049,308;6053,322;6057,312;6062,326;6066,296;6070,322;6075,306;6079,326;6083,324;6088,322;6092,320;6096,318;6101,330;6105,308;6109,320;6114,304;6118,330;6123,302;6127,320;6131,332;6136,316;6140,316;6144,314;6149,326;6153,302;6157,328;6162,312;6166,326;6170,308;6175,336;6179,326;6183,312;6188,324;6192,320;6197,334;6201,296;6205,322;6210,306;6214,332;6218,302;6223,316;6227,334;6231,318;6236,330;6240,328;6244,328;6249,312;6253,330;6257,300;6262,338;6266,312;6271,338;6275,308;6279,312;6284,324;6288,322;6292,320;6297,318;6301,336;6305,306;6310,320;6314,302;6318,316;6323,298;6327,316;6331,330;6336,314;6340,312;6345,310;6349,322;6353,312;6358,326;6362,310;6366,322;6371,306;6375,310;6379,322;6384,306;6388,332;6392,316;6397,330;6401,292;6405,318;6410,288;6414,314;6419,298;6423,302;6427,314;6432,298;6436,312;6440,296;6445,308;6449,284;6453,310;6458,294;6462,320;6466,292;6471,282;6475,308;6479,294;6484,306;6488,290;6493,316;6497,292;6501,304;6506,288;6510,302;6514,300;6519,312;6523,304;6527,302;6532,314;6536,298;6540,312;6545,286;6549,312;6554,282;6558,308;6562,292;6567,306;6571,310;6575,294;6580,306;6584,290;6588,316;6593,288;6597,306;6601,276;6606,302;6610,286;6614,314;6619,284;6623,288;6628,314;6632,298;6636,310;6641,294;6645,314;6649,284;6654,324;6658,280;6662,306;6667,290;6671,296;6675,322;6680,292;6684,318;6688,304;6693,306;6697,292;6702,304;6706,288;6710,302;6715,286;6719,304;6723,304;6728,288;6732,316;6736,300;6741,290;6745,274;6749,288;6754,272;6758,298;6763,282;6767,274;6771,300;6776,270;6780,298;6784,280;6789,294;6793,256;6797,282;6802,268;6806,280;6810,264;6815,268;6819,282;6823,266;6828,292;6832,264;6837,290;6841,250;6845,278;6850,248;6854,274;6858,246;6863,272;6867,290;6871,276;6876,288;6880,272;6884,270;6889,260;6893,288;6897,272;6902,270;6906,268;6911,280;6915,284;6919,268;6924,282;6928,238;6932,280;6937,256;6941,280;6945,250;6950,278;6954,262;6958,274;6963,278;6967,264;6971,288;6976,274;6980,286;6985,256;6989,274;6993,258;6998,272;7002,242;7006,268;7011,238;7015,272;7019,284;7024,268;7028,280;7032,234;7037,284;7041,252;7046,280;7050,250;7054,276;7059,260;7063,250;7067,278;7072,276;7076,288;7080,258;7085,264;7089,246;7093,260;7098,258;7102,270;7106,254;7111,272;7115,286;7120,256;7124,282;7128,266;7133,278;7137,270;7141,282;7146,278;7150,278;7154,262;7159,252;7163,278;7167,248;7172,276;7176,260;7180,286;7185,248;7189,274;7194,246;7198,286;) of size 460\r\nSTEPPER: Moving to mstep: 5200 with speed [msteps/sec]: 4000 in SpreadCycle.\r\n'), 14:05:31
bytearray(b'STEPPER: Moved 2000.00 msteps (ramp: 35%) in 699.764 ms -> average speed [msteps/sec]: 2858.11\r\nSTEPPER: Moving to mstep: 7200 with speed [msteps/sec]: 1000 in StealthChop.\r\n'), 14:05:31
bytearray(b'STEPPER: Estimate 7: [msteps] 6741\r\nSTEPPER: buffer (5200,288;5204,332;5208,318;5213,328;5217,304;5221,332;5226,302;5230,328;5234,298;5239,324;5243,330;5247,314;5252,326;5256,310;5260,322;5265,306;5269,338;5274,310;5278,322;5282,306;5287,332;5291,324;5295,322;5300,320;5304,318;5308,318;5313,314;5317,334;5321,306;5326,316;5330,300;5334,326;5339,310;5343,316;5348,328;5352,300;5356,326;5361,310;5365,328;5369,314;5374,326;5378,310;5382,324;5387,308;5391,312;5395,324;5400,308;5404,322;5408,306;5413,332;5417,308;5422,320;5426,304;5430,332;5435,316;5439,320;5443,318;5448,316;5452,330;5456,312;5461,326;5465,302;5469,328;5474,312;5478,338;5483,308;5487,312;5491,326;5496,324;5500,336;5504,320;5509,332;5513,308;5517,336;5522,292;5526,330;5530,302;5535,328;5539,320;5543,316;5548,330;5552,314;5557,324;5561,316;5565,328;5570,312;5574,326;5578,310;5583,322;5587,326;5591,312;5596,338;5600,306;5604,334;5609,318;5613,322;5617,306;5622,332;5626,316;5631,328;5635,318;5639,318;5644,330;5648,314;5652,326;5657,312;5661,330;5665,298;5670,326;5674,310;5678,322;5683,306;5687,326;5691,324;5696,322;5700,320;5705,318;5709,322;5713,292;5718,334;5722,302;5726,330;5731,300;5735,318;5739,330;5744,314;5748,326;5752,324;5757,324;5761,300;5766,326;5770,310;5774,322;5779,306;5783,312;5787,338;5792,322;5796,334;5800,316;5805,330;5809,292;5813,318;5818,302;5822,330;5826,298;5831,326;5835,330;5840,314;5844,326;5848,310;5853,322;5857,314;5861,340;5866,310;5870,322;5874,306;5879,334;5883,324;5887,322;5892,320;5896,318;5900,330;5905,292;5909,332;5914,302;5918,328;5922,298;5927,324;5931,328;5935,314;5940,326;5944,310;5948,322;5953,320;5957,326;5961,322;5966,322;5970,306;5974,332;5979,318;5983,308;5988,320;5992,304;5996,330;6001,316;6005,334;6009,318;6014,316;6018,302;6022,326;6027,312;6031,318;6035,328;6040,312;6044,326;6048,310;6053,322;6057,312;6062,326;6066,310;6070,336;6075,306;6079,312;6083,324;6088,308;6092,320;6096,320;6101,330;6105,306;6109,320;6114,304;6118,316;6122,314;6127,306;6131,318;6136,304;6140,316;6144,314;6149,326;6153,316;6157,328;6162,312;6166,324;6170,310;6175,338;6179,326;6183,310;6188,324;6192,322;6196,334;6201,312;6205,322;6210,306;6214,334;6218,318;6223,332;6227,322;6231,318;6236,332;6240,316;6244,328;6249,312;6253,330;6257,300;6262,328;6266,296;6270,322;6275,308;6279,312;6284,324;6288,308;6292,320;6297,318;6301,324;6305,306;6310,320;6314,302;6318,330;6323,300;6327,318;6331,330;6336,314;6340,326;6345,310;6349,322;6353,312;6358,326;6362,308;6366,336;6371,320;6375,310;6379,322;6384,320;6388,332;6392,302;6397,316;6401,292;6405,318;6410,302;6414,314;6419,284;6423,302;6427,316;6432,298;6436,310;6440,294;6445,308;6449,298;6453,310;6458,280;6462,306;6466,292;6471,296;6475,308;6480,306;6484,318;6488,302;6493,316;6497,292;6501,304;6506,274;6510,300;6514,284;6519,310;6523,316;6527,300;6532,312;6536,296;6540,308;6545,284;6549,310;6554,280;6558,308;6562,290;6567,304;6571,308;6575,306;6580,318;6584,288;6588,316;6593,276;6597,304;6601,272;6606,300;6610,284;6614,298;6619,280;6623,300;6628,312;6632,296;6636,308;6641,306;6645,312;6649,294;6654,308;6658,292;6662,318;6667,288;6671,278;6675,304;6680,288;6684,314;6688,298;6693,300;6697,286;6702,298;6706,282;6710,310;6715,278;6719,312;6723,310;6728,294;6732,306;6736,304;6741,302;6745,278;6749,304;6754,274;6758,286;6762,270;6767,276;6771,288;6776,244;6780,300;6784,282;6789,296;6793,270;6797,282;6802,252;6806,280;6810,234;6815,282;6819,282;6823,278;6828,278;6832,234;6837,288;6841,266;6845,292;6850,260;6854,274;6858,272;6863,284;6867,274;6871,230;6876,284;6880,270;6884,296;6889,258;6893,284;6898,268;6902,280;6906,266;6911,264;6915,282;6919,266;6924,292;6928,276;6932,288;6937,272;6941,276;6945,260;6950,272;6954,242;6958,270;6963,288;6967,256;6972,284;6976,268;6980,280;6985,264;6989,282;6993,266;6998,278;7002,262;7006,274;7011,258;7015,262;7019,288;7024,272;7028,284;7032,254;7037,272;7041,242;7046,268;7050,238;7054,294;7059,264;7063,266;7067,280;7072,234;7076,276;7080,274;7085,278;7089,262;7093,260;7098,272;7102,284;7106,268;7111,246;7115,272;7120,256;7124,282;7128,268;7133,294;7137,242;7141,284;7146,268;7150,278;7154,278;7159,240;7163,266;7167,222;7172,278;7176,276;7180,288;7185,264;7189,278;7194,248;7198,274;) of size 460\r\nSTEPPER: Moving to mstep: 5200 with speed [msteps/sec]: 4000 in SpreadCycle.\r\n'), 14:05:34
bytearray(b'STEPPER: Moved 2000.00 msteps (ramp: 35%) in 699.764 ms -> average speed [msteps/sec]: 2858.11\r\nSTEPPER: Moving to mstep: 7200 with speed [msteps/sec]: 1000 in StealthChop.\r\n'), 14:05:35
bytearray(b'STEPPER: Estimate 8: [msteps] 6771\r\nSTEPPER: buffer (5200,284;5204,328;5208,312;5213,324;5217,300;5221,312;5226,310;5230,322;5234,306;5239,334;5243,322;5247,308;5252,320;5256,318;5260,330;5265,302;5269,320;5274,304;5278,318;5282,302;5287,328;5291,320;5295,318;5300,330;5304,328;5308,326;5313,324;5317,328;5321,298;5326,324;5330,308;5334,322;5339,306;5343,310;5348,322;5352,308;5356,320;5361,316;5365,336;5369,306;5374,332;5378,302;5382,330;5387,300;5391,318;5395,330;5400,314;5404,328;5408,312;5413,324;5417,314;5422,328;5426,312;5430,324;5435,308;5439,312;5443,324;5448,310;5452,322;5456,306;5461,318;5465,310;5469,336;5474,308;5478,320;5483,304;5487,330;5491,324;5496,320;5500,320;5504,318;5509,330;5513,306;5517,332;5522,316;5526,316;5530,300;5535,326;5539,330;5543,316;5548,328;5552,312;5557,324;5561,314;5565,326;5570,310;5574,324;5578,308;5583,334;5587,324;5591,308;5596,322;5600,306;5604,332;5609,316;5613,320;5617,304;5622,318;5626,316;5631,330;5635,320;5639,304;5644,318;5648,316;5652,328;5657,312;5661,332;5665,302;5670,330;5674,314;5678,340;5683,310;5687,316;5691,328;5696,312;5700,326;5705,324;5709,314;5713,298;5718,326;5722,308;5726,336;5731,320;5735,312;5739,324;5744,308;5748,320;5752,306;5757,318;5761,308;5765,320;5770,320;5774,332;5779,316;5783,306;5787,320;5792,318;5796,330;5800,316;5805,328;5809,304;5813,318;5818,302;5822,328;5826,312;5831,326;5835,330;5839,314;5844,328;5848,312;5853,324;5857,300;5861,326;5866,312;5870,338;5874,310;5879,322;5883,326;5887,312;5892,324;5896,322;5900,320;5905,298;5909,324;5914,310;5918,336;5922,306;5927,320;5931,324;5935,324;5940,322;5944,308;5948,320;5953,304;5957,338;5961,322;5966,336;5970,320;5974,318;5979,302;5983,308;5988,334;5992,306;5996,332;6001,316;6005,322;6009,304;6014,332;6018,300;6022,328;6027,312;6031,316;6035,330;6040,314;6044,328;6049,312;6053,324;6057,302;6062,328;6066,312;6070,340;6075,310;6079,316;6083,328;6088,314;6092,326;6096,322;6101,322;6105,300;6109,326;6114,310;6118,338;6123,308;6127,314;6131,326;6136,324;6140,324;6144,308;6149,320;6153,312;6157,324;6162,324;6166,336;6170,320;6175,320;6179,324;6183,310;6188,336;6192,306;6197,332;6201,296;6205,322;6210,306;6214,334;6218,304;6223,316;6227,322;6231,320;6236,320;6240,316;6244,316;6249,300;6253,332;6257,318;6262,330;6266,314;6271,326;6275,318;6279,316;6284,328;6288,312;6292,326;6297,310;6301,328;6305,312;6310,326;6314,308;6318,322;6323,306;6327,324;6331,322;6336,308;6340,320;6345,304;6349,316;6353,322;6358,332;6362,316;6366,330;6371,314;6375,318;6379,332;6384,316;6388,328;6392,298;6397,324;6401,302;6405,328;6410,298;6414,310;6419,294;6423,314;6427,312;6432,296;6436,310;6440,294;6445,306;6449,298;6453,324;6458,294;6462,306;6466,290;6471,296;6475,308;6479,294;6484,306;6488,290;6493,304;6497,294;6501,320;6506,290;6510,304;6514,288;6519,302;6523,320;6527,290;6532,316;6536,286;6540,300;6545,290;6549,316;6554,300;6558,314;6562,298;6567,310;6571,312;6575,300;6580,312;6584,296;6588,310;6593,272;6597,312;6601,282;6606,310;6610,280;6614,306;6619,310;6623,294;6628,308;6632,292;6636,318;6641,302;6645,308;6649,278;6654,304;6658,274;6662,314;6667,286;6671,290;6675,316;6680,300;6684,312;6688,298;6693,302;6697,286;6702,312;6706,284;6710,310;6715,278;6719,298;6723,310;6728,308;6732,322;6736,292;6741,304;6745,280;6749,294;6754,278;6758,290;6762,274;6767,280;6771,292;6776,276;6780,290;6784,260;6789,300;6793,262;6797,274;6802,244;6806,284;6810,254;6815,258;6819,286;6823,270;6828,282;6832,266;6836,292;6841,268;6845,280;6850,264;6854,292;6858,276;6863,288;6867,278;6871,262;6876,288;6880,260;6884,286;6889,248;6893,274;6897,246;6902,272;6906,256;6911,268;6915,288;6919,272;6924,284;6928,254;6932,296;6937,244;6941,270;6945,240;6950,294;6954,280;6958,280;6963,282;6967,238;6971,266;6976,236;6980,276;6985,276;6989,280;6993,250;6998,276;7002,246;7006,274;7011,244;7015,250;7019,290;7024,288;7028,286;7032,272;7037,276;7041,248;7045,274;7050,244;7054,270;7059,254;7063,260;7067,286;7072,270;7076,282;7080,254;7085,280;7089,270;7093,282;7098,266;7102,280;7106,250;7111,282;7115,282;7120,264;7124,292;7128,276;7133,288;7137,266;7141,278;7146,248;7150,274;7154,260;7159,250;7163,290;7167,262;7172,288;7176,258;7180,286;7185,248;7189,272;7194,244;7198,270;) of size 460\r\nSTEPPER: Moving to mstep: 5200 with speed [msteps/sec]: 4000 in SpreadCycle.\r\n'), 14:05:37
bytearray(b'STEPPER: Moved 2000.00 msteps (ramp: 35%) in 699.756 ms -> average speed [msteps/sec]: 2858.14\r\nSTEPPER: Moving to mstep: 7200 with speed [msteps/sec]: 1000 in StealthChop.\r\n'), 14:05:38
bytearray(b'STEPPER: Estimate 9: [msteps] 6749\r\nSTEPPER: buffer (5200,284;5204,322;5208,320;5213,318;5217,310;5221,322;5226,306;5230,332;5234,302;5239,330;5243,318;5247,304;5252,328;5256,312;5260,326;5265,302;5269,328;5273,298;5278,324;5282,308;5287,320;5291,324;5295,322;5300,336;5304,334;5308,332;5313,330;5317,320;5321,318;5326,330;5330,314;5334,328;5339,310;5343,314;5347,328;5352,312;5356,324;5361,322;5365,326;5369,312;5374,324;5378,294;5382,320;5387,304;5391,308;5395,334;5400,320;5404,332;5408,316;5413,328;5417,302;5422,330;5426,314;5430,328;5435,312;5439,314;5443,328;5448,312;5452,324;5456,310;5461,322;5465,312;5469,338;5474,308;5478,320;5482,304;5487,316;5491,336;5496,320;5500,332;5504,316;5509,328;5513,290;5517,316;5522,314;5526,326;5530,310;5535,336;5539,326;5543,310;5548,322;5552,308;5556,320;5561,310;5565,324;5570,306;5574,318;5578,316;5583,330;5587,320;5591,318;5596,330;5600,314;5604,326;5609,312;5613,330;5617,314;5622,326;5626,310;5631,336;5635,306;5639,310;5644,324;5648,308;5652,320;5657,318;5661,322;5665,306;5670,332;5674,316;5678,330;5683,298;5687,318;5691,330;5696,328;5700,326;5705,312;5709,316;5713,316;5718,326;5722,312;5726,324;5731,294;5735,312;5739,326;5744,310;5748,336;5752,306;5757,320;5761,308;5765,334;5770,306;5774,318;5779,316;5783,322;5787,332;5792,318;5796,330;5800,314;5805,342;5809,304;5813,330;5818,314;5822,340;5826,310;5831,336;5835,328;5839,312;5844,324;5848,308;5853,320;5857,310;5861,338;5866,308;5870,322;5874,318;5879,332;5883,322;5887,320;5892,318;5896,316;5900,330;5905,328;5909,332;5913,302;5918,330;5922,298;5927,324;5931,310;5935,314;5940,326;5944,324;5948,322;5953,322;5957,314;5961,310;5966,338;5970,322;5974,320;5979,304;5983,322;5987,336;5992,320;5996,332;6001,316;6005,328;6009,304;6014,316;6018,314;6022,328;6027,310;6031,316;6035,328;6040,326;6044,324;6048,310;6053,334;6057,298;6062,338;6066,306;6070,334;6075,304;6079,322;6083,334;6088,332;6092,332;6096,316;6101,328;6105,302;6109,330;6114,300;6118,326;6122,296;6127,324;6131,328;6136,310;6140,324;6144,308;6149,320;6153,312;6157,322;6162,308;6166,334;6170,304;6175,330;6179,320;6183,318;6188,332;6192,314;6196,328;6201,302;6205,316;6210,314;6214,326;6218,296;6223,322;6227,326;6231,324;6236,324;6240,320;6244,320;6249,304;6253,322;6257,306;6262,332;6266,302;6271,328;6275,318;6279,318;6284,330;6288,328;6292,326;6297,324;6301,328;6305,298;6310,324;6314,294;6318,334;6323,304;6327,308;6331,322;6336,304;6340,316;6345,314;6349,314;6353,304;6358,330;6362,314;6366,326;6371,310;6375,314;6379,326;6384,312;6388,322;6392,308;6397,334;6401,296;6405,322;6410,292;6414,306;6419,290;6423,294;6427,308;6432,292;6436,318;6440,302;6445,314;6449,290;6453,304;6458,302;6462,314;6466,284;6471,310;6475,316;6479,298;6484,298;6488,296;6493,308;6497,298;6501,310;6506,296;6510,308;6514,290;6519,304;6523,308;6527,278;6532,304;6536,302;6540,314;6545,292;6549,304;6553,288;6558,312;6562,298;6567,310;6571,314;6575,268;6580,310;6584,294;6588,308;6593,290;6597,296;6601,278;6606,306;6610,276;6614,302;6619,300;6623,290;6627,304;6632,288;6636,314;6641,284;6645,316;6649,288;6654,314;6658,298;6662,310;6667,294;6671,298;6675,312;6680,296;6684,308;6688,306;6693,296;6697,282;6702,308;6706,290;6710,304;6715,274;6719,306;6723,320;6728,304;6732,316;6736,300;6741,312;6745,288;6749,300;6754,270;6758,284;6762,282;6767,258;6771,284;6776,282;6780,296;6784,264;6789,278;6793,268;6797,280;6802,264;6806,276;6810,260;6815,266;6819,292;6823,248;6828,276;6832,274;6836,286;6841,262;6845,274;6850,274;6854,286;6858,270;6863,296;6867,260;6871,244;6876,284;6880,282;6884,282;6889,270;6893,270;6897,254;6902,266;6906,250;6911,276;6915,282;6919,266;6924,292;6928,262;6932,274;6937,230;6941,278;6945,260;6950,274;6954,256;6958,270;6963,288;6967,272;6971,284;6976,270;6980,282;6985,252;6989,270;6993,254;6998,280;7002,250;7006,278;7011,260;7015,236;7019,278;7024,262;7028,288;7032,258;7037,262;7041,274;7045,288;7050,272;7054,284;7059,268;7063,230;7067,284;7072,270;7076,282;7080,266;7085,278;7089,256;7093,266;7098,266;7102,264;7106,278;7111,282;7115,294;7119,264;7124,278;7128,232;7133,286;7137,264;7141,274;7146,258;7150,272;7154,270;7159,282;7163,286;7167,270;7172,282;7176,254;7180,280;7185,270;7189,282;7193,266;7198,278;) of size 460\r\nSTEPPER: Moving to mstep: 5200 with speed [msteps/sec]: 4000 in SpreadCycle.\r\n'), 14:05:40
bytearray(b'STEPPER: Moved 2000.00 msteps (ramp: 35%) in 699.756 ms -> average speed [msteps/sec]: 2858.14\r\nSTEPPER: Moving to mstep: 7200 with speed [msteps/sec]: 1000 in StealthChop.\r\n'), 14:05:41
bytearray(b'STEPPER: Estimate 10: [msteps] 6758\r\nSTEPPER: buffer (5200,282;5204,310;5208,294;5213,322;5217,310;5221,322;5226,306;5230,320;5234,304;5239,330;5243,322;5247,318;5252,318;5256,314;5260,328;5265,304;5269,328;5274,314;5278,326;5282,310;5287,336;5291,326;5295,324;5300,324;5304,320;5308,320;5313,320;5317,336;5321,306;5326,320;5330,304;5335,330;5339,312;5343,318;5348,330;5352,316;5356,312;5361,312;5365,330;5369,300;5374,326;5378,310;5382,324;5387,308;5391,312;5395,338;5400,308;5404,334;5409,318;5413,330;5417,308;5422,320;5426,304;5430,330;5435,302;5439,308;5443,336;5448,318;5452,330;5456,316;5461,326;5465,318;5469,332;5474,302;5478,328;5483,310;5487,318;5491,330;5496,314;5500,326;5504,326;5509,324;5513,314;5517,326;5522,310;5526,322;5530,306;5535,320;5539,324;5543,324;5548,322;5552,306;5557,318;5561,310;5565,336;5570,320;5574,320;5578,306;5583,330;5587,322;5591,318;5596,332;5600,316;5604,330;5609,314;5613,318;5617,302;5622,330;5626,314;5631,326;5635,296;5639,314;5644,324;5648,310;5652,324;5657,308;5661,342;5665,312;5670,324;5674,308;5678,320;5683,306;5687,324;5691,322;5696,320;5700,320;5705,304;5709,322;5713,308;5718,334;5722,304;5726,330;5731,300;5735,320;5739,332;5744,316;5748,328;5752,312;5757,324;5761,314;5766,342;5770,312;5774,338;5779,310;5783,328;5787,326;5792,324;5796,336;5800,320;5805,318;5809,310;5813,322;5818,306;5822,320;5826,302;5831,328;5835,334;5840,318;5844,332;5848,314;5853,326;5857,302;5861,330;5866,300;5870,326;5874,310;5879,336;5883,326;5887,324;5892,336;5896,320;5900,332;5905,294;5909,334;5914,304;5918,330;5922,302;5927,328;5931,332;5935,316;5940,328;5944,312;5948,324;5953,308;5957,342;5961,312;5966,324;5970,308;5974,320;5979,318;5983,308;5988,334;5992,318;5996,330;6001,314;6005,318;6009,302;6014,316;6018,298;6022,324;6027,308;6031,312;6035,324;6040,322;6044,334;6048,318;6053,330;6057,306;6062,332;6066,302;6070,328;6075,300;6079,316;6083,328;6088,314;6092,326;6096,324;6101,334;6105,312;6109,324;6114,294;6118,320;6122,304;6127,330;6131,334;6136,318;6140,332;6144,314;6149,314;6153,304;6157,330;6162,300;6166,326;6170,310;6175,322;6179,328;6183,312;6188,324;6192,308;6197,320;6201,310;6205,336;6210,306;6214,332;6218,304;6223,328;6227,332;6231,316;6236,316;6240,312;6244,326;6249,310;6253,328;6257,312;6262,324;6266,308;6271,320;6275,304;6279,322;6284,320;6288,318;6292,318;6297,330;6301,334;6305,304;6310,330;6314,300;6318,326;6323,310;6327,314;6331,326;6336,310;6340,322;6345,308;6349,324;6353,308;6358,322;6362,306;6366,318;6371,302;6375,320;6379,334;6384,316;6388,328;6392,312;6397,324;6401,302;6405,326;6410,296;6414,306;6419,280;6423,300;6427,312;6432,310;6436,308;6440,306;6445,304;6449,280;6453,308;6458,290;6462,318;6466,300;6471,292;6475,304;6480,302;6484,314;6488,298;6493,298;6497,286;6501,298;6506,284;6510,310;6514,294;6519,306;6523,312;6527,296;6532,308;6536,292;6540,304;6545,294;6549,306;6554,292;6558,304;6562,302;6567,314;6571,304;6575,302;6580,314;6584,284;6588,310;6593,282;6597,312;6601,296;6606,308;6610,292;6614,304;6619,310;6623,294;6628,320;6632,302;6636,316;6641,300;6645,304;6649,286;6654,314;6658,284;6662,310;6667,280;6671,284;6675,310;6680,294;6684,306;6688,290;6693,308;6697,292;6702,304;6706,288;6710,300;6715,284;6719,302;6723,314;6728,298;6732,310;6736,294;6741,306;6745,282;6749,294;6754,278;6758,290;6762,274;6767,278;6771,292;6776,276;6780,302;6784,274;6789,298;6793,246;6797,272;6802,256;6806,282;6810,252;6815,258;6819,284;6823,266;6828,282;6832,264;6837,276;6841,266;6845,280;6850,250;6854,276;6858,260;6863,250;6867,276;6871,262;6876,274;6880,258;6884,270;6889,260;6893,274;6897,258;6902,284;6906,268;6911,280;6915,272;6919,256;6924,268;6928,252;6932,280;6937,256;6941,282;6945,254;6950,280;6954,264;6958,278;6963,282;6967,252;6972,278;6976,248;6980,290;6985,260;6989,278;6993,262;6998,288;7002,260;7006,272;7011,242;7015,260;7019,286;7024,272;7028,284;7032,268;7037,274;7041,258;7046,284;7050,254;7054,280;7059,250;7063,254;7067,280;7072,266;7076,278;7080,234;7085,280;7089,266;7093,278;7098,262;7102,274;7106,258;7111,236;7115,276;7120,274;7124,286;7128,270;7133,282;7137,272;7141,284;7146,268;7150,282;7154,250;7159,256;7163,282;7167,266;7172,278;7176,262;7180,290;7185,238;7189,278;7194,262;7198,288;) of size 460\r\nSTEPPER: Final estimate: [mstep] 6764\r\nFound dispense position: [\xc2\xb5m] 33800\r\nreturn;find;6760\r\n\xef\xbf\xbdreceived from UR: find -> find (0,1)\r\nSTEPPER: Moving to mstep: 5200 with speed [msteps/sec]: 4000 in SpreadCycle.\r\n'), 14:05:43
bytearray(b'STEPPER: Moved 2000.00 msteps (ramp: 35%) in 699.764 ms -> average speed [msteps/sec]: 2858.11\r\nSTEPPER: Moving to mstep: 7200 with speed [msteps/sec]: 1000 in StealthChop.\r\n'), 14:05:44
bytearray(b'STEPPER: Estimate 1: [msteps] 6776\r\nSTEPPER: buffer (5200,280;5204,320;5208,290;5213,332;5217,294;5221,320;5226,304;5230,330;5234,300;5239,326;5243,332;5247,316;5252,328;5256,312;5260,324;5265,308;5269,326;5274,296;5278,322;5282,306;5287,320;5291,324;5295,322;5300,322;5304,320;5308,332;5313,316;5317,320;5321,304;5326,332;5330,316;5334,328;5339,312;5343,316;5348,330;5352,314;5356,324;5361,310;5365,328;5369,298;5374,324;5378,308;5382,334;5387,304;5391,308;5395,336;5400,318;5404,332;5408,316;5413,328;5417,304;5422,330;5426,300;5430,326;5435,310;5439,316;5443,328;5448,312;5452,324;5456,308;5461,322;5465,298;5469,324;5474,308;5478,334;5483,304;5487,332;5491,336;5496,320;5500,318;5504,316;5509,328;5513,306;5517,330;5522,302;5526,314;5530,312;5535,338;5539,328;5543,312;5548,324;5552,308;5557,334;5561,298;5565,322;5570,306;5574,320;5578,318;5583,330;5587,336;5591,306;5596,332;5600,316;5604,342;5609,314;5613,316;5617,300;5622,326;5626,310;5631,336;5635,294;5639,312;5644,322;5648,320;5652,334;5657,316;5661,320;5665,306;5670,332;5674,316;5678,328;5683,298;5687,316;5691,328;5696,312;5700,324;5705,322;5709,320;5713,310;5718,324;5722,306;5726,320;5731,318;5735,322;5739,320;5744,318;5748,330;5752,314;5757,326;5761,304;5765,316;5770,314;5774,326;5779,310;5783,316;5787,328;5792,314;5796,326;5800,310;5805,336;5809,300;5813,326;5818,310;5822,336;5826,306;5831,334;5835,324;5839,308;5844,320;5848,318;5853,332;5857,294;5861,320;5866,304;5870,330;5874,314;5879,328;5883,330;5887,316;5892,328;5896,326;5900,326;5905,302;5909,328;5914,298;5918,326;5922,294;5927,322;5931,328;5935,310;5940,322;5944,308;5948,320;5953,316;5957,336;5961,306;5966,318;5970,302;5974,330;5979,312;5983,304;5988,330;5992,314;5996,340;6001,312;6005,330;6009,314;6014,328;6018,298;6022,324;6027,308;6031,314;6035,326;6040,310;6044,336;6048,306;6053,318;6057,308;6062,334;6066,306;6070,332;6075,302;6079,322;6083,332;6088,318;6092,332;6096,316;6101,328;6105,304;6109,330;6114,300;6118,314;6123,298;6127,318;6131,316;6136,314;6140,326;6144,312;6149,324;6153,316;6157,328;6162,312;6166,326;6170,308;6175,336;6179,326;6183,312;6188,324;6192,322;6197,336;6201,310;6205,324;6210,294;6214,320;6218,306;6223,332;6227,322;6231,308;6236,320;6240,320;6244,332;6249,316;6253,320;6257,304;6262,332;6266,316;6271,342;6275,318;6279,318;6284,330;6288,328;6292,326;6297,326;6301,330;6305,316;6310,328;6314,298;6318,324;6323,308;6327,314;6331,326;6336,312;6340,322;6345,308;6349,320;6353,310;6358,324;6362,320;6366,332;6371,304;6375,308;6379,334;6384,318;6388,318;6392,314;6397,328;6401,290;6405,316;6410,300;6414,314;6419,270;6423,302;6427,316;6432,300;6436,312;6440,296;6445,308;6449,284;6453,310;6458,294;6462,322;6466,292;6471,296;6475,308;6479,292;6484,306;6488,276;6493,302;6497,292;6501,304;6506,302;6510,316;6514,286;6519,298;6523,316;6527,300;6532,300;6536,284;6540,310;6545,300;6549,312;6554,296;6558,296;6562,294;6567,306;6571,298;6575,280;6580,308;6584,278;6588,304;6593,302;6597,308;6601,292;6606,306;6610,288;6614,300;6619,286;6623,290;6628,302;6632,286;6636,312;6641,298;6645,316;6649,286;6654,312;6658,284;6662,324;6667,294;6671,284;6675,310;6680,282;6684,308;6688,306;6693,310;6697,296;6702,308;6706,294;6710,306;6715,290;6719,294;6723,308;6728,304;6732,316;6736,286;6741,312;6745,288;6749,300;6754,286;6758,284;6762,282;6767,286;6771,298;6776,282;6780,280;6784,264;6789,290;6793,266;6797,292;6802,264;6806,290;6810,260;6815,250;6819,276;6823,232;6828,286;6832,284;6836,296;6841,258;6845,286;6850,254;6854,282;6858,266;6863,242;6867,282;6871,280;6876,294;6880,278;6884,290;6889,252;6893,280;6897,262;6902,262;6906,260;6910,272;6915,276;6919,248;6924,274;6928,228;6932,284;6937,260;6941,272;6945,256;6950,270;6954,268;6958,280;6963,284;6967,282;6971,280;6976,264;6980,290;6985,260;6989,280;6993,262;6998,276;7002,260;7006,272;7011,256;7015,260;7019,272;7024,256;7028,284;7032,268;7037,286;7041,256;7045,282;7050,254;7054,280;7059,264;7063,282;7067,294;7072,266;7076,264;7080,248;7085,274;7089,264;7093,276;7098,260;7102,272;7106,256;7111,262;7115,274;7120,258;7124,270;7128,226;7133,282;7137,272;7141,284;7146,254;7150,280;7154,250;7159,254;7163,268;7167,224;7172,278;7176,276;7180,290;7185,250;7189,278;7194,248;7198,274;) of size 460\r\nSTEPPER: Moving to mstep: 5200 with speed [msteps/sec]: 4000 in SpreadCycle.\r\n'), 14:05:47
bytearray(b'STEPPER: Moved 2000.00 msteps (ramp: 35%) in 699.764 ms -> average speed [msteps/sec]: 2858.11\r\nSTEPPER: Moving to mstep: 7200 with speed [msteps/sec]: 1000 in StealthChop.\r\n'), 14:05:47
bytearray(b'STEPPER: Estimate 2: [msteps] 6758\r\nSTEPPER: buffer (5200,286;5204,316;5208,316;5213,328;5217,304;5221,330;5226,302;5230,330;5234,314;5239,340;5243,316;5247,300;5252,326;5256,312;5260,338;5265,298;5269,326;5274,310;5278,322;5282,308;5287,320;5291,338;5295,324;5300,334;5304,320;5308,318;5313,316;5317,334;5321,304;5326,318;5330,302;5334,328;5339,312;5343,316;5348,330;5352,314;5356,326;5361,310;5365,328;5369,312;5374,326;5378,308;5382,322;5387,306;5391,310;5395,338;5400,322;5404,334;5408,316;5413,316;5417,308;5422,318;5426,304;5430,330;5435,300;5439,320;5443,332;5448,316;5452,330;5456,314;5461,326;5465,304;5469,330;5474,300;5478,314;5482,298;5487,326;5491,330;5496,314;5500,326;5504,326;5509,324;5513,300;5517,328;5522,296;5526,324;5530,294;5535,320;5539,326;5543,310;5548,322;5552,306;5556,318;5561,316;5565,322;5570,318;5574,332;5578,302;5583,330;5587,332;5591,304;5596,330;5600,314;5604,340;5609,326;5613,316;5617,300;5622,326;5626,298;5630,322;5635,308;5639,312;5644,324;5648,308;5652,320;5657,320;5661,324;5665,308;5670,334;5674,306;5678,332;5683,316;5687,322;5691,334;5696,318;5700,330;5705,316;5709,328;5713,304;5718,318;5722,302;5726,328;5731,314;5735,318;5739,330;5744,316;5748,314;5752,310;5757,326;5761,302;5765,328;5770,312;5774,324;5779,308;5783,312;5787,340;5792,324;5796,336;5800,306;5805,332;5809,310;5813,324;5818,292;5822,332;5826,302;5831,316;5835,320;5839,304;5844,330;5848,300;5853,328;5857,304;5861,330;5866,314;5870,342;5874,310;5879,338;5883,328;5887,312;5892,324;5896,308;5900,334;5905,296;5909,322;5914,306;5918,320;5922,304;5927,330;5931,334;5935,318;5940,318;5944,316;5948,328;5953,314;5957,332;5961,316;5966,326;5970,312;5974,324;5979,308;5983,314;5988,326;5992,310;5996,336;6001,320;6005,324;6009,296;6014,322;6018,304;6022,318;6027,300;6031,320;6035,332;6040,302;6044,328;6048,312;6053,324;6057,300;6062,328;6066,310;6070,324;6075,308;6079,312;6083,324;6088,310;6092,320;6096,318;6101,332;6105,308;6109,334;6114,304;6118,330;6122,302;6127,328;6131,318;6136,316;6140,328;6144,312;6149,324;6153,302;6157,328;6162,312;6166,324;6170,308;6175,320;6179,326;6183,310;6188,336;6192,306;6196,332;6201,308;6205,322;6210,304;6214,318;6218,302;6223,342;6227,320;6231,318;6236,330;6240,314;6244,326;6249,310;6253,330;6257,300;6262,326;6266,308;6270,322;6275,306;6279,326;6284,324;6288,322;6292,334;6297,320;6301,324;6305,308;6310,322;6314,292;6318,332;6323,316;6327,320;6331,332;6336,318;6340,314;6345,314;6349,326;6353,316;6358,328;6362,312;6366,324;6371,308;6375,314;6379,326;6384,310;6388,336;6392,320;6397,332;6401,294;6405,320;6410,290;6414,316;6419,300;6423,292;6427,316;6432,286;6436,312;6440,298;6445,308;6449,286;6453,312;6458,296;6462,308;6466,292;6471,296;6475,310;6479,294;6484,304;6488,302;6493,302;6497,290;6501,304;6506,288;6510,300;6514,282;6519,296;6523,314;6527,298;6532,310;6536,296;6540,322;6545,282;6549,294;6553,292;6558,306;6562,288;6567,302;6571,304;6575,290;6580,314;6584,298;6588,310;6593,294;6597,314;6601,296;6606,296;6610,280;6614,306;6619,276;6623,294;6628,320;6632,304;6636,316;6641,300;6645,318;6649,288;6654,314;6658,284;6662,312;6667,296;6671,286;6675,298;6680,282;6684,308;6688,292;6693,306;6697,294;6702,308;6706,292;6710,304;6715,288;6719,294;6723,304;6728,274;6732,314;6736,296;6741,298;6745,288;6749,300;6754,284;6758,298;6762,270;6767,272;6771,286;6776,256;6780,282;6784,266;6789,292;6793,254;6797,282;6802,266;6806,278;6810,262;6815,266;6819,294;6823,264;6828,290;6832,274;6836,286;6841,262;6845,288;6850,274;6854,272;6858,270;6863,282;6867,286;6871,256;6876,284;6880,254;6884,280;6889,256;6893,268;6897,252;6902,280;6906,250;6910,276;6915,282;6919,264;6924,292;6928,248;6932,290;6937,260;6941,278;6945,262;6950,290;6954,260;6958,272;6963,278;6967,262;6971,288;6976,272;6980,284;6985,254;6989,274;6993,244;6998,270;7002,240;7006,266;7011,250;7015,270;7019,282;7024,252;7028,280;7032,264;7037,268;7041,252;7045,278;7050,248;7054,274;7059,246;7063,248;7067,290;7072,260;7076,274;7080,258;7085,284;7089,260;7093,274;7098,270;7102,284;7106,268;7111,274;7115,286;7119,270;7124,282;7128,250;7133,278;7137,240;7141,266;7146,250;7150,278;7154,234;7159,266;7163,280;7167,250;7172,290;7176,246;7180,286;7185,264;7189,276;7193,274;7198,286;) of size 460\r\nSTEPPER: Moving to mstep: 5200 with speed [msteps/sec]: 4000 in SpreadCycle.\r\n'), 14:05:50
bytearray(b'STEPPER: Moved 2000.00 msteps (ramp: 35%) in 699.764 ms -> average speed [msteps/sec]: 2858.11\r\nSTEPPER: Moving to mstep: 7200 with speed [msteps/sec]: 1000 in StealthChop.\r\n'), 14:05:51
bytearray(b'STEPPER: Estimate 3: [msteps] 6758\r\nSTEPPER: buffer (5200,288;5204,330;5208,300;5213,328;5217,304;5221,318;5226,302;5230,328;5234,300;5239,340;5243,330;5247,316;5252,328;5256,312;5260,326;5265,302;5269,328;5274,298;5278,326;5282,296;5287,322;5291,328;5295,326;5300,324;5304,322;5308,322;5313,320;5317,324;5321,308;5326,320;5330,306;5334,332;5339,314;5343,308;5348,320;5352,304;5356,318;5361,302;5365,320;5369,316;5374,332;5378,302;5382,328;5387,314;5391,318;5395,330;5400,314;5404,328;5408,312;5413,338;5417,300;5422,328;5426,312;5430,338;5435,308;5439,314;5443,326;5448,310;5452,324;5456,308;5461,320;5465,310;5469,338;5474,308;5478,336;5482,306;5487,318;5491,324;5496,322;5500,320;5504,318;5509,330;5513,308;5517,322;5522,304;5526,318;5530,304;5535,328;5539,332;5543,316;5548,330;5552,314;5556,326;5561,312;5565,330;5570,314;5574,314;5578,298;5583,324;5587,308;5591,314;5596,326;5600,310;5604,324;5609,320;5613,326;5617,296;5622,322;5626,306;5630,334;5635,304;5639,308;5644,320;5648,318;5652,330;5657,316;5661,320;5665,304;5670,330;5674,314;5678,342;5683,310;5687,316;5691,328;5696,326;5700,324;5705,322;5709,334;5713,296;5718,322;5722,306;5726,318;5731,302;5735,322;5739,318;5744,316;5748,316;5752,314;5757,328;5761,302;5765,314;5770,300;5774,326;5779,308;5783,314;5787,328;5792,310;5796,336;5800,320;5805,334;5809,294;5813,322;5818,306;5822,332;5826,302;5831,328;5835,332;5839,316;5844,316;5848,314;5853,326;5857,316;5861,330;5866,300;5870,340;5874,310;5879,322;5883,326;5887,326;5892,322;5896,322;5900,322;5905,296;5909,324;5913,308;5918,318;5922,304;5927,314;5931,312;5935,318;5940,316;5944,314;5948,326;5953,312;5957,330;5961,314;5966,326;5970,310;5974,324;5979,308;5983,312;5987,324;5992,308;5996,334;6001,318;6005,322;6009,306;6014,320;6018,304;6022,316;6027,300;6031,318;6035,330;6040,314;6044,326;6048,312;6053,322;6057,300;6061,328;6066,310;6070,322;6075,320;6079,310;6083,322;6088,322;6092,320;6096,318;6101,328;6105,306;6109,334;6114,304;6118,330;6122,300;6127,326;6131,316;6136,314;6140,324;6144,312;6149,324;6153,314;6157,326;6162,312;6166,324;6170,308;6175,322;6179,324;6183,308;6188,336;6192,320;6196,332;6201,316;6205,320;6210,304;6214,318;6218,300;6223,328;6227,318;6231,318;6236,314;6240,314;6244,326;6249,310;6253,328;6257,312;6262,338;6266,308;6270,320;6275,318;6279,322;6284,322;6288,320;6292,332;6297,316;6301,320;6305,290;6310,318;6314,316;6318,330;6323,298;6327,318;6331,330;6336,314;6340,326;6345,326;6349,322;6353,314;6358,340;6362,310;6366,336;6371,308;6375,312;6379,324;6384,308;6388,320;6392,304;6397,320;6401,294;6405,308;6410,290;6414,318;6419,288;6423,306;6427,320;6432,304;6436,316;6440,300;6445,312;6449,302;6453,316;6458,300;6462,312;6466,296;6471,286;6475,298;6479,296;6484,308;6488,294;6493,304;6497,294;6501,306;6506,290;6510,304;6514,288;6519,316;6523,306;6527,304;6532,316;6536,300;6540,312;6545,296;6549,314;6553,298;6558,310;6562,294;6567,308;6571,312;6575,296;6580,310;6584,292;6588,320;6593,290;6597,308;6601,290;6606,304;6610,288;6614,300;6619,286;6623,304;6627,316;6632,300;6636,312;6641,296;6645,314;6649,300;6654,312;6658,282;6662,308;6667,280;6671,296;6675,310;6680,294;6684,306;6688,292;6693,302;6697,294;6701,308;6706,290;6710,304;6715,288;6719,306;6723,318;6728,302;6732,314;6736,298;6741,312;6745,288;6749,300;6754,284;6758,298;6762,280;6767,270;6771,296;6776,280;6780,292;6784,278;6789,290;6793,264;6797,278;6802,276;6806,274;6810,258;6815,262;6819,288;6823,258;6828,284;6832,270;6837,282;6841,256;6845,284;6850,254;6854,280;6858,264;6863,228;6867,282;6871,280;6876,292;6880,276;6884,288;6889,252;6893,264;6897,264;6902,274;6906,258;6911,284;6915,276;6919,260;6924,286;6928,256;6932,284;6937,258;6941,272;6945,270;6950,282;6954,266;6958,278;6963,282;6967,252;6971,278;6976,248;6980,274;6985,260;6989,292;6993,262;6998,288;7002,258;7006,286;7011,254;7015,258;7019,284;7024,254;7028,282;7032,266;7037,270;7041,268;7045,282;7050,250;7054,278;7059,248;7063,266;7067,264;7072,248;7076,276;7080,246;7085,272;7089,262;7093,276;7098,260;7102,288;7106,242;7111,276;7115,288;7119,272;7124,284;7128,254;7133,268;7137,258;7141,282;7146,254;7150,280;7154,250;7159,268;7163,282;7167,250;7172,276;7176,260;7180,272;7185,264;7189,276;7194,260;7198,272;) of size 460\r\nSTEPPER: Moving to mstep: 5200 with speed [msteps/sec]: 4000 in SpreadCycle.\r\n'), 14:05:53
bytearray(b'STEPPER: Moved 2000.00 msteps (ramp: 35%) in 699.764 ms -> average speed [msteps/sec]: 2858.11\r\nSTEPPER: Moving to mstep: 7200 with speed [msteps/sec]: 1000 in StealthChop.\r\n'), 14:05:54
bytearray(b'STEPPER: Estimate 4: [msteps] 6762\r\nSTEPPER: buffer (5200,288;5204,324;5208,294;5213,320;5217,310;5221,322;5226,306;5230,334;5234,304;5239,330;5243,320;5247,306;5252,332;5256,316;5260,330;5265,312;5269,330;5274,302;5278,328;5282,298;5287,324;5291,316;5295,314;5300,326;5304,324;5308,322;5313,320;5317,324;5321,296;5326,322;5330,306;5334,318;5339,302;5343,320;5348,320;5352,318;5356,318;5361,314;5365,318;5369,302;5374,328;5378,314;5382,326;5387,308;5391,314;5395,328;5400,312;5404,338;5408,308;5413,334;5417,296;5422,322;5426,306;5430,318;5435,302;5439,320;5443,332;5448,318;5452,330;5456,300;5461,326;5465,302;5469,328;5474,312;5478,324;5483,308;5487,320;5491,324;5496,322;5500,334;5504,318;5509,316;5513,308;5517,320;5522,304;5526,330;5530,300;5535,326;5539,330;5543,328;5548,326;5552,310;5557,322;5561,308;5565,338;5570,308;5574,320;5578,304;5583,330;5587,334;5591,306;5596,332;5600,316;5604,328;5609,312;5613,316;5617,300;5622,326;5626,298;5631,324;5635,308;5639,312;5644,324;5648,308;5652,322;5657,306;5661,324;5665,308;5670,334;5674,306;5678,318;5683,300;5687,320;5691,332;5696,316;5700,328;5705,312;5709,324;5713,300;5718,326;5722,310;5726,322;5731,320;5735,310;5739,322;5744,306;5748,332;5752,316;5757,330;5761,318;5765,328;5770,300;5774,326;5779,310;5783,314;5787,326;5792,310;5796,336;5800,320;5805,332;5809,308;5813,320;5818,304;5822,330;5826,314;5831,326;5835,330;5839,314;5844,328;5848,310;5853,324;5857,312;5861,326;5866,308;5870,334;5874,304;5879,318;5883,320;5887,320;5892,332;5896,316;5900,328;5905,312;5909,330;5914,314;5918,326;5922,296;5927,322;5931,328;5935,312;5940,324;5944,308;5948,320;5953,318;5957,322;5961,306;5966,334;5970,304;5974,330;5979,314;5983,318;5988,330;5992,314;5996,326;6001,310;6005,328;6009,312;6014,324;6018,308;6022,320;6027,304;6031,322;6035,322;6040,320;6044,318;6049,314;6053,328;6057,304;6062,330;6066,300;6070,326;6075,310;6079,314;6083,328;6088,312;6092,322;6096,322;6101,320;6105,296;6109,324;6114,292;6118,318;6123,304;6127,330;6131,334;6136,320;6140,318;6144,316;6149,314;6153,304;6157,330;6162,316;6166,328;6170,312;6175,324;6179,328;6183,298;6188,326;6192,310;6197,322;6201,312;6205,324;6210,308;6214,320;6218,304;6223,316;6227,334;6231,318;6236,332;6240,316;6244,328;6249,312;6253,344;6257,314;6262,328;6266,298;6271,324;6275,308;6279,314;6284,326;6288,310;6292,322;6297,320;6301,324;6305,308;6310,336;6314,304;6318,318;6323,300;6327,320;6331,318;6336,316;6340,328;6345,312;6349,324;6353,314;6358,326;6362,310;6366,322;6371,308;6375,310;6379,324;6384,308;6388,334;6392,318;6397,328;6401,292;6405,318;6410,288;6414,314;6419,298;6423,302;6427,314;6432,298;6436,310;6440,294;6445,320;6449,282;6453,308;6458,280;6462,304;6466,288;6471,302;6475,320;6479,290;6484,316;6488,300;6493,312;6497,288;6501,314;6506,284;6510,298;6514,282;6519,294;6523,314;6527,310;6532,324;6536,308;6540,320;6545,280;6549,294;6554,290;6558,304;6562,302;6567,314;6571,302;6575,300;6580,314;6584,298;6588,310;6593,294;6597,298;6601,282;6606,308;6610,290;6614,304;6619,288;6623,290;6628,304;6632,302;6636,314;6641,270;6645,302;6649,286;6654,314;6658,296;6662,310;6667,292;6671,298;6675,310;6680,294;6684,322;6688,306;6693,310;6697,294;6702,306;6706,290;6710,316;6715,286;6719,292;6723,304;6728,302;6732,314;6736,298;6741,310;6745,286;6749,298;6754,282;6758,294;6762,292;6767,268;6771,282;6776,266;6780,292;6784,276;6789,290;6793,250;6797,276;6802,260;6806,286;6810,270;6815,260;6819,286;6823,270;6828,282;6832,280;6836,292;6841,254;6845,280;6850,264;6854,278;6858,246;6863,272;6867,278;6871,262;6876,272;6880,242;6884,284;6889,260;6893,272;6897,270;6902,282;6906,252;6910,278;6915,282;6919,266;6924,292;6928,248;6932,290;6937,260;6941,278;6945,262;6950,274;6954,258;6958,286;6963,276;6967,260;6971,272;6976,254;6980,282;6985,252;6989,270;6993,270;6998,282;7002,266;7006,280;7011,262;7015,238;7019,278;7024,248;7028,274;7032,258;7037,276;7041,260;7045,286;7050,270;7054,282;7059,266;7063,270;7067,284;7072,268;7076,280;7080,264;7085,276;7089,266;7093,278;7098,262;7102,274;7106,244;7111,278;7115,276;7119,260;7124,286;7128,270;7133,296;7137,258;7141,272;7146,270;7150,280;7154,266;7159,256;7163,282;7167,252;7172,280;7176,248;7180,276;7185,266;7189,264;7193,262;7198,274;) of size 460\r\nSTEPPER: Moving to mstep: 5200 with speed [msteps/sec]: 4000 in SpreadCycle.\r\n'), 14:05:56
bytearray(b'STEPPER: Moved 2000.00 msteps (ramp: 35%) in 699.756 ms -> average speed [msteps/sec]: 2858.14\r\nSTEPPER: Moving to mstep: 7200 with speed [msteps/sec]: 1000 in StealthChop.\r\n'), 14:05:57
bytearray(b'STEPPER: Estimate 5: [msteps] 6758\r\nSTEPPER: buffer (5200,282;5204,324;5208,322;5213,318;5217,310;5221,322;5226,308;5230,334;5234,304;5239,330;5243,320;5247,320;5252,318;5256,302;5260,314;5265,298;5269,332;5274,302;5278,328;5282,298;5287,312;5291,328;5295,326;5300,326;5304,312;5308,322;5313,308;5317,326;5321,296;5326,322;5330,306;5334,334;5339,304;5343,322;5348,320;5352,318;5356,330;5361,316;5365,334;5369,304;5374,330;5378,314;5382,328;5387,298;5391,318;5395,330;5400,312;5404,326;5408,324;5413,336;5417,314;5422,340;5426,310;5430,322;5435,292;5439,310;5443,324;5448,308;5452,320;5456,318;5461,330;5465,308;5469,320;5474,302;5478,332;5482,314;5487,326;5491,318;5496,316;5500,328;5504,326;5509,324;5513,300;5517,326;5522,298;5526,322;5530,308;5535,334;5539,326;5543,310;5548,322;5552,306;5556,318;5561,308;5565,320;5570,304;5574,318;5578,300;5583,328;5587,332;5591,316;5596,328;5600,326;5604,324;5609,324;5613,328;5617,298;5622,324;5626,306;5631,320;5635,302;5639,320;5644,334;5648,304;5652,330;5657,312;5661,332;5665,302;5670,328;5674,312;5678,324;5683,308;5687,312;5691,324;5696,324;5700,322;5705,320;5709,332;5713,308;5718,320;5722,304;5726,316;5731,314;5735,318;5739,318;5744,316;5748,314;5752,312;5757,324;5761,314;5765,326;5770,310;5774,324;5779,306;5783,324;5787,324;5792,322;5796,334;5800,318;5805,330;5809,306;5813,318;5818,302;5822,316;5826,314;5831,340;5835,330;5839,316;5844,328;5848,312;5853,326;5857,302;5861,328;5866,298;5870,324;5874,308;5879,336;5883,326;5887,310;5892,322;5896,306;5900,318;5905,316;5909,334;5913,306;5918,332;5922,302;5927,328;5931,318;5935,316;5940,328;5944,312;5948,326;5953,310;5957,328;5961,312;5966,324;5970,308;5974,322;5979,304;5983,310;5987,336;5992,306;5996,334;6001,318;6005,322;6009,306;6014,334;6018,302;6022,330;6027,300;6031,318;6035,316;6040,316;6044,328;6048,312;6053,324;6057,300;6062,340;6066,310;6070,338;6075,308;6079,312;6083,338;6088,324;6092,336;6096,320;6101,332;6105,294;6109,322;6114,306;6118,334;6122,316;6127,308;6131,320;6136,318;6140,318;6144,314;6149,328;6153,318;6157,330;6162,314;6166,328;6170,312;6175,338;6179,328;6183,314;6188,324;6192,322;6196,336;6201,298;6205,324;6210,308;6214,320;6218,304;6223,318;6227,336;6231,320;6236,332;6240,316;6244,328;6249,312;6253,332;6257,302;6262,328;6266,312;6271,338;6275,308;6279,312;6284,324;6288,322;6292,336;6297,320;6301,326;6305,296;6310,336;6314,306;6318,334;6323,304;6327,308;6331,322;6336,306;6340,318;6345,316;6349,330;6353,306;6358,334;6362,304;6366,316;6371,314;6375,306;6379,332;6384,302;6388,328;6392,314;6397,326;6401,288;6405,314;6410,298;6414,324;6419,294;6423,296;6427,310;6432,308;6436,320;6440,304;6445,318;6449,294;6453,306;6458,290;6462,316;6466,300;6471,292;6475,304;6479,302;6484,314;6488,298;6493,310;6497,286;6501,300;6506,282;6510,308;6514,292;6519,306;6523,310;6527,294;6532,306;6536,290;6540,304;6545,294;6549,306;6553,304;6558,318;6562,300;6567,300;6571,304;6575,288;6580,302;6584,286;6588,312;6593,296;6597,314;6601,284;6606,312;6610,280;6614,294;6619,292;6623,296;6627,308;6632,292;6636,318;6641,302;6645,308;6649,278;6654,304;6658,286;6662,314;6667,284;6671,304;6675,314;6680,284;6684,298;6688,296;6693,308;6697,298;6702,310;6706,280;6710,306;6715,290;6719,294;6723,306;6728,292;6732,316;6736,300;6741,314;6745,276;6749,288;6754,284;6758,296;6763,280;6767,256;6771,282;6776,266;6780,292;6784,276;6789,288;6793,278;6797,290;6802,274;6806,286;6810,270;6815,232;6819,286;6823,284;6828,284;6832,282;6837,292;6841,256;6845,268;6850,252;6854,278;6858,262;6863,238;6867,280;6871,278;6876,290;6880,276;6884,286;6889,262;6893,276;6897,260;6902,272;6906,256;6911,268;6915,286;6919,272;6924,284;6928,238;6932,280;6937,256;6941,268;6945,266;6950,278;6954,276;6958,276;6963,294;6967,278;6971,276;6976,260;6980,288;6985,258;6989,276;6993,260;6998,286;7002,272;7006,282;7011,254;7015,272;7019,284;7024,256;7028,282;7032,266;7037,284;7041,268;7045,280;7050,250;7054,276;7059,262;7063,266;7067,278;7072,232;7076,274;7080,272;7085,270;7089,260;7093,272;7098,270;7102,282;7106,266;7111,270;7115,282;7119,266;7124,278;7128,262;7133,288;7137,264;7141,264;7146,262;7150,274;7154,258;7159,248;7163,274;7167,258;7172,284;7176,268;7180,282;7185,270;7189,282;7193,266;7198,280;) of size 460\r\nSTEPPER: Moving to mstep: 5200 with speed [msteps/sec]: 4000 in SpreadCycle.\r\n'), 14:05:59
bytearray(b'STEPPER: Moved 2000.00 msteps (ramp: 35%) in 699.756 ms -> average speed [msteps/sec]: 2858.14\r\nSTEPPER: Moving to mstep: 7200 with speed [msteps/sec]: 1000 in StealthChop.\r\n'), 14:06:00
bytearray(b'STEPPER: Estimate 6: [msteps] 6758\r\nSTEPPER: buffer (5200,286;5204,320;5208,316;5213,328;5217,304;5221,316;5226,300;5230,326;5234,310;5239,336;5243,326;5247,310;5252,324;5256,320;5260,318;5265,296;5269,322;5274,304;5278,330;5282,300;5287,312;5291,330;5295,316;5300,328;5304,326;5308,324;5313,322;5317,326;5321,308;5326,336;5330,320;5334,318;5339,304;5343,308;5348,320;5352,304;5356,316;5361,300;5365,332;5369,316;5374,330;5378,312;5382,324;5387,308;5391,314;5395,326;5400,310;5404,324;5409,306;5413,332;5417,310;5422,336;5426,306;5430,318;5435,302;5439,320;5443,332;5448,316;5452,316;5456,300;5461,326;5465,316;5469,330;5474,314;5478,326;5483,310;5487,316;5491,328;5496,312;5500,324;5504,324;5509,322;5513,310;5517,324;5522,294;5526,320;5530,306;5535,318;5539,322;5543,308;5548,320;5552,316;5557,330;5561,304;5565,318;5570,302;5574,328;5578,312;5583,326;5587,330;5591,314;5596,340;5600,312;5604,326;5609,308;5613,326;5617,310;5622,322;5626,306;5631,332;5635,324;5639,308;5644,322;5648,304;5652,318;5657,316;5661,334;5665,318;5670,330;5674,300;5678,328;5683,312;5687,316;5691,328;5696,314;5700,326;5705,324;5709,322;5713,312;5718,324;5722,308;5726,336;5731,306;5735,310;5739,322;5744,306;5748,318;5752,316;5757,330;5761,320;5765,318;5770,302;5774,328;5779,312;5783,316;5787,328;5792,312;5796,326;5800,310;5805,336;5809,298;5813,324;5818,294;5822,320;5826,304;5831,330;5835,320;5839,318;5844,332;5848,316;5853,328;5857,304;5861,330;5866,302;5870,342;5874,298;5879,324;5883,328;5887,326;5892,324;5896,324;5900,322;5905,322;5909,324;5914,308;5918,320;5922,304;5927,330;5931,320;5935,318;5940,330;5944,314;5948,312;5953,310;5957,328;5961,312;5966,324;5970,308;5975,334;5979,318;5983,308;5988,320;5992,304;5996,330;6001,314;6005,332;6009,316;6014,316;6018,300;6022,326;6027,310;6031,316;6035,326;6040,312;6044,324;6049,308;6053,322;6057,312;6062,324;6066,308;6070,334;6075,306;6079,310;6083,322;6088,306;6092,318;6096,316;6101,330;6105,292;6109,318;6114,302;6118,328;6123,300;6127,316;6131,330;6136,314;6140,326;6144,310;6149,322;6153,314;6157,326;6162,324;6166,322;6170,306;6175,332;6179,324;6183,306;6188,320;6192,304;6197,330;6201,308;6205,334;6210,304;6214,316;6218,300;6223,326;6227,330;6231,314;6236,328;6240,310;6244,324;6249,308;6253,340;6257,310;6262,322;6266,306;6271,334;6275,304;6279,322;6284,320;6288,318;6292,330;6297,328;6301,332;6305,302;6310,314;6314,298;6318,326;6323,308;6327,314;6331,326;6336,310;6340,322;6345,306;6349,320;6353,308;6358,334;6362,304;6366,332;6371,316;6375,306;6379,318;6384,302;6388,328;6392,312;6397,326;6401,288;6405,314;6410,284;6414,324;6419,292;6423,298;6427,324;6432,308;6436,306;6440,304;6445,316;6449,278;6453,304;6458,288;6462,314;6466,298;6471,302;6475,314;6480,298;6484,312;6488,296;6493,306;6497,282;6501,298;6506,280;6510,306;6514,292;6519,304;6523,308;6527,304;6532,304;6536,300;6540,314;6545,304;6549,302;6554,300;6558,312;6562,296;6567,310;6571,298;6575,282;6580,310;6584,294;6588,306;6593,282;6597,294;6601,278;6606,304;6610,290;6614,302;6619,286;6623,304;6628,316;6632,300;6636,314;6641,282;6645,316;6649,286;6654,312;6658,296;6662,308;6667,292;6671,282;6675,308;6680,292;6684,306;6688,274;6693,308;6697,292;6702,304;6706,302;6710,314;6715,298;6719,290;6723,302;6728,300;6732,312;6736,282;6741,308;6745,286;6749,298;6754,282;6758,294;6762,278;6767,254;6771,294;6776,280;6780,290;6784,276;6789,288;6793,248;6797,274;6802,246;6806,272;6810,242;6815,274;6819,286;6823,270;6828,284;6832,268;6836,280;6841,242;6845,268;6850,250;6854,292;6858,262;6863,274;6867,280;6871,262;6876,288;6880,272;6884,272;6889,260;6893,272;6897,258;6902,270;6906,254;6911,266;6915,284;6919,268;6924,280;6928,236;6932,290;6937,274;6941,278;6945,262;6950,274;6954,258;6958,270;6963,288;6967,258;6971,284;6976,268;6980,280;6985,236;6989,284;6993,254;6998,280;7002,262;7006,276;7011,260;7015,234;7019,290;7024,274;7028,286;7032,270;7037,274;7041,244;7045,270;7050,252;7054,264;7059,250;7063,268;7067,280;7072,250;7076,276;7080,262;7085,288;7089,262;7093,276;7098,260;7102,270;7106,270;7111,274;7115,286;7120,270;7124,282;7128,252;7133,264;7137,268;7141,266;7146,266;7150,278;7154,276;7159,264;7163,278;7167,248;7172,274;7176,258;7180,284;7185,260;7189,272;7194,256;7198,284;) of size 460\r\nSTEPPER: Moving to mstep: 5200 with speed [msteps/sec]: 4000 in SpreadCycle.\r\n'), 14:06:03
bytearray(b'STEPPER: Moved 2000.00 msteps (ramp: 35%) in 699.756 ms -> average speed [msteps/sec]: 2858.14\r\nSTEPPER: Moving to mstep: 7200 with speed [msteps/sec]: 1000 in StealthChop.\r\n'), 14:06:03
bytearray(b'STEPPER: Estimate 7: [msteps] 6758\r\nSTEPPER: buffer (5200,288;5204,330;5208,314;5213,312;5217,302;5221,328;5226,312;5230,338;5234,306;5239,320;5243,324;5247,308;5252,320;5256,318;5260,330;5265,306;5269,332;5274,302;5278,314;5282,312;5287,324;5291,330;5295,312;5300,324;5304,320;5308,336;5313,320;5317,324;5321,308;5326,320;5330,304;5334,330;5339,300;5343,318;5348,318;5352,314;5356,326;5361,326;5365,316;5369,312;5374,340;5378,310;5382,322;5387,306;5391,312;5395,324;5400,320;5404,334;5408,316;5413,330;5417,304;5422,332;5426,316;5430,342;5435,298;5439,316;5443,328;5448,312;5452,324;5456,310;5461,322;5465,298;5469,338;5474,308;5478,320;5482,304;5487,330;5491,320;5496,318;5500,318;5504,316;5509,328;5513,306;5517,332;5522,302;5526,328;5530,298;5535,324;5539,314;5543,314;5548,326;5552,310;5557,322;5561,312;5565,324;5570,308;5574,320;5578,304;5583,330;5587,322;5591,320;5596,332;5600,316;5604,328;5609,326;5613,330;5617,302;5622,328;5626,298;5631,326;5635,316;5639,312;5644,324;5648,308;5652,322;5657,320;5661,324;5665,308;5670,334;5674,304;5678,316;5683,302;5687,320;5691,332;5696,318;5700,330;5705,328;5709,326;5713,302;5718,328;5722,300;5726,326;5731,310;5735,314;5739,326;5744,310;5748,322;5752,308;5757,320;5761,310;5766,324;5770,306;5774,320;5779,304;5783,322;5787,336;5792,318;5796,332;5800,316;5805,328;5809,304;5813,316;5818,300;5822,314;5826,312;5831,324;5835,328;5840,314;5844,324;5848,310;5853,336;5857,296;5861,338;5866,294;5870,320;5874,304;5879,330;5883,320;5887,318;5892,330;5896,314;5900,326;5905,302;5909,314;5914,298;5918,324;5922,308;5927,334;5931,324;5935,308;5940,322;5944,318;5948,330;5953,314;5957,318;5961,302;5966,328;5970,312;5974,338;5979,308;5983,310;5988,324;5992,322;5996,334;6001,318;6005,322;6009,308;6014,332;6018,302;6022,328;6027,298;6031,316;6035,330;6040,314;6044,326;6048,308;6053,322;6057,296;6062,322;6066,308;6070,334;6075,302;6079,308;6083,320;6088,318;6092,316;6096,328;6101,326;6105,302;6109,328;6114,312;6118,338;6122,308;6127,320;6131,324;6136,308;6140,320;6144,318;6149,316;6153,320;6157,332;6162,316;6166,328;6170,312;6175,338;6179,328;6183,312;6188,326;6192,324;6197,336;6201,298;6205,324;6210,296;6214,320;6218,304;6223,316;6227,322;6231,304;6236,320;6240,316;6244,328;6249,314;6253,332;6257,300;6262,340;6266,298;6271,324;6275,328;6279,312;6284,324;6288,322;6292,320;6297,306;6301,324;6305,308;6310,334;6314,304;6318,330;6323,300;6327,320;6332,318;6336,314;6340,328;6345,312;6349,330;6353,314;6358,326;6362,310;6366,322;6371,320;6375,310;6379,324;6384,322;6388,334;6392,304;6397,332;6401,292;6406,318;6410,288;6414,302;6419,300;6423,304;6427,316;6432,302;6436,312;6440,298;6445,310;6449,300;6453,326;6458,296;6462,308;6466,292;6471,298;6475,310;6480,278;6484,306;6488,304;6493,302;6497,292;6501,318;6506,288;6510,300;6514,284;6519,298;6523,314;6527,284;6532,310;6536,296;6540,306;6545,298;6549,310;6554,294;6558,306;6562,290;6567,304;6571,306;6575,292;6580,304;6584,288;6588,316;6593,276;6597,304;6601,286;6606,314;6610,284;6614,310;6619,282;6623,300;6628,312;6632,296;6636,308;6641,292;6645,312;6649,282;6654,322;6658,292;6662,320;6667,288;6671,294;6675,320;6680,276;6684,304;6688,302;6693,306;6697,292;6702,316;6706,286;6710,300;6715,296;6719,302;6723,314;6728,298;6732,310;6736,294;6741,308;6745,282;6749,294;6754,280;6758,292;6762,276;6767,280;6771,294;6776,264;6780,276;6784,260;6789,286;6793,264;6797,290;6802,258;6806,272;6810,256;6815,262;6819,286;6823,258;6828,284;6832,282;6837,294;6841,256;6845,282;6850,266;6854,280;6858,264;6863,290;6867,282;6871,280;6876,290;6880,262;6884,274;6889,250;6893,276;6897,260;6902,286;6906,270;6911,282;6915,286;6919,272;6924,282;6928,266;6932,278;6937,268;6941,280;6945,264;6950,276;6954,246;6958,272;6963,290;6967,274;6971,286;6976,270;6980,282;6985,266;6989,270;6993,254;6998,280;7002,264;7006,276;7011,274;7015,222;7019,290;7024,274;7028,286;7032,270;7037,272;7041,256;7045,268;7050,238;7054,278;7059,262;7063,238;7067,278;7072,276;7076,288;7080,258;7085,270;7089,274;7093,272;7098,270;7102,282;7106,266;7111,270;7115,282;7119,266;7124,292;7128,276;7133,288;7137,250;7141,262;7146,260;7150,272;7154,270;7159,282;7163,288;7167,256;7172,268;7176,254;7180,294;7185,254;7189,268;7194,266;7198,280;) of size 460\r\nSTEPPER: Moving to mstep: 5200 with speed [msteps/sec]: 4000 in SpreadCycle.\r\n'), 14:06:06
bytearray(b'STEPPER: Moved 2000.00 msteps (ramp: 35%) in 699.756 ms -> average speed [msteps/sec]: 2858.14\r\nSTEPPER: Moving to mstep: 7200 with speed [msteps/sec]: 1000 in StealthChop.\r\n'), 14:06:07
bytearray(b'STEPPER: Estimate 8: [msteps] 6749\r\nSTEPPER: buffer (5200,282;5204,322;5208,320;5213,318;5217,294;5221,320;5226,304;5230,330;5234,314;5239,328;5243,318;5247,316;5252,314;5256,312;5260,324;5265,308;5269,326;5274,310;5278,336;5282,308;5287,320;5291,324;5295,322;5300,334;5304,316;5308,330;5313,330;5317,318;5321,302;5326,328;5330,312;5334,324;5339,310;5343,314;5348,312;5352,310;5356,324;5361,308;5365,326;5369,310;5374,322;5378,306;5382,332;5387,302;5391,306;5395,320;5400,318;5404,330;5408,314;5413,328;5417,304;5422,316;5426,314;5430,326;5435,310;5439,314;5443,326;5448,310;5452,322;5456,306;5461,320;5465,308;5469,320;5474,304;5478,330;5482,302;5487,326;5491,330;5496,314;5500,326;5504,324;5509,322;5513,300;5517,324;5522,310;5526,322;5530,306;5535,332;5539,322;5543,306;5548,320;5552,304;5556,314;5561,314;5565,332;5570,316;5574,328;5578,312;5583,324;5587,330;5591,316;5596,328;5600,310;5604,322;5609,320;5613,324;5617,296;5622,320;5626,304;5630,332;5635,302;5639,320;5644,332;5648,316;5652,328;5657,312;5661,332;5665,316;5670,328;5674,312;5678,324;5683,308;5687,312;5691,338;5696,322;5700,334;5705,318;5709,330;5713,306;5718,332;5722,302;5726,316;5731,300;5735,318;5739,316;5744,314;5748,326;5752,312;5757,310;5761,314;5765,326;5770,312;5774,324;5779,306;5783,312;5787,324;5792,308;5796,334;5800,318;5805,332;5809,294;5813,320;5818,304;5822,318;5826,302;5831,328;5835,318;5840,302;5844,328;5848,300;5853,326;5857,302;5861,330;5866,298;5870,338;5874,310;5879,322;5883,326;5887,312;5892,324;5896,322;5900,334;5905,306;5909,324;5914,306;5918,318;5922,304;5927,330;5931,320;5935,318;5940,330;5944,316;5948,328;5953,314;5957,330;5961,316;5966,328;5970,312;5974,324;5979,308;5983,312;5988,326;5992,308;5996,322;6001,320;6005,326;6009,296;6014,322;6018,306;6022,320;6027,304;6031,310;6035,320;6040,304;6044,316;6048,316;6053,328;6057,306;6062,332;6066,302;6070,328;6075,298;6079,316;6083,328;6088,314;6092,326;6096,310;6101,322;6105,312;6109,324;6114,294;6118,320;6122,306;6127,332;6131,322;6136,320;6140,334;6144,318;6149,316;6153,320;6157,334;6162,304;6166,330;6170,300;6175,328;6179,332;6183,302;6188,330;6192,314;6196,326;6201,310;6205,328;6210,298;6214,324;6218,296;6223,322;6227,326;6231,310;6236,324;6240,308;6244,320;6249,318;6253,336;6257,306;6262,334;6266,304;6270,330;6275,302;6279,318;6284,332;6288,314;6292,328;6297,326;6301,318;6305,302;6310,328;6314,298;6318,324;6323,294;6327,326;6331,324;6336,310;6340,322;6345,320;6349,318;6353,308;6358,322;6362,318;6366,332;6371,302;6375,306;6379,318;6384,316;6388,330;6392,314;6397,326;6401,302;6405,316;6410,300;6414,312;6419,284;6423,302;6427,316;6432,298;6436,310;6440,294;6445,308;6449,284;6453,310;6458,280;6462,306;6466,290;6471,296;6475,308;6479,292;6484,304;6488,288;6493,314;6497,290;6501,300;6506,288;6510,298;6514,282;6519,294;6523,314;6527,298;6532,308;6536,292;6540,320;6545,282;6549,308;6553,292;6558,304;6562,288;6567,300;6571,304;6575,272;6580,314;6584,298;6588,310;6593,294;6597,312;6601,282;6606,308;6610,290;6614,302;6619,286;6623,292;6628,316;6632,300;6636,312;6641,296;6645,314;6649,284;6654,310;6658,294;6662,320;6667,290;6671,294;6675,322;6680,304;6684,316;6688,300;6693,304;6697,288;6702,300;6706,284;6710,296;6715,280;6719,300;6723,310;6728,294;6732,306;6736,304;6741,302;6745,278;6749,290;6754,276;6758,288;6762,272;6767,276;6771,288;6776,242;6780,298;6784,282;6789,294;6793,256;6797,282;6802,252;6806,278;6810,262;6815,266;6819,280;6823,264;6828,290;6832,274;6837,286;6841,250;6845,288;6850,258;6854,270;6858,254;6863,282;6867,286;6871,242;6876,282;6880,280;6884,292;6889,254;6893,280;6897,264;6902,276;6906,260;6911,272;6915,276;6919,260;6924,286;6928,270;6932,282;6937,244;6941,270;6945,254;6950,280;6954,264;6958,276;6963,280;6967,264;6971,276;6976,246;6980,286;6985,270;6989,288;6993,272;6998,284;7002,268;7006,280;7011,264;7015,268;7019,280;7024,236;7028,276;7032,274;7037,278;7041,262;7045,274;7050,260;7054,286;7059,254;7063,260;7067,272;7072,256;7076,282;7080,266;7085,278;7089,268;7093,280;7098,264;7102,278;7106,260;7111,236;7115,278;7119,276;7124,288;7128,274;7133,272;7137,262;7141,260;7146,258;7150,272;7154,256;7159,260;7163,288;7167,258;7172,286;7176,254;7180,282;7185,256;7189,270;7193,254;7198,266;) of size 460\r\nSTEPPER: Moving to mstep: 5200 with speed [msteps/sec]: 4000 in SpreadCycle.\r\n'), 14:06:09
bytearray(b'STEPPER: Moved 2000.00 msteps (ramp: 35%) in 699.756 ms -> average speed [msteps/sec]: 2858.14\r\nSTEPPER: Moving to mstep: 7200 with speed [msteps/sec]: 1000 in StealthChop.\r\n'), 14:06:10
bytearray(b'STEPPER: Estimate 9: [msteps] 6745\r\nSTEPPER: buffer (5200,280;5204,320;5208,318;5213,332;5217,306;5221,320;5226,304;5230,330;5234,300;5239,340;5243,316;5247,314;5252,326;5256,310;5260,322;5265,298;5269,324;5274,308;5278,334;5282,304;5287,316;5291,322;5295,320;5300,330;5304,316;5308,328;5313,312;5317,330;5321,300;5326,326;5330,296;5334,322;5339,308;5343,312;5348,324;5352,322;5356,320;5361,318;5365,322;5369,306;5374,332;5378,302;5382,328;5387,312;5391,316;5395,328;5400,314;5404,324;5408,322;5413,336;5417,298;5422,322;5426,308;5430,334;5435,318;5439,294;5443,320;5448,306;5452,318;5456,314;5461,328;5465,302;5469,330;5474,300;5478,326;5482,310;5487,338;5491,328;5496,312;5500,324;5504,308;5509,334;5513,296;5517,324;5522,294;5526,332;5530,304;5535,330;5539,320;5543,318;5548,318;5552,316;5556,328;5561,304;5565,316;5570,300;5574,326;5578,310;5583,324;5587,328;5591,312;5596,324;5600,322;5604,334;5609,318;5613,322;5617,306;5622,332;5626,316;5630,330;5635,300;5639,318;5644,332;5648,316;5652,328;5657,312;5661,330;5665,314;5670,326;5674,310;5678,322;5683,306;5687,326;5691,324;5696,322;5700,320;5705,318;5709,330;5713,306;5718,332;5722,302;5726,314;5731,298;5735,316;5739,328;5744,314;5748,324;5752,308;5757,322;5761,312;5765,338;5770,308;5774,322;5779,306;5783,310;5787,322;5792,320;5796,334;5800,318;5805,344;5809,306;5813,316;5818,302;5822,328;5826,312;5831,340;5835,316;5840,314;5844,326;5848,312;5853,324;5857,300;5861,328;5866,310;5870,336;5874,306;5879,320;5883,324;5887,322;5892,334;5896,320;5900,330;5905,294;5909,320;5914,304;5918,330;5922,302;5927,326;5931,318;5935,316;5940,326;5944,310;5948,324;5953,308;5957,326;5961,310;5966,322;5970,306;5974,332;5979,304;5983,322;5988,334;5992,318;5996,330;6001,314;6005,334;6009,302;6014,330;6018,312;6022,326;6027,296;6031,314;6035,326;6040,312;6044,322;6048,320;6053,332;6057,310;6062,336;6066,306;6070,318;6075,302;6079,320;6083,332;6088,316;6092,328;6096,312;6101,324;6105,302;6109,328;6114,296;6118,324;6122,308;6127,334;6131,324;6136,322;6140,320;6144,318;6149,330;6153,308;6157,332;6162,316;6166,328;6170,312;6175,324;6179,328;6183,312;6188,326;6192,324;6196,336;6201,298;6205,310;6210,294;6214,320;6218,304;6223,332;6227,320;6231,318;6236,318;6240,316;6244,328;6249,312;6253,330;6257,302;6262,326;6266,298;6270,324;6275,306;6279,312;6284,324;6288,308;6292,320;6297,318;6301,324;6305,308;6310,334;6314,304;6318,318;6323,300;6327,320;6331,332;6336,316;6340,314;6345,312;6349,318;6353,316;6358,342;6362,312;6366,326;6371,310;6375,314;6379,326;6384,310;6388,322;6392,308;6397,320;6401,310;6405,322;6410,306;6414,306;6419,290;6423,308;6427,320;6432,290;6436,304;6440,302;6445,314;6449,304;6453,318;6458,302;6462,316;6466,286;6471,312;6475,304;6479,286;6484,300;6488,298;6493,310;6497,302;6501,314;6506,298;6510,312;6514,296;6519,308;6523,312;6527,284;6532,310;6536,294;6540,306;6545,296;6549,308;6553,292;6558,304;6562,288;6567,302;6571,306;6575,290;6580,302;6584,286;6588,314;6593,298;6597,316;6601,300;6606,298;6610,284;6614,310;6619,294;6623,284;6627,310;6632,294;6636,308;6641,292;6645,310;6649,294;6654,306;6658,290;6662,316;6667,300;6671,290;6675,316;6680,302;6684,314;6688,298;6693,310;6697,300;6702,298;6706,296;6710,308;6715,292;6719,296;6723,310;6728,294;6732,306;6736,290;6741,302;6745,292;6749,292;6754,276;6758,288;6762,286;6767,276;6771,288;6776,258;6780,284;6784,270;6789,296;6793,258;6797,270;6802,254;6806,282;6810,266;6815,228;6819,282;6823,282;6828,294;6832,278;6836,276;6841,268;6845,294;6850,262;6854,290;6858,274;6863,250;6867,276;6871,274;6876,288;6880,258;6884,270;6889,274;6893,286;6897,256;6902,282;6906,266;6910,264;6915,284;6919,254;6924,294;6928,264;6932,290;6937,260;6941,278;6945,262;6950,288;6954,258;6958,270;6963,276;6967,232;6971,286;6976,270;6980,284;6985,268;6989,286;6993,256;6998,268;7002,252;7006,266;7011,248;7015,280;7019,280;7024,264;7028,278;7032,232;7037,280;7041,250;7045,278;7050,248;7054,274;7059,244;7063,278;7067,276;7072,260;7076,274;7080,256;7085,270;7089,258;7093,272;7098,270;7102,282;7106,266;7111,274;7115,284;7119,268;7124,266;7128,250;7133,276;7137,252;7141,280;7146,264;7150,276;7154,248;7159,236;7163,278;7167,276;7172,288;7176,272;7180,286;7185,246;7189,274;7193,258;7198,284;) of size 460\r\nSTEPPER: Moving to mstep: 5200 with speed [msteps/sec]: 4000 in SpreadCycle.\r\n'), 14:06:12
bytearray(b'STEPPER: Moved 2000.00 msteps (ramp: 35%) in 699.760 ms -> average speed [msteps/sec]: 2858.12\r\nSTEPPER: Moving to mstep: 7200 with speed [msteps/sec]: 1000 in StealthChop.\r\n'), 14:06:13
bytearray(b'STEPPER: Estimate 10: [msteps] 6745\r\nSTEPPER: buffer (5200,288;5204,328;5208,312;5213,324;5217,302;5221,314;5226,300;5230,324;5234,308;5239,336;5243,326;5247,324;5252,324;5256,308;5260,320;5265,298;5269,324;5274,308;5278,322;5282,306;5287,318;5291,302;5295,322;5300,322;5304,318;5308,316;5313,316;5317,334;5321,304;5326,332;5330,302;5334,328;5339,312;5343,318;5348,330;5352,314;5356,328;5361,312;5365,330;5369,314;5374,340;5378,310;5382,324;5387,306;5391,312;5395,338;5400,322;5404,334;5408,318;5413,330;5417,306;5422,334;5426,302;5430,330;5435,314;5439,320;5443,330;5448,314;5452,328;5456,310;5461,324;5465,314;5469,328;5474,310;5478,322;5482,294;5487,320;5491,326;5496,310;5500,322;5504,322;5509,334;5513,296;5517,322;5522,294;5526,320;5530,304;5535,330;5539,322;5543,304;5548,316;5552,314;5556,328;5561,312;5565,330;5570,314;5574,326;5578,310;5583,322;5587,326;5591,312;5596,324;5600,308;5604,320;5609,318;5613,324;5617,308;5622,320;5626,304;5631,330;5635,314;5639,318;5644,332;5648,316;5652,328;5657,314;5661,330;5665,302;5670,328;5674,298;5678,326;5683,308;5687,312;5691,326;5696,310;5700,322;5705,322;5709,334;5713,310;5718,336;5722,308;5726,332;5731,304;5735,322;5739,334;5744,318;5748,316;5752,316;5757,314;5761,318;5765,332;5770,302;5774,314;5779,312;5783,316;5787,342;5792,312;5796,326;5800,310;5805,336;5809,298;5813,324;5818,308;5822,334;5826,306;5831,332;5835,320;5839,320;5844,318;5848,316;5853,328;5857,304;5861,330;5866,300;5870,326;5874,296;5879,322;5883,328;5887,326;5892,324;5896,322;5900,332;5905,296;5909,322;5913,306;5918,332;5922,304;5927,328;5931,320;5935,318;5940,330;5944,314;5948,326;5953,310;5957,328;5961,312;5966,324;5970,308;5974,322;5979,304;5983,310;5987,336;5992,320;5996,332;6001,316;6005,320;6009,304;6014,328;6018,300;6022,326;6027,296;6031,314;6035,326;6040,310;6044,322;6048,308;6053,318;6057,308;6062,336;6066,320;6070,330;6075,302;6079,320;6083,318;6088,318;6092,330;6096,314;6101,326;6105,302;6109,328;6114,312;6118,324;6122,294;6127,322;6131,326;6136,310;6140,322;6144,320;6149,332;6153,308;6157,336;6162,306;6166,332;6170,316;6175,328;6179,334;6183,318;6188,330;6192,314;6196,326;6201,302;6205,314;6210,298;6214,310;6218,296;6223,322;6227,326;6231,310;6236,322;6240,322;6244,320;6249,316;6253,338;6257,308;6262,334;6266,318;6270,330;6275,302;6279,320;6284,332;6288,316;6292,328;6297,314;6301,318;6305,300;6310,328;6314,300;6318,326;6323,310;6327,314;6331,328;6336,312;6340,322;6345,308;6349,322;6353,310;6358,324;6362,306;6366,334;6371,304;6375,322;6379,336;6384,306;6388,332;6392,302;6397,330;6401,292;6405,318;6410,288;6414,300;6419,298;6423,302;6427,316;6432,300;6436,312;6440,296;6445,308;6449,284;6453,310;6458,294;6462,322;6466,292;6471,282;6475,308;6479,292;6484,306;6488,302;6493,314;6497,278;6501,304;6506,288;6510,302;6514,284;6519,312;6523,302;6527,300;6532,312;6536,296;6540,310;6545,294;6549,314;6553,296;6558,308;6562,294;6567,306;6571,312;6575,296;6580,308;6584,292;6588,306;6593,290;6597,308;6601,280;6606,306;6610,290;6614,316;6619,286;6623,292;6627,318;6632,302;6636,314;6641,298;6645,304;6649,274;6654,302;6658,284;6662,312;6667,296;6671,286;6675,314;6680,296;6684,310;6688,308;6693,308;6697,282;6701,310;6706,294;6710,306;6715,290;6719,296;6723,310;6728,294;6732,318;6736,290;6741,302;6745,292;6749,290;6754,274;6758,288;6762,272;6767,276;6771,290;6776,274;6780,300;6784,270;6789,296;6793,258;6797,272;6802,254;6806,282;6810,252;6815,270;6819,284;6823,268;6828,278;6832,248;6837,290;6841,252;6845,278;6850,262;6854,276;6858,258;6863,250;6867,276;6871,260;6876,274;6880,242;6884,270;6889,272;6893,272;6897,256;6902,268;6906,266;6911,278;6915,282;6919,238;6924,292;6928,276;6932,288;6937,258;6941,278;6945,262;6950,274;6954,258;6958,270;6963,288;6967,244;6971,284;6976,270;6980,280;6985,266;6989,284;6993,254;6998,280;7002,264;7006,278;7011,262;7015,252;7019,280;7024,264;7028,276;7032,260;7037,278;7041,250;7045,262;7050,246;7054,274;7059,258;7063,248;7067,288;7072,258;7076,284;7080,284;7085,282;7089,272;7093,284;7098,268;7102,282;7106,266;7111,270;7115,270;7119,266;7124,292;7128,264;7133,290;7137,252;7141,278;7146,262;7150,276;7154,258;7159,272;7163,290;7167,246;7172,272;7176,256;7180,284;7185,274;7189,272;7193,270;7198,282;) of size 460\r\nSTEPPER: Final estimate: [mstep] 6756\r\nFound dispense position: [\xc2\xb5m] 33760\r\nreturn;find;6752\r\n\xef\xbf\xbdreceived from UR: find -> find (0,1)\r\nSTEPPER: Moving to mstep: 5200 with speed [msteps/sec]: 4000 in SpreadCycle.\r\n'), 14:06:16
bytearray(b'STEPPER: Moved 2000.00 msteps (ramp: 35%) in 699.764 ms -> average speed [msteps/sec]: 2858.11\r\nSTEPPER: Moving to mstep: 7200 with speed [msteps/sec]: 1000 in StealthChop.\r\n'), 14:06:16
bytearray(b'STEPPER: Estimate 1: [msteps] 6749\r\nSTEPPER: buffer (5200,286;5204,332;5208,316;5213,328;5217,304;5221,330;5226,302;5230,328;5234,296;5239,324;5243,328;5247,312;5252,324;5256,308;5260,320;5265,304;5269,324;5274,306;5278,334;5282,304;5287,330;5291,320;5295,306;5300,316;5304,316;5308,328;5313,312;5317,316;5321,302;5326,328;5330,312;5334,338;5339,310;5343,312;5348,326;5352,310;5356,322;5361,306;5365,324;5369,308;5374,320;5378,304;5382,330;5387,316;5391,306;5395,332;5400,316;5404,328;5408,312;5413,326;5417,302;5422,328;5426,298;5430,324;5435,294;5439,312;5443,324;5448,310;5452,336;5456,292;5461,318;5465,308;5469,336;5474,306;5478,332;5483,302;5487,320;5491,332;5496,316;5500,328;5504,312;5509,324;5513,300;5517,326;5522,296;5526,322;5530,306;5535,334;5539,324;5543,308;5548,320;5552,306;5557,316;5561,306;5565,334;5570,318;5574,330;5578,314;5583,326;5587,330;5591,316;5596,328;5600,312;5604,324;5609,308;5613,326;5617,312;5622,324;5626,294;5631,334;5635,324;5639,310;5644,320;5648,306;5652,332;5657,316;5661,334;5665,304;5670,330;5674,316;5678,328;5683,312;5687,316;5691,328;5696,312;5700,326;5705,324;5709,314;5713,298;5718,324;5722,308;5726,322;5731,294;5735,324;5739,322;5744,308;5748,320;5752,302;5757,316;5761,320;5765,332;5770,316;5774,330;5779,300;5783,318;5787,332;5792,314;5796,326;5800,312;5805,324;5809,314;5813,328;5818,298;5822,324;5826,308;5831,334;5835,324;5839,310;5844,322;5848,318;5853,318;5857,306;5861,334;5866,318;5870,330;5874,300;5879,328;5883,330;5887,314;5892,328;5896,312;5900,324;5905,322;5909,328;5914,310;5918,322;5922,306;5927,332;5931,324;5935,322;5940,320;5944,318;5948,330;5953,316;5957,332;5961,304;5966,330;5970,300;5974,328;5979,298;5983,316;5988,328;5992,312;5996,324;6001,310;6005,328;6009,298;6014,326;6018,296;6022,322;6027,306;6031,310;6035,322;6040,320;6044,320;6049,316;6053,316;6057,306;6062,332;6066,302;6070,330;6075,300;6079,318;6083,330;6088,314;6092,326;6096,324;6101,322;6105,298;6109,326;6114,296;6118,322;6123,292;6127,332;6131,322;6136,306;6140,318;6144,302;6149,316;6153,318;6157,332;6162,316;6166,328;6170,312;6175,324;6179,328;6183,314;6188,326;6192,310;6197,322;6201,314;6205,326;6210,310;6214,322;6218,304;6223,318;6227,324;6231,320;6236,320;6240,316;6244,330;6249,314;6253,332;6257,302;6262,342;6266,312;6271,324;6275,308;6279,312;6284,324;6288,322;6292,322;6297,320;6301,324;6305,308;6310,320;6314,290;6318,330;6323,300;6327,318;6331,330;6336,314;6340,326;6345,310;6349,322;6353,312;6358,336;6362,320;6366,320;6371,304;6375,308;6379,334;6384,304;6388,316;6392,300;6397,326;6401,304;6405,316;6410,284;6414,312;6419,296;6423,300;6427,312;6432,310;6436,322;6440,306;6445,318;6449,294;6453,320;6458,276;6462,302;6466,286;6471,314;6475,316;6479,302;6484,312;6488,296;6493,308;6497,286;6501,312;6506,280;6510,308;6514,278;6519,304;6523,308;6527,292;6532,318;6536,302;6540,314;6545,290;6549,302;6554,286;6558,314;6562,284;6567,310;6571,298;6575,284;6580,310;6584,294;6588,306;6593,290;6597,308;6601,292;6606,304;6610,288;6614,314;6619,284;6623,304;6628,314;6632,298;6636,310;6641,296;6645,314;6649,282;6654,310;6658,280;6662,306;6667,276;6671,308;6675,320;6680,304;6684,318;6688,302;6693,306;6697,276;6702,302;6706,286;6710,300;6715,284;6719,302;6723,314;6728,298;6732,310;6736,294;6741,306;6745,270;6749,296;6754,278;6758,292;6762,262;6767,280;6771,292;6776,276;6780,304;6784,274;6789,300;6793,248;6797,274;6802,244;6806,272;6810,242;6815,274;6819,286;6823,256;6828,298;6832,268;6836,280;6841,242;6845,282;6850,254;6854,280;6858,248;6863,276;6867,282;6871,264;6876,292;6880,276;6884,288;6889,250;6893,276;6897,260;6902,272;6906,242;6911,270;6915,288;6919,258;6924,286;6928,284;6932,282;6937,266;6941,270;6945,254;6950,266;6954,250;6958,278;6963,280;6967,238;6971,292;6976,276;6980,286;6985,272;6989,276;6993,244;6998,272;7002,242;7006,268;7011,238;7015,256;7019,282;7024,280;7028,278;7032,276;7037,280;7041,250;7045,276;7050,246;7054,272;7059,242;7063,260;7067,286;7072,270;7076,282;7080,252;7085,270;7089,254;7093,268;7098,250;7102,264;7106,246;7111,252;7115,292;7120,276;7124,288;7128,270;7133,284;7137,260;7141,272;7146,242;7150,268;7154,252;7159,256;7163,284;7167,268;7172,278;7176,264;7180,276;7185,266;7189,278;7194,262;7198,274;) of size 460\r\nSTEPPER: Moving to mstep: 5200 with speed [msteps/sec]: 4000 in SpreadCycle.\r\n'), 14:06:19
bytearray(b'STEPPER: Moved 2000.00 msteps (ramp: 35%) in 699.756 ms -> average speed [msteps/sec]: 2858.14\r\nSTEPPER: Moving to mstep: 7200 with speed [msteps/sec]: 1000 in StealthChop.\r\n'), 14:06:20
bytearray(b'STEPPER: Estimate 2: [msteps] 6741\r\nSTEPPER: buffer (5200,282;5204,322;5208,320;5213,330;5217,308;5221,320;5226,304;5230,332;5234,302;5239,328;5243,318;5247,316;5252,328;5256,312;5260,324;5265,302;5269,328;5274,312;5278,338;5282,310;5287,322;5291,326;5295,310;5300,324;5304,322;5308,320;5313,318;5317,322;5321,306;5326,332;5330,318;5334,316;5339,300;5343,318;5348,330;5352,314;5356,326;5361,310;5365,330;5369,300;5374,326;5378,296;5382,322;5387,292;5391,324;5395,338;5400,322;5404,334;5408,318;5413,330;5417,292;5422,318;5426,302;5430,330;5435,300;5439,318;5443,330;5448,314;5452,326;5456,312;5461,324;5465,314;5469,340;5474,310;5478,324;5482,306;5487,334;5491,324;5496,322;5500,320;5504,318;5509,316;5513,306;5517,332;5522,304;5526,316;5530,300;5535,326;5539,330;5543,314;5548,326;5552,310;5556,322;5561,300;5565,326;5570,308;5574,322;5578,292;5583,332;5587,324;5591,306;5596,332;5600,304;5604,328;5609,314;5613,332;5617,314;5622,326;5626,310;5631,338;5635,308;5639,312;5644,324;5648,308;5652,320;5657,318;5661,336;5665,320;5670,332;5674,302;5678,328;5683,312;5687,318;5691,330;5696,328;5700,326;5705,324;5709,324;5713,314;5718,326;5722,310;5726,322;5731,306;5735,310;5739,322;5744,320;5748,320;5752,318;5757,330;5761,306;5765,332;5770,304;5774,330;5779,298;5783,318;5787,330;5792,316;5796,328;5800,326;5805,326;5809,300;5813,326;5818,296;5822,322;5826,292;5831,320;5835,324;5839,322;5844,318;5848,318;5853,330;5857,306;5861,332;5866,302;5870,330;5874,300;5879,326;5883,330;5887,316;5892,326;5896,326;5900,324;5905,324;5909,328;5913,298;5918,326;5922,310;5927,336;5931,326;5935,312;5940,324;5944,322;5948,320;5953,306;5957,324;5961,308;5966,334;5970,320;5974,332;5979,316;5983,308;5987,334;5992,318;5996,330;6001,316;6005,320;6009,304;6014,328;6018,300;6022,326;6027,296;6031,316;6035,328;6040,312;6044,324;6048,310;6053,320;6057,312;6062,324;6066,310;6070,336;6075,320;6079,310;6083,322;6088,322;6092,320;6096,318;6101,318;6105,308;6109,320;6114,306;6118,332;6122,316;6127,306;6131,318;6136,316;6140,330;6144,314;6149,326;6153,316;6157,328;6162,314;6166,326;6170,310;6175,322;6179,328;6183,326;6188,324;6192,308;6197,322;6201,298;6205,324;6210,308;6214,334;6218,318;6223,318;6227,322;6231,320;6236,320;6240,304;6244,316;6249,298;6253,332;6257,316;6262,342;6266,312;6271,326;6275,310;6279,314;6284,326;6288,310;6292,322;6297,306;6301,326;6305,310;6310,336;6314,306;6318,318;6323,302;6327,322;6331,334;6336,318;6340,318;6345,316;6349,328;6353,318;6358,330;6362,314;6366,326;6371,310;6375,316;6379,328;6384,312;6388,324;6392,308;6397,334;6401,310;6405,308;6410,292;6414,318;6419,302;6423,308;6427,320;6432,304;6436,316;6440,300;6445,314;6449,290;6453,316;6458,286;6462,312;6466,284;6471,310;6475,314;6479,312;6484,312;6488,296;6493,308;6497,284;6501,310;6506,280;6510,308;6514,292;6519,304;6523,310;6527,308;6532,320;6536,292;6540,316;6545,292;6549,304;6553,288;6558,300;6562,284;6567,310;6571,316;6575,300;6580,312;6584,296;6588,310;6593,294;6597,312;6601,280;6606,308;6610,276;6614,304;6619,274;6623,292;6627,318;6632,290;6636,316;6641,302;6645,304;6649,274;6654,316;6658,286;6662,312;6667,282;6671,300;6675,314;6680,282;6684,310;6688,310;6693,306;6697,298;6702,310;6706,280;6710,306;6715,290;6719,296;6723,308;6728,294;6732,320;6736,290;6741,302;6745,278;6749,290;6754,274;6758,286;6762,270;6767,274;6771,302;6776,272;6780,298;6784,268;6789,296;6793,242;6797,270;6802,240;6806,266;6810,250;6815,254;6819,296;6823,280;6828,278;6832,276;6836,274;6841,264;6845,278;6850,246;6854,274;6858,258;6863,248;6867,260;6871,258;6876,284;6880,256;6884,266;6889,272;6893,284;6897,268;6902,278;6906,264;6911,276;6915,282;6919,252;6924,292;6928,262;6932,288;6937,250;6941,276;6945,260;6950,272;6954,244;6958,270;6963,288;6967,260;6971,284;6976,268;6980,280;6985,250;6989,270;6993,240;6998,266;7002,238;7006,262;7011,248;7015,252;7019,292;7024,278;7028,288;7032,274;7037,278;7041,248;7045,274;7050,244;7054,270;7059,254;7063,260;7067,286;7072,270;7076,282;7080,252;7085,280;7089,254;7093,266;7098,252;7102,278;7106,246;7111,252;7115,280;7119,264;7124,290;7128,260;7133,288;7137,248;7141,262;7146,232;7150,286;7154,270;7159,260;7163,272;7167,256;7172,284;7176,268;7180,280;7185,242;7189,282;7194,240;7198,278;) of size 460\r\nSTEPPER: Moving to mstep: 5200 with speed [msteps/sec]: 4000 in SpreadCycle.\r\n'), 14:06:22
bytearray(b'STEPPER: Moved 2000.00 msteps (ramp: 35%) in 699.756 ms -> average speed [msteps/sec]: 2858.14\r\nSTEPPER: Moving to mstep: 7200 with speed [msteps/sec]: 1000 in StealthChop.\r\n'), 14:06:23
bytearray(b'STEPPER: Estimate 3: [msteps] 6780\r\nSTEPPER: buffer (5200,284;5204,310;5208,310;5213,320;5217,310;5221,324;5226,308;5230,320;5234,316;5239,330;5243,320;5247,304;5252,316;5256,314;5260,328;5265,304;5269,330;5274,300;5278,326;5282,298;5287,324;5291,328;5295,326;5300,324;5304,322;5308,320;5313,318;5317,322;5321,308;5326,334;5330,318;5335,330;5339,300;5343,320;5348,330;5352,316;5356,328;5361,312;5365,330;5369,300;5374,326;5378,310;5382,324;5387,294;5391,312;5395,338;5400,308;5404,334;5409,318;5413,318;5417,320;5422,334;5426,304;5430,330;5435,300;5439,320;5443,330;5448,316;5452,328;5456,312;5461,322;5465,300;5469,326;5474,298;5478,322;5483,306;5487,310;5491,322;5496,320;5500,334;5504,320;5509,330;5513,306;5517,320;5522,304;5526,328;5530,312;5535,324;5539,316;5543,314;5548,326;5552,310;5557,322;5561,310;5565,324;5570,308;5574,334;5578,304;5583,330;5587,336;5591,318;5596,332;5600,316;5604,328;5609,312;5613,316;5617,300;5622,326;5626,296;5631,322;5635,306;5639,310;5644,322;5648,306;5652,334;5657,318;5661,322;5665,304;5670,332;5674,316;5678,330;5683,300;5687,318;5691,316;5696,314;5700,326;5705,324;5709,322;5713,298;5718,324;5722,310;5726,336;5731,320;5735,310;5739,322;5744,320;5748,318;5752,316;5757,328;5761,306;5765,332;5770,314;5774,328;5779,312;5783,316;5787,330;5792,314;5796,326;5800,310;5805,322;5809,312;5813,326;5818,310;5822,336;5826,306;5831,332;5835,322;5840,308;5844,320;5848,304;5853,330;5857,306;5861,334;5866,304;5870,330;5874,300;5879,326;5883,330;5887,316;5892,328;5896,326;5900,324;5905,322;5909,326;5914,296;5918,322;5922,306;5927,318;5931,322;5935,306;5940,318;5944,316;5948,330;5953,314;5957,332;5961,302;5966,328;5970,312;5974,324;5979,294;5983,326;5988,338;5992,308;5996,334;6001,318;6005,322;6009,306;6014,320;6018,304;6022,330;6027,314;6031,318;6035,316;6040,314;6044,326;6048,312;6053,324;6057,314;6062,326;6066,310;6070,322;6075,308;6079,312;6083,324;6088,322;6092,320;6096,318;6101,330;6105,294;6109,320;6114,304;6118,330;6122,300;6127,326;6131,330;6136,316;6140,326;6144,312;6149,324;6153,300;6157,326;6162,310;6166,336;6170,306;6175,318;6179,322;6183,306;6188,318;6192,304;6197,328;6201,304;6205,318;6210,316;6214,328;6218,312;6223,324;6227,328;6231,312;6236,326;6240,310;6244,322;6249,306;6253,324;6257,308;6262,334;6266,304;6271,332;6275,300;6279,306;6284,330;6288,316;6292,328;6297,326;6301,316;6305,302;6310,328;6314,298;6318,322;6323,308;6327,314;6331,324;6336,308;6340,320;6345,306;6349,318;6353,308;6358,320;6362,304;6366,330;6371,314;6375,320;6379,332;6384,316;6388,328;6392,312;6397,326;6401,286;6405,326;6410,296;6414,308;6419,308;6423,298;6427,310;6432,292;6436,306;6440,304;6445,304;6449,306;6453,318;6458,290;6462,314;6466,284;6471,288;6475,300;6480,298;6484,310;6488,294;6493,308;6497,284;6501,296;6506,280;6510,306;6514,290;6519,302;6523,320;6527,304;6532,318;6536,302;6540,314;6545,304;6549,302;6554,300;6558,298;6562,282;6567,308;6571,314;6575,298;6580,310;6584,294;6588,320;6593,282;6597,294;6601,278;6606,304;6610,274;6614,300;6619,284;6623,302;6628,314;6632,286;6636,312;6641,296;6645,314;6649,284;6654,312;6658,282;6662,308;6667,292;6671,296;6675,308;6680,306;6684,318;6688,302;6693,306;6697,290;6702,304;6706,288;6710,300;6715,284;6719,302;6723,314;6728,298;6732,310;6736,294;6741,306;6745,284;6749,296;6754,280;6758,292;6762,276;6767,266;6771,292;6776,278;6780,290;6784,244;6789,286;6793,262;6797,274;6802,260;6806,286;6810,256;6815,260;6819,286;6823,270;6828,282;6832,254;6836,280;6841,268;6845,282;6850,266;6854,292;6858,262;6863,238;6867,292;6871,278;6876,290;6880,274;6884,272;6889,262;6893,276;6897,260;6902,286;6906,242;6911,282;6915,288;6919,270;6924,282;6928,254;6932,280;6937,244;6941,268;6945,254;6950,280;6954,264;6958,276;6963,280;6967,264;6971,264;6976,246;6980,274;6985,258;6989,262;6993,274;6998,286;7002,258;7006,284;7011,268;7015,258;7019,270;7024,268;7028,296;7032,278;7037,256;7041,252;7046,280;7050,250;7054,276;7059,262;7063,236;7067,278;7072,274;7076,288;7080,274;7085,286;7089,246;7093,260;7098,272;7102,284;7106,268;7111,258;7115,270;7120,254;7124,282;7128,266;7133,278;7137,254;7141,266;7146,252;7150,276;7154,276;7159,236;7163,278;7167,276;7172,288;7176,258;7180,284;7185,260;7189,288;7194,270;7198,284;) of size 460\r\nSTEPPER: Moving to mstep: 5200 with speed [msteps/sec]: 4000 in SpreadCycle.\r\n'), 14:06:25
bytearray(b'STEPPER: Moved 2000.00 msteps (ramp: 35%) in 699.756 ms -> average speed [msteps/sec]: 2858.14\r\nSTEPPER: Moving to mstep: 7200 with speed [msteps/sec]: 1000 in StealthChop.\r\n'), 14:06:26
bytearray(b'STEPPER: Estimate 4: [msteps] 6741\r\nSTEPPER: buffer (5200,278;5204,330;5208,316;5213,340;5217,302;5221,328;5226,298;5230,324;5234,294;5239,320;5243,324;5247,308;5252,320;5256,318;5260,330;5265,304;5269,332;5274,300;5278,326;5282,310;5287,322;5291,328;5295,326;5300,324;5304,320;5308,334;5313,318;5317,322;5321,306;5326,318;5330,302;5334,328;5339,312;5343,302;5348,328;5352,312;5356,324;5361,308;5365,326;5369,312;5374,322;5378,308;5382,320;5387,304;5391,308;5395,334;5400,306;5404,332;5408,316;5413,328;5417,304;5422,330;5426,314;5430,326;5435,296;5439,314;5443,326;5448,310;5452,322;5456,306;5461,318;5465,308;5469,334;5474,304;5478,330;5482,314;5487,328;5491,332;5496,314;5500,328;5504,312;5509,324;5513,298;5517,322;5522,296;5526,322;5530,304;5535,318;5539,322;5543,306;5548,318;5552,316;5556,316;5561,304;5565,332;5570,302;5574,326;5578,298;5583,324;5587,328;5591,312;5596,326;5600,308;5604,322;5609,306;5613,324;5617,308;5622,334;5626,304;5630,330;5635,302;5639,318;5644,332;5648,316;5652,328;5657,312;5661,330;5665,300;5670,326;5674,310;5678,338;5683,308;5687,312;5691,324;5696,322;5700,336;5704,320;5709,332;5713,294;5718,320;5722,304;5726,316;5731,300;5735,318;5739,330;5744,316;5748,328;5752,310;5757,324;5761,316;5765,342;5770,312;5774,324;5779,308;5783,312;5787,326;5792,310;5796,334;5800,320;5805,332;5809,296;5813,322;5818,306;5822,318;5826,302;5831,328;5835,320;5840,318;5844,330;5848,314;5853,328;5857,318;5861,330;5866,300;5870,326;5874,296;5879,324;5883,328;5887,312;5892,324;5896,324;5900,322;5905,298;5909,324;5914,308;5918,322;5922,306;5927,318;5931,324;5935,308;5940,320;5944,318;5948,330;5953,314;5957,334;5961,318;5966,330;5970,300;5974,326;5979,310;5983,314;5988,328;5992,312;5996,324;6001,310;6005,328;6009,298;6014,324;6018,308;6022,322;6027,306;6031,310;6035,324;6040,308;6044,320;6048,304;6053,316;6057,320;6062,346;6066,318;6070,330;6075,312;6079,318;6083,330;6088,316;6092,326;6096,324;6101,324;6105,300;6109,326;6114,296;6118,322;6122,292;6127,318;6131,324;6136,322;6140,320;6144,318;6149,316;6153,322;6157,334;6162,318;6166,330;6170,300;6175,328;6179,332;6183,316;6188,328;6192,312;6196,326;6201,300;6205,326;6210,298;6214,324;6218,308;6223,334;6227,324;6231,322;6236,334;6240,318;6244,330;6249,316;6253,334;6257,304;6262,330;6266,300;6270,326;6275,298;6279,314;6284,326;6288,310;6292,324;6297,324;6301,326;6305,296;6310,322;6314,308;6318,334;6323,304;6327,310;6331,322;6336,320;6340,318;6345,316;6349,328;6353,318;6358,330;6362,314;6366,326;6371,326;6375,314;6379,328;6384,312;6388,324;6392,308;6397,320;6401,296;6405,322;6410,292;6414,318;6419,288;6423,306;6427,318;6432,302;6436,314;6440,298;6445,310;6449,300;6453,312;6458,296;6462,308;6466,292;6471,294;6475,322;6479,306;6484,318;6488,302;6493,314;6497,304;6501,316;6506,286;6510,312;6514,282;6519,310;6523,312;6527,298;6532,310;6536,292;6540,306;6545,282;6549,310;6553,294;6558,292;6562,290;6567,302;6571,308;6575,292;6580,318;6584,302;6588,314;6593,298;6597,302;6601,286;6606,298;6610,282;6614,308;6619,292;6623,282;6628,308;6632,292;6636,304;6641,302;6645,306;6649,276;6654,302;6658,272;6662,300;6667,282;6671,300;6675,314;6680,312;6684,310;6688,308;6693,306;6697,282;6702,294;6706,278;6710,304;6715,288;6719,306;6723,318;6728,290;6732,316;6736,298;6741,312;6745,274;6749,286;6754,284;6758,296;6762,280;6767,284;6771,298;6776,266;6780,292;6784,278;6789,276;6793,266;6797,278;6802,262;6806,288;6810,258;6815,262;6819,274;6823,258;6828,284;6832,268;6836,294;6841,244;6845,270;6850,252;6854,266;6858,250;6863,276;6867,280;6871,264;6876,276;6880,262;6884,274;6889,264;6893,276;6897,262;6902,260;6906,272;6910,284;6915,288;6919,274;6924,286;6928,228;6932,282;6937,280;6941,270;6945,254;6950,266;6954,266;6958,292;6963,282;6967,252;6971,278;6976,232;6980,286;6985,270;6989,290;6993,260;6998,286;7002,270;7006,282;7011,252;7015,270;7019,284;7024,252;7028,294;7032,278;7037,282;7041,252;7045,264;7050,248;7054,274;7059,256;7063,262;7067,276;7072,260;7076,286;7080,270;7085,268;7089,244;7093,270;7098,254;7102,280;7106,266;7111,226;7115,282;7119,278;7124,292;7128,276;7133,288;7137,250;7141,276;7146,260;7150,272;7154,270;7159,246;7163,286;7167,256;7172,282;7176,238;7180,278;7185,268;7189,282;7193,264;7198,276;) of size 460\r\nSTEPPER: Moving to mstep: 5200 with speed [msteps/sec]: 4000 in SpreadCycle.\r\n'), 14:06:28
bytearray(b'STEPPER: Moved 2000.00 msteps (ramp: 35%) in 699.756 ms -> average speed [msteps/sec]: 2858.14\r\nSTEPPER: Moving to mstep: 7200 with speed [msteps/sec]: 1000 in StealthChop.\r\n'), 14:06:29
bytearray(b'STEPPER: Estimate 5: [msteps] 6762\r\nSTEPPER: buffer (5200,292;5204,322;5208,292;5213,332;5217,294;5221,322;5226,306;5230,332;5234,316;5239,328;5243,320;5247,318;5252,330;5256,314;5260,328;5265,304;5269,330;5274,302;5278,328;5282,300;5287,324;5291,328;5295,326;5300,326;5304,310;5308,322;5313,320;5317,326;5321,294;5326,322;5330,306;5334,332;5339,304;5343,320;5348,318;5352,318;5356,330;5361,314;5365,320;5369,304;5374,328;5378,314;5382,326;5387,310;5391,314;5395,326;5400,310;5404,324;5408,308;5413,334;5417,298;5422,324;5426,306;5430,334;5435,320;5439,308;5443,322;5448,320;5452,318;5456,316;5461,328;5465,318;5469,332;5474,300;5478,314;5482,298;5487,324;5491,328;5496,314;5500,326;5504,324;5509,338;5513,298;5517,312;5522,296;5526,322;5530,308;5535,334;5539,324;5543,310;5548,322;5552,306;5556,318;5561,308;5565,322;5570,320;5574,332;5578,316;5583,328;5587,320;5591,318;5596,330;5600,314;5604,326;5609,312;5613,316;5617,314;5622,326;5626,310;5630,322;5635,308;5639,312;5644,324;5648,322;5652,320;5657,306;5661,326;5665,308;5670,334;5674,304;5678,316;5683,302;5687,320;5691,332;5696,330;5700,330;5705,328;5709,326;5713,302;5718,330;5722,300;5726,312;5731,310;5735,314;5739,328;5744,312;5748,324;5752,310;5757,322;5761,312;5765,338;5770,308;5774,320;5779,304;5783,310;5787,322;5792,306;5796,332;5800,318;5805,330;5809,304;5813,316;5818,300;5822,328;5826,298;5831,324;5835,316;5840,300;5844,326;5848,310;5853,322;5857,300;5861,340;5866,310;5870,338;5874,306;5879,320;5883,324;5887,322;5892,334;5896,320;5900,318;5905,316;5909,320;5914,306;5918,332;5922,316;5927,328;5931,320;5935,318;5940,316;5944,314;5948,312;5953,310;5957,330;5961,314;5966,326;5970,310;5974,322;5979,306;5983,312;5988,326;5992,310;5996,322;6001,320;6005,324;6009,296;6014,322;6018,306;6022,332;6027,304;6031,322;6035,322;6040,318;6044,316;6048,316;6053,328;6057,318;6062,332;6066,302;6070,328;6075,312;6079,316;6083,330;6088,314;6092,326;6096,324;6101,324;6105,314;6109,326;6114,296;6118,322;6122,306;6127,334;6131,324;6136,308;6140,322;6144,306;6149,318;6153,324;6157,322;6162,306;6166,320;6170,318;6175,332;6179,322;6183,306;6188,320;6192,318;6196,330;6201,306;6205,320;6210,304;6214,316;6218,314;6223,328;6227,318;6231,304;6236,316;6240,316;6244,328;6249,312;6253,332;6257,304;6262,330;6266,314;6271,342;6275,312;6279,304;6284,318;6288,316;6292,328;6297,312;6301,316;6305,302;6310,316;6314,312;6318,326;6323,296;6327,316;6331,328;6336,312;6340,324;6345,324;6349,314;6353,310;6358,326;6362,310;6366,336;6371,306;6375,312;6379,338;6384,308;6388,322;6392,318;6397,330;6401,292;6405,320;6410,290;6414,302;6419,288;6423,306;6427,318;6432,288;6436,316;6440,298;6445,312;6449,302;6453,314;6458,298;6462,312;6466,296;6471,300;6475,300;6479,296;6484,308;6488,294;6493,306;6497,282;6501,308;6506,292;6510,304;6514,290;6519,302;6523,306;6527,304;6532,316;6536,300;6540,312;6545,290;6549,316;6553,300;6558,312;6562,282;6567,308;6571,300;6575,298;6580,310;6584,280;6588,304;6593,290;6597,308;6601,294;6606,306;6610,276;6614,302;6619,286;6623,292;6628,304;6632,288;6636,316;6641,298;6645,302;6649,286;6654,300;6658,284;6662,310;6667,294;6671,284;6675,296;6680,296;6684,308;6688,292;6693,304;6697,294;6702,306;6706,290;6710,304;6715,286;6719,306;6723,318;6728,302;6732,314;6736,300;6741,312;6745,288;6749,300;6754,284;6758,298;6762,296;6767,244;6771,300;6776,282;6780,294;6784,278;6789,292;6793,252;6797,278;6802,248;6806,276;6810,258;6815,262;6819,290;6823,288;6828,286;6832,270;6836,268;6841,258;6845,284;6850,268;6854,280;6858,264;6863,278;6867,282;6871,252;6876,278;6880,262;6884,288;6889,250;6893,276;6897,260;6902,272;6906,256;6911,270;6915,288;6919,242;6924,284;6928,282;6932,294;6937,256;6941,282;6945,238;6950,280;6954,264;6958,290;6963,266;6967,250;6971,276;6976,274;6980,274;6985,256;6989,274;6993,246;6998,286;7002,256;7006,268;7011,252;7015,258;7019,284;7024,268;7028,280;7032,250;7037,268;7041,252;7045,278;7050,264;7054,276;7059,246;7063,264;7067,278;7072,232;7076,274;7080,272;7085,272;7089,274;7093,274;7098,258;7102,268;7106,252;7111,272;7115,284;7119,268;7124,282;7128,264;7133,290;7137,268;7141,280;7146,264;7150,276;7154,274;7159,250;7163,276;7167,260;7172,286;7176,272;7180,284;7185,260;7189,272;7193,270;7198,282;) of size 460\r\nSTEPPER: Moving to mstep: 5200 with speed [msteps/sec]: 4000 in SpreadCycle.\r\n'), 14:06:32
bytearray(b'STEPPER: Moved 2000.00 msteps (ramp: 35%) in 699.756 ms -> average speed [msteps/sec]: 2858.14\r\nSTEPPER: Moving to mstep: 7200 with speed [msteps/sec]: 1000 in StealthChop.\r\n'), 14:06:32
bytearray(b'STEPPER: Estimate 6: [msteps] 6758\r\nSTEPPER: buffer (5200,284;5204,320;5208,320;5213,332;5217,294;5221,334;5226,306;5230,332;5234,302;5239,328;5243,322;5247,318;5252,330;5256,302;5260,326;5265,304;5269,330;5273,314;5278,328;5282,298;5287,324;5291,328;5295,328;5300,326;5304,324;5308,324;5313,322;5317,326;5321,296;5326,324;5330,308;5334,320;5339,306;5343,310;5348,322;5352,306;5356,318;5361,316;5365,322;5369,306;5374,332;5378,302;5382,328;5387,314;5391,316;5395,330;5400,314;5404,340;5408,310;5413,336;5417,298;5422,326;5426,310;5430,322;5435,306;5439,310;5443,324;5448,308;5452,322;5456,306;5461,318;5465,308;5469,320;5474,306;5478,332;5482,316;5487,328;5491,332;5496,316;5500,330;5504,328;5509,326;5513,302;5517,328;5522,298;5526,324;5530,308;5535,322;5539,326;5543,310;5548,322;5552,306;5556,320;5561,310;5565,322;5570,306;5574,332;5578,302;5583,330;5587,334;5591,318;5596,330;5600,314;5604,328;5609,312;5613,316;5617,314;5622,328;5626,310;5631,324;5635,308;5639,312;5644,324;5648,310;5652,336;5657,306;5661,338;5665,308;5670,336;5674,306;5678,332;5683,316;5687,320;5691,320;5696,316;5700,328;5705,314;5709,318;5713,302;5718,328;5722,312;5726,324;5731,308;5735,312;5739,324;5744,308;5748,320;5752,318;5757,316;5761,306;5765,332;5770,302;5774,328;5779,314;5783,318;5787,330;5792,314;5796,326;5800,324;5805,336;5809,312;5813,326;5818,308;5822,322;5826,306;5831,332;5835,322;5839,320;5844,318;5848,316;5853,328;5857,318;5861,330;5866,300;5870,326;5874,310;5879,322;5883,326;5887,312;5892,324;5896,322;5900,334;5905,296;5909,322;5913,306;5918,318;5922,316;5927,330;5931,312;5935,318;5940,316;5944,314;5948,326;5953,296;5957,328;5961,312;5966,324;5970,308;5974,322;5979,306;5983,312;5987,322;5992,306;5996,320;6001,318;6005,330;6009,306;6014,318;6018,302;6022,330;6027,300;6031,318;6035,332;6040,316;6044,328;6048,312;6053,324;6057,314;6061,342;6066,312;6070,324;6075,322;6079,312;6083,324;6088,310;6092,336;6096,320;6101,332;6105,294;6109,320;6114,304;6118,330;6122,300;6127,328;6131,318;6136,316;6140,314;6144,312;6149,324;6153,314;6157,328;6162,312;6166,324;6170,308;6175,320;6179,324;6183,310;6188,336;6192,318;6196,332;6201,308;6205,332;6210,304;6214,330;6218,300;6223,326;6227,318;6231,316;6236,314;6240,312;6244,324;6249,308;6253,342;6257,298;6262,338;6266,308;6271,320;6275,304;6279,308;6284,322;6288,320;6292,318;6297,316;6301,320;6305,304;6310,316;6314,300;6318,326;6323,296;6327,316;6331,328;6336,312;6340,324;6345,308;6349,320;6353,310;6358,324;6362,306;6366,334;6371,318;6375,308;6379,334;6384,318;6388,330;6392,314;6397,328;6401,304;6405,316;6410,302;6414,314;6419,296;6423,304;6427,314;6432,300;6436,312;6440,310;6445,322;6449,284;6453,312;6458,280;6462,308;6466,292;6471,282;6475,308;6479,294;6484,306;6488,302;6493,314;6497,278;6501,302;6506,286;6510,300;6514,284;6519,310;6523,314;6527,298;6532,310;6536,310;6540,306;6545,282;6549,308;6553,292;6558,306;6562,288;6567,302;6571,306;6575,290;6580,302;6584,286;6588,312;6593,298;6597,302;6601,286;6606,312;6610,296;6614,310;6619,280;6623,298;6627,310;6632,294;6636,308;6641,306;6645,310;6649,280;6654,306;6658,290;6662,316;6667,288;6671,292;6675,304;6680,290;6684,314;6688,300;6693,304;6697,288;6702,314;6706,270;6710,298;6715,280;6719,314;6723,312;6728,296;6732,308;6736,292;6741,306;6745,282;6749,308;6754,278;6758,290;6762,274;6767,280;6771,292;6776,262;6780,288;6784,272;6789,286;6793,276;6797,288;6802,272;6806,286;6810,256;6815,274;6819,286;6823,256;6828,270;6832,252;6837,278;6841,270;6845,268;6850,266;6854,292;6858,262;6863,288;6867,280;6871,234;6876,278;6880,274;6884,288;6889,250;6893,276;6897,274;6902,274;6906,270;6911,282;6915,286;6919,256;6924,284;6928,254;6932,280;6937,256;6941,282;6945,254;6950,266;6954,250;6958,276;6963,280;6967,266;6971,278;6976,262;6980,290;6985,260;6989,278;6993,262;6998,276;7002,260;7006,286;7011,256;7015,276;7019,288;7024,258;7028,270;7032,254;7037,286;7041,258;7045,270;7050,268;7054,282;7059,264;7063,268;7067,280;7072,236;7076,278;7080,276;7085,288;7089,264;7093,276;7098,274;7102,274;7106,258;7111,276;7115,276;7119,260;7124,286;7128,256;7133,282;7137,246;7141,272;7146,256;7150,268;7154,254;7159,258;7163,270;7167,254;7172,282;7176,264;7180,278;7185,254;7189,280;7193,250;7198,262;) of size 460\r\nSTEPPER: Moving to mstep: 5200 with speed [msteps/sec]: 4000 in SpreadCycle.\r\n'), 14:06:35
bytearray(b'STEPPER: Moved 2000.00 msteps (ramp: 35%) in 699.756 ms -> average speed [msteps/sec]: 2858.14\r\nSTEPPER: Moving to mstep: 7200 with speed [msteps/sec]: 1000 in StealthChop.\r\n'), 14:06:36
bytearray(b'STEPPER: Estimate 7: [msteps] 6780\r\nSTEPPER: buffer (5200,284;5204,328;5208,298;5213,324;5217,300;5221,314;5226,298;5230,336;5234,308;5239,334;5243,324;5247,308;5252,320;5256,306;5260,332;5265,314;5269,320;5274,304;5278,316;5282,302;5287,326;5291,318;5295,314;5300,328;5304,312;5308,324;5313,324;5317,328;5321,298;5326,324;5330,308;5334,322;5339,306;5343,310;5348,324;5352,308;5356,320;5361,318;5365,322;5369,306;5374,334;5378,304;5382,318;5387,300;5391,320;5395,332;5400,316;5404,342;5408,312;5413,326;5417,302;5422,328;5426,312;5430,326;5435,296;5439,314;5443,312;5448,310;5452,338;5456,306;5461,334;5465,310;5469,322;5474,306;5478,334;5482,302;5487,308;5491,320;5496,318;5500,330;5504,316;5509,328;5513,304;5517,330;5522,316;5526,328;5530,298;5535,324;5539,316;5543,300;5548,326;5552,324;5557,324;5561,312;5565,336;5570,308;5574,322;5578,304;5583,332;5587,324;5591,308;5596,332;5600,316;5604,330;5609,314;5613,318;5617,302;5622,328;5626,298;5631,326;5635,296;5639,314;5644,326;5648,310;5652,322;5657,322;5661,326;5665,298;5670,336;5674,306;5678,334;5683,304;5687,322;5691,334;5696,318;5700,330;5705,314;5709,318;5713,302;5718,330;5722,300;5726,328;5731,312;5735,316;5739,328;5744,312;5748,324;5752,322;5757,322;5761,312;5765,324;5770,310;5774,322;5779,306;5783,310;5787,324;5792,308;5796,334;5800,318;5805,332;5809,308;5813,320;5818,304;5822,316;5826,300;5831,328;5835,320;5839,316;5844,328;5848,312;5853,324;5857,316;5861,328;5866,312;5870,324;5874,296;5879,322;5883,326;5887,324;5892,336;5896,320;5900,332;5905,316;5909,334;5913,304;5918,332;5922,302;5927,326;5931,318;5935,316;5940,328;5944,312;5948,324;5953,310;5957,326;5961,310;5966,336;5970,306;5974,334;5979,304;5983,308;5988,336;5992,304;5996,330;6001,314;6005,320;6009,304;6014,330;6018,300;6022,326;6027,310;6031,314;6035,326;6040,310;6044,322;6048,306;6053,318;6057,306;6062,320;6066,304;6070,330;6075,300;6079,318;6083,330;6088,316;6092,326;6096,324;6101,322;6105,298;6109,326;6114,296;6118,322;6122,302;6127,332;6131,322;6136,306;6140,318;6144,304;6149,328;6153,304;6157,330;6162,316;6166,328;6170,312;6175,324;6179,328;6183,312;6188,324;6192,308;6197,334;6201,298;6205,322;6210,308;6214,320;6218,304;6223,316;6227,334;6231,318;6236,332;6240,314;6244,314;6249,312;6253,344;6257,314;6262,326;6266,310;6271,322;6275,306;6279,310;6284,324;6288,322;6292,320;6297,318;6301,322;6305,306;6310,318;6314,304;6318,330;6323,300;6327,320;6331,332;6336,314;6340,328;6345,312;6349,326;6353,314;6358,328;6362,312;6366,324;6371,310;6375,314;6379,326;6384,312;6388,324;6392,308;6397,334;6401,296;6405,308;6410,292;6414,306;6419,290;6423,294;6427,306;6432,306;6436,318;6440,302;6445,314;6449,292;6453,302;6458,300;6462,328;6466,298;6471,310;6475,302;6479,298;6484,312;6488,296;6493,310;6497,284;6501,298;6506,282;6510,308;6514,290;6519,304;6523,308;6527,290;6532,304;6536,302;6540,302;6545,292;6549,304;6553,288;6558,314;6562,298;6567,310;6571,314;6575,298;6580,298;6584,282;6588,308;6593,292;6597,310;6601,280;6606,294;6610,294;6614,306;6619,290;6623,294;6628,320;6632,292;6636,304;6641,302;6645,320;6649,290;6654,304;6658,288;6662,314;6667,284;6671,290;6675,302;6680,298;6684,312;6688,296;6693,294;6697,284;6702,296;6706,280;6710,306;6715,290;6719,296;6723,308;6728,292;6732,318;6736,302;6741,314;6745,290;6749,288;6754,272;6758,284;6762,268;6767,286;6771,298;6776,270;6780,296;6784,278;6789,292;6793,254;6797,266;6802,250;6806,276;6810,260;6815,280;6819,290;6823,260;6828,274;6832,270;6836,296;6841,258;6845,284;6850,254;6854,282;6858,266;6863,240;6867,282;6871,280;6876,292;6880,276;6884,288;6889,250;6893,290;6897,260;6902,286;6906,270;6910,282;6915,286;6919,272;6924,284;6928,268;6932,280;6937,234;6941,282;6945,266;6950,278;6954,248;6958,274;6963,266;6967,250;6971,276;6976,260;6980,288;6984,244;6989,276;6993,260;6998,272;7002,244;7006,270;7011,254;7015,258;7019,286;7024,270;7028,282;7032,266;7037,284;7041,254;7045,280;7050,264;7054,276;7059,262;7063,280;7067,278;7072,248;7076,276;7080,260;7085,286;7089,264;7093,276;7098,246;7102,272;7106,240;7111,276;7115,276;7119,274;7124,272;7128,242;7133,284;7137,260;7141,274;7146,258;7150,270;7154,240;7159,282;7163,286;7167,256;7172,268;7176,252;7180,278;7185,270;7189,284;7194,268;7198,280;) of size 460\r\nSTEPPER: Moving to mstep: 5200 with speed [msteps/sec]: 4000 in SpreadCycle.\r\n'), 14:06:38
bytearray(b'STEPPER: Moved 2000.00 msteps (ramp: 35%) in 699.756 ms -> average speed [msteps/sec]: 2858.14\r\nSTEPPER: Moving to mstep: 7200 with speed [msteps/sec]: 1000 in StealthChop.\r\n'), 14:06:39
bytearray(b'STEPPER: Estimate 8: [msteps] 6758\r\nSTEPPER: buffer (5200,294;5204,318;5208,318;5213,328;5217,304;5221,330;5226,300;5230,328;5234,298;5239,322;5243,328;5247,314;5252,326;5256,310;5260,322;5265,300;5269,324;5274,310;5278,336;5282,306;5287,334;5291,324;5295,322;5300,334;5304,318;5308,318;5313,328;5317,320;5321,304;5326,330;5330,314;5334,312;5339,310;5343,314;5348,326;5352,314;5356,326;5361,308;5365,342;5369,312;5374,324;5378,308;5382,322;5387,306;5391,310;5395,324;5400,308;5404,334;5409,318;5413,330;5417,294;5422,320;5426,304;5430,330;5435,316;5439,306;5443,332;5448,316;5452,328;5456,312;5461,324;5465,314;5469,328;5474,312;5478,338;5483,308;5487,314;5491,326;5496,326;5500,324;5504,322;5509,334;5513,296;5517,322;5522,306;5526,330;5530,304;5535,330;5539,320;5543,318;5548,330;5552,314;5557,328;5561,304;5565,330;5570,314;5574,326;5578,310;5583,322;5587,342;5591,312;5596,324;5600,308;5604,334;5609,318;5613,324;5617,294;5622,320;5626,304;5631,330;5635,314;5639,306;5644,332;5648,316;5652,328;5657,326;5661,330;5665,314;5670,328;5674,312;5678,338;5683,308;5687,326;5691,324;5696,322;5700,334;5705,318;5709,324;5713,306;5718,334;5722,302;5726,316;5731,314;5735,306;5739,318;5744,316;5748,314;5752,312;5757,324;5761,314;5765,328;5770,298;5774,324;5779,308;5783,312;5787,324;5792,322;5796,322;5800,320;5805,332;5809,308;5813,334;5818,304;5822,316;5826,300;5831,328;5835,318;5839,316;5844,328;5848,312;5853,324;5857,300;5861,326;5866,310;5870,336;5874,306;5879,332;5883,322;5887,320;5892,332;5896,318;5900,330;5905,306;5909,332;5914,302;5918,330;5922,314;5927,340;5931,316;5935,314;5940,326;5944,312;5948,322;5953,322;5957,326;5961,310;5966,336;5970,306;5974,318;5979,302;5983,322;5988,334;5992,318;5996,330;6001,314;6005,332;6009,302;6014,328;6018,298;6022,326;6027,296;6031,312;6035,326;6040,310;6044,324;6048,322;6053,322;6057,312;6062,338;6066,308;6070,336;6075,306;6079,324;6083,322;6088,322;6092,320;6096,318;6101,330;6105,308;6109,320;6114,304;6118,332;6123,302;6127,314;6131,320;6136,318;6140,330;6144,314;6149,314;6153,304;6157,316;6162,314;6166,328;6170,310;6175,324;6179,328;6183,312;6188,324;6192,322;6197,336;6201,298;6205,324;6210,294;6214,322;6218,306;6223,332;6227,322;6231,306;6236,320;6240,304;6244,330;6249,314;6253,320;6257,304;6262,344;6266,314;6271,342;6275,318;6279,316;6284,328;6288,314;6292,326;6297,324;6301,330;6305,300;6310,326;6314,298;6318,324;6323,308;6327,314;6331,326;6336,312;6340,322;6345,306;6349,320;6353,310;6358,336;6362,306;6366,320;6371,318;6375,310;6379,336;6384,320;6388,332;6392,302;6397,330;6401,306;6405,318;6410,300;6414,300;6419,284;6423,302;6427,316;6432,286;6436,312;6440,296;6445,308;6449,298;6453,312;6458,296;6462,308;6466,292;6471,296;6475,308;6480,292;6484,304;6488,304;6493,302;6497,292;6501,318;6506,288;6510,300;6514,284;6519,310;6523,302;6527,286;6532,300;6536,298;6540,310;6545,300;6549,312;6554,296;6558,294;6562,294;6567,306;6571,310;6575,294;6580,308;6584,292;6588,306;6593,290;6597,294;6601,292;6606,306;6610,274;6614,302;6619,308;6623,290;6628,302;6632,300;6636,314;6641,298;6645,302;6649,288;6654,314;6658,284;6662,310;6667,294;6671,298;6675,310;6680,282;6684,306;6688,292;6693,296;6697,294;6702,306;6706,276;6710,304;6715,288;6719,292;6723,304;6728,288;6732,302;6736,286;6741,298;6745,274;6749,300;6754,284;6758,296;6762,280;6767,270;6771,282;6776,280;6780,292;6784,276;6789,288;6793,280;6797,292;6802,262;6806,290;6810,260;6815,236;6819,276;6823,274;6828,286;6832,270;6836,282;6841,260;6845,284;6850,256;6854,280;6858,266;6863,242;6867,282;6871,280;6876,294;6880,276;6884,290;6889,252;6893,278;6897,262;6902,274;6906,258;6910,270;6915,276;6919,230;6924,284;6928,270;6932,282;6937,258;6941,284;6945,268;6950,282;6954,266;6958,278;6963,282;6967,252;6971,278;6976,248;6980,290;6985,274;6989,278;6993,262;6998,274;7002,258;7006,270;7011,254;7015,246;7019,272;7024,242;7028,284;7032,282;7037,274;7041,256;7045,268;7050,266;7054,278;7059,262;7063,268;7067,280;7072,250;7076,278;7080,262;7085,266;7089,264;7093,276;7098,260;7102,272;7106,258;7111,276;7115,288;7120,260;7124,284;7128,254;7133,280;7137,272;7141,284;7146,268;7150,266;7154,278;7159,268;7163,268;7167,250;7172,264;7176,232;7180,288;7185,264;7189,276;7194,246;7198,274;) of size 460\r\nSTEPPER: Moving to mstep: 5200 with speed [msteps/sec]: 4000 in SpreadCycle.\r\n'), 14:06:41
bytearray(b'STEPPER: Moved 2000.00 msteps (ramp: 35%) in 699.756 ms -> average speed [msteps/sec]: 2858.14\r\nSTEPPER: Moving to mstep: 7200 with speed [msteps/sec]: 1000 in StealthChop.\r\n'), 14:06:42
bytearray(b'STEPPER: Estimate 9: [msteps] 6745\r\nSTEPPER: buffer (5200,290;5204,310;5208,296;5213,322;5217,298;5221,324;5226,308;5230,322;5234,306;5239,334;5243,322;5247,306;5252,320;5256,316;5260,316;5265,306;5269,332;5274,304;5278,330;5282,300;5287,326;5291,332;5295,316;5300,326;5304,312;5308,324;5313,322;5317,326;5321,296;5326,322;5330,306;5334,320;5339,310;5343,308;5348,334;5352,304;5356,316;5361,300;5365,334;5369,318;5374,330;5378,300;5382,326;5387,310;5391,316;5395,330;5400,314;5404,326;5408,310;5413,322;5417,300;5422,326;5426,296;5430,322;5435,306;5439,324;5443,324;5448,308;5452,322;5456,318;5461,330;5465,308;5469,334;5474,302;5478,330;5483,300;5487,326;5491,332;5496,316;5500,328;5504,314;5509,324;5513,302;5517,328;5522,298;5526,326;5530,310;5535,336;5539,326;5543,312;5548,324;5552,308;5557,320;5561,312;5565,324;5570,308;5574,320;5578,304;5583,330;5587,336;5591,306;5596,334;5600,316;5604,328;5609,314;5613,320;5617,304;5622,330;5626,300;5631,326;5635,296;5639,302;5644,328;5648,312;5652,324;5657,310;5661,326;5665,298;5670,324;5674,310;5678,336;5683,306;5687,324;5691,338;5696,322;5700,334;5705,318;5709,322;5713,306;5718,334;5722,304;5726,330;5731,314;5735,320;5739,318;5744,316;5748,316;5752,312;5757,326;5761,304;5765,314;5770,300;5774,326;5779,310;5783,314;5787,328;5792,312;5796,324;5800,308;5805,322;5809,298;5813,324;5818,308;5822,322;5826,306;5831,334;5835,324;5840,308;5844,334;5848,306;5853,318;5857,308;5861,336;5866,306;5870,332;5874,302;5879,328;5883,320;5887,318;5892,330;5896,316;5900,328;5905,304;5909,332;5914,302;5918,328;5922,300;5927,326;5931,316;5935,314;5940,326;5944,312;5948,324;5953,308;5957,328;5961,312;5966,324;5970,308;5974,336;5979,304;5983,310;5988,324;5992,308;5996,334;6001,304;6005,324;6009,308;6014,320;6018,304;6022,318;6027,302;6031,322;6035,334;6040,318;6044,330;6048,314;6053,328;6057,304;6062,330;6066,300;6070,328;6075,298;6079,318;6083,330;6088,328;6092,326;6096,324;6101,324;6105,300;6109,326;6114,296;6118,324;6122,308;6127,322;6131,324;6136,324;6140,322;6144,306;6149,332;6153,308;6157,320;6162,318;6166,332;6170,316;6175,328;6179,332;6183,316;6188,330;6192,314;6196,326;6201,302;6205,330;6210,300;6214,326;6218,296;6223,324;6227,328;6231,312;6236,326;6240,310;6244,322;6249,306;6253,340;6257,310;6262,322;6266,308;6270,334;6275,318;6279,310;6284,322;6288,320;6292,318;6297,316;6301,322;6305,292;6310,320;6314,302;6318,316;6323,300;6327,320;6331,332;6336,316;6340,316;6345,314;6349,320;6353,302;6358,330;6362,300;6366,326;6371,312;6375,316;6379,330;6384,314;6388,326;6392,310;6397,322;6401,300;6406,312;6410,296;6414,308;6419,306;6423,300;6427,324;6432,308;6436,306;6440,306;6445,318;6449,294;6453,308;6458,292;6462,318;6466,288;6471,294;6475,306;6480,290;6484,304;6488,288;6493,314;6497,290;6501,304;6506,288;6510,300;6514,284;6519,310;6523,302;6527,286;6532,314;6536,298;6540,310;6545,286;6549,300;6554,284;6558,296;6562,282;6567,308;6571,312;6575,296;6580,310;6584,294;6588,306;6593,290;6597,298;6601,280;6606,294;6610,278;6614,304;6619,288;6623,294;6628,320;6632,304;6636,316;6641,300;6645,306;6649,276;6654,304;6658,286;6662,314;6667,284;6671,288;6675,302;6680,300;6684,312;6688,296;6693,308;6697,286;6702,312;6706,296;6710,308;6715,278;6719,298;6723,310;6728,306;6732,320;6736,290;6741,316;6745,278;6749,290;6754,274;6758,286;6762,270;6767,288;6771,302;6776,272;6780,286;6784,268;6789,294;6793,258;6797,284;6802,254;6806,280;6810,250;6815,270;6819,296;6823,280;6828,292;6832,262;6836,288;6841,250;6845,278;6850,262;6854,288;6858,272;6863,246;6867,288;6871,272;6876,284;6880,270;6884,282;6889,258;6893,270;6897,268;6902,280;6906,264;6911,290;6915,280;6919,236;6924,290;6928,274;6932,286;6937,248;6941,276;6945,274;6950,284;6954,258;6958,282;6963,272;6967,226;6972,282;6976,266;6980,292;6985,264;6989,266;6993,266;6998,278;7002,262;7006,288;7011,264;7015,220;7019,290;7024,274;7028,286;7032,270;7037,274;7041,258;7046,270;7050,270;7054,282;7059,266;7063,256;7067,268;7072,224;7076,280;7080,278;7085,268;7089,252;7093,264;7098,262;7102,274;7106,272;7111,250;7115,276;7120,260;7124,274;7128,242;7133,270;7137,260;7141,272;7146,242;7150,254;7154,252;7159,258;7163,284;7167,254;7172,280;7176,250;7180,290;7185,252;7189,280;7194,250;7198,276;) of size 460\r\nSTEPPER: Moving to mstep: 5200 with speed [msteps/sec]: 4000 in SpreadCycle.\r\n'), 14:06:45
bytearray(b'STEPPER: Moved 2000.00 msteps (ramp: 35%) in 699.756 ms -> average speed [msteps/sec]: 2858.14\r\nSTEPPER: Moving to mstep: 7200 with speed [msteps/sec]: 1000 in StealthChop.\r\n'), 14:06:45
bytearray(b'STEPPER: Estimate 10: [msteps] 6758\r\nSTEPPER: buffer (5200,280;5204,322;5208,320;5213,318;5217,308;5221,320;5226,306;5230,332;5234,318;5239,328;5243,332;5247,304;5252,316;5256,314;5260,326;5265,304;5269,328;5274,312;5278,312;5282,308;5287,334;5291,326;5295,312;5300,322;5304,322;5308,334;5313,318;5317,322;5321,306;5326,318;5330,302;5334,328;5339,300;5343,318;5348,316;5352,314;5356,328;5361,312;5365,330;5369,300;5374,326;5378,310;5382,324;5387,306;5391,312;5395,324;5400,308;5404,334;5408,304;5413,330;5417,306;5422,334;5426,304;5430,330;5435,300;5439,306;5443,318;5448,316;5452,328;5456,312;5461,326;5465,302;5469,328;5474,298;5478,326;5482,308;5487,322;5491,326;5496,312;5500,324;5504,308;5509,332;5513,308;5517,322;5522,306;5526,320;5530,316;5535,330;5539,320;5543,318;5548,330;5552,316;5556,328;5561,304;5565,330;5570,302;5574,326;5578,310;5583,338;5587,326;5591,312;5596,338;5600,322;5604,334;5609,318;5613,322;5617,306;5622,332;5626,302;5630,328;5635,300;5639,318;5644,330;5648,314;5652,326;5657,310;5661,330;5665,298;5670,324;5674,308;5678,322;5683,304;5687,310;5691,322;5696,320;5700,334;5705,318;5709,322;5713,306;5718,332;5722,302;5726,342;5731,312;5735,318;5739,328;5744,314;5748,326;5752,310;5757,322;5761,312;5765,326;5770,310;5774,324;5779,306;5783,312;5787,324;5792,308;5796,334;5800,306;5805,330;5809,306;5813,334;5818,318;5822,330;5826,300;5831,324;5835,330;5839,316;5844,328;5848,312;5853,324;5857,300;5861,326;5866,310;5870,336;5874,306;5879,320;5883,322;5887,322;5892,320;5896,320;5900,330;5905,316;5909,334;5913,304;5918,330;5922,300;5927,312;5931,330;5935,314;5940,314;5944,310;5948,322;5953,308;5957,326;5961,310;5966,336;5970,308;5974,318;5979,316;5983,308;5987,334;5992,318;5996,330;6001,316;6005,318;6009,318;6014,330;6018,314;6022,326;6027,310;6031,314;6035,326;6040,310;6044,324;6048,320;6053,334;6057,310;6061,322;6066,308;6070,334;6075,302;6079,322;6083,322;6088,320;6092,332;6096,316;6101,328;6105,304;6109,330;6114,300;6118,328;6122,296;6127,324;6131,328;6136,312;6140,324;6144,324;6149,322;6153,312;6157,338;6162,308;6166,322;6170,306;6175,318;6179,322;6183,306;6188,334;6192,318;6196,344;6201,306;6205,332;6210,304;6214,330;6218,314;6223,326;6227,318;6231,316;6236,328;6240,312;6244,324;6249,310;6253,328;6257,298;6262,326;6266,310;6270,334;6275,306;6279,310;6284,336;6288,308;6292,334;6297,318;6301,322;6305,306;6310,334;6314,304;6318,330;6323,300;6327,318;6331,330;6336,314;6340,314;6345,312;6349,324;6353,314;6358,340;6362,310;6366,338;6371,308;6375,312;6379,324;6384,308;6388,320;6392,318;6397,318;6401,294;6405,320;6410,290;6414,316;6419,286;6423,306;6427,318;6432,300;6436,314;6440,298;6445,310;6449,300;6453,314;6458,296;6462,324;6466,292;6471,284;6475,310;6479,280;6484,306;6488,292;6493,304;6497,294;6501,306;6506,290;6510,302;6514,286;6519,314;6523,304;6527,302;6532,314;6536,298;6540,310;6545,294;6549,314;6553,298;6558,310;6562,296;6567,308;6571,298;6575,282;6580,308;6584,292;6588,320;6593,290;6597,308;6601,278;6606,304;6610,288;6614,302;6619,286;6623,304;6627,316;6632,300;6636,312;6641,298;6645,300;6649,284;6654,298;6658,282;6662,308;6667,292;6671,282;6675,294;6680,294;6684,306;6688,290;6693,302;6697,278;6701,304;6706,288;6710,314;6715,284;6719,304;6723,318;6728,286;6732,300;6736,296;6741,308;6745,284;6749,298;6754,282;6758,294;6762,278;6767,268;6771,282;6775,266;6780,292;6784,276;6789,288;6793,266;6797,278;6802,276;6806,288;6810,258;6815,262;6819,288;6823,258;6828,284;6832,256;6836,282;6841,258;6845,284;6850,254;6854,282;6858,264;6863,276;6867,282;6871,264;6876,278;6880,246;6884,288;6889,264;6893,276;6897,260;6902,272;6906,270;6910,282;6915,288;6919,272;6924,284;6928,254;6932,280;6937,244;6941,284;6945,268;6950,280;6954,278;6958,276;6963,282;6967,280;6971,292;6976,276;6980,288;6984,258;6989,276;6993,260;6998,274;7002,256;7006,284;7011,254;7015,258;7019,284;7024,268;7028,282;7032,238;7037,284;7041,268;7045,280;7050,264;7054,278;7059,246;7063,250;7067,278;7072,262;7076,274;7080,230;7085,284;7089,260;7093,272;7098,256;7102,268;7106,252;7111,270;7115,296;7119,268;7124,292;7128,264;7133,288;7137,250;7141,264;7146,262;7150,274;7154,258;7159,234;7163,274;7167,260;7172,284;7176,254;7180,280;7185,270;7189,284;7193,268;7198,280;) of size 460\r\nSTEPPER: Final estimate: [mstep] 6757\r\nFound dispense position: [\xc2\xb5m] 33765\r\nreturn;find;6753\r\n\xef\xbf\xbdreceived from UR: find -> find (0,1)\r\nSTEPPER: Moving to mstep: 5200 with speed [msteps/sec]: 4000 in SpreadCycle.\r\n'), 14:06:48
bytearray(b'STEPPER: Moved 2000.00 msteps (ramp: 35%) in 699.756 ms -> average speed [msteps/sec]: 2858.14\r\nSTEPPER: Moving to mstep: 7200 with speed [msteps/sec]: 1000 in StealthChop.\r\n'), 14:06:48
bytearray(b'STEPPER: Estimate 1: [msteps] 6780\r\nSTEPPER: buffer (5200,284;5204,338;5208,294;5213,322;5217,298;5221,324;5226,294;5230,322;5234,306;5239,332;5243,322;5247,306;5252,320;5256,318;5260,316;5265,314;5269,334;5274,302;5278,328;5282,314;5287,326;5291,318;5295,314;5300,328;5304,326;5308,324;5313,322;5317,328;5321,312;5326,324;5330,294;5334,320;5339,304;5343,310;5348,322;5352,308;5356,318;5361,318;5365,320;5369,306;5374,332;5378,302;5382,330;5387,300;5391,318;5395,330;5400,314;5404,328;5408,312;5413,338;5417,300;5422,314;5426,298;5430,338;5435,310;5439,314;5443,326;5448,312;5452,322;5456,294;5461,320;5465,296;5469,322;5474,306;5478,332;5482,304;5487,330;5491,320;5496,318;5500,318;5504,316;5509,328;5513,290;5517,316;5522,300;5526,326;5530,310;5535,324;5539,328;5543,312;5548,324;5552,308;5556,322;5561,312;5565,324;5570,308;5574,322;5578,304;5583,330;5587,322;5591,320;5596,332;5600,316;5604,330;5609,314;5613,332;5617,302;5622,330;5626,300;5631,326;5635,308;5639,314;5644,326;5648,310;5652,322;5657,308;5661,326;5665,310;5670,336;5674,306;5678,320;5683,304;5687,322;5691,320;5696,318;5700,318;5705,316;5709,328;5713,304;5718,330;5722,300;5726,328;5731,310;5735,316;5739,328;5744,312;5748,324;5752,310;5757,322;5761,312;5766,324;5770,308;5774,336;5779,320;5783,310;5787,324;5792,308;5796,334;5800,318;5805,332;5809,292;5813,318;5818,302;5822,330;5826,300;5831,326;5835,316;5840,314;5844,326;5848,310;5853,324;5857,314;5861,340;5866,296;5870,322;5874,306;5879,334;5883,324;5887,322;5892,334;5896,318;5900,330;5905,306;5909,332;5914,302;5918,314;5922,312;5927,326;5931,330;5935,314;5940,326;5944,310;5948,336;5953,292;5957,322;5961,308;5966,320;5970,318;5974,330;5979,316;5983,320;5988,332;5992,316;5996,328;6001,314;6005,330;6009,302;6014,314;6018,298;6022,324;6027,308;6031,326;6035,324;6040,308;6044,320;6048,318;6053,318;6057,306;6062,334;6066,316;6070,330;6075,300;6079,318;6083,330;6088,316;6092,326;6096,310;6101,322;6105,314;6109,326;6114,294;6118,322;6122,306;6127,332;6131,336;6136,320;6140,318;6144,316;6149,314;6153,318;6157,330;6162,316;6166,328;6170,312;6175,324;6179,328;6183,314;6188,326;6192,310;6196,336;6201,298;6205,324;6210,308;6214,322;6218,292;6223,318;6227,322;6231,320;6236,318;6240,304;6244,316;6249,314;6253,332;6257,302;6262,328;6266,314;6271,326;6275,324;6279,298;6284,326;6288,324;6292,322;6297,320;6301,326;6305,296;6310,336;6314,306;6318,332;6323,304;6327,322;6331,320;6336,318;6340,332;6345,318;6349,320;6353,318;6358,330;6362,314;6366,328;6371,312;6375,316;6379,328;6384,312;6388,326;6392,310;6397,322;6401,298;6405,310;6410,294;6414,308;6419,292;6423,310;6427,322;6432,308;6436,320;6440,288;6445,316;6449,292;6453,306;6458,290;6462,316;6466,286;6471,312;6475,318;6479,286;6484,300;6488,298;6493,310;6497,302;6501,314;6506,298;6510,310;6514,292;6519,306;6523,312;6527,296;6532,308;6536,292;6540,304;6545,294;6549,306;6553,304;6558,304;6562,286;6567,300;6571,304;6575,302;6580,314;6584,298;6588,310;6593,294;6597,300;6601,284;6606,296;6610,294;6614,306;6619,278;6623,296;6628,306;6632,290;6636,302;6641,286;6645,306;6649,288;6654,316;6658,286;6662,310;6667,296;6671,300;6675,298;6680,282;6684,308;6688,292;6693,304;6697,294;6702,306;6706,290;6710,302;6715,286;6719,278;6723,304;6728,300;6732,300;6736,298;6741,310;6745,286;6749,300;6754,284;6758,296;6762,278;6767,284;6771,294;6776,280;6780,292;6784,276;6789,288;6793,264;6797,290;6802,274;6806,286;6810,256;6815,276;6819,288;6823,256;6828,284;6832,268;6837,294;6841,256;6845,282;6850,268;6854,280;6858,264;6863,290;6867,296;6871,280;6876,292;6880,262;6884,274;6889,264;6893,278;6897,262;6902,274;6906,258;6911,234;6915,288;6919,274;6924,286;6928,272;6932,296;6937,258;6941,270;6945,270;6950,282;6954,266;6958,278;6963,262;6967,268;6971,280;6976,250;6980,276;6985,274;6989,292;6993,264;6998,276;7002,260;7006,272;7011,256;7015,248;7019,274;7024,272;7028,284;7032,254;7037,274;7041,270;7045,284;7050,254;7054,280;7059,264;7063,256;7067,268;7072,238;7076,280;7080,278;7085,276;7089,266;7093,266;7098,250;7102,262;7106,260;7111,252;7115,264;7119,234;7124,288;7128,274;7133,286;7137,262;7141,276;7146,258;7150,258;7154,256;7159,246;7163,272;7167,258;7172,272;7176,242;7180,268;7185,260;7189,286;7193,270;7198,282;) of size 460\r\nSTEPPER: Moving to mstep: 5200 with speed [msteps/sec]: 4000 in SpreadCycle.\r\n'), 14:06:51
bytearray(b'STEPPER: Moved 2000.00 msteps (ramp: 35%) in 699.768 ms -> average speed [msteps/sec]: 2858.09\r\nSTEPPER: Moving to mstep: 7200 with speed [msteps/sec]: 1000 in StealthChop.\r\n'), 14:06:52
bytearray(b'STEPPER: Estimate 2: [msteps] 6780\r\nSTEPPER: buffer (5200,282;5204,316;5208,298;5213,326;5217,302;5221,328;5226,300;5230,326;5234,310;5239,336;5243,328;5247,312;5252,324;5256,308;5260,334;5265,320;5269,324;5274,294;5278,322;5282,306;5287,332;5291,324;5295,322;5300,320;5304,320;5308,332;5313,318;5317,322;5321,306;5326,332;5330,304;5334,330;5339,314;5343,320;5348,318;5352,318;5356,330;5361,314;5365,320;5369,304;5374,332;5378,302;5382,328;5387,300;5391,318;5395,332;5400,318;5404,330;5408,314;5413,326;5417,302;5422,330;5426,300;5430,326;5435,296;5439,316;5443,330;5448,314;5452,326;5456,310;5461,324;5465,314;5469,340;5474,310;5478,322;5482,306;5487,320;5491,324;5496,322;5500,336;5504,320;5509,318;5513,308;5517,334;5522,304;5526,330;5530,302;5535,330;5539,332;5543,318;5548,330;5552,314;5556,326;5561,302;5565,328;5570,314;5574,326;5578,310;5583,322;5587,328;5591,312;5596,338;5600,322;5604,322;5609,320;5613,324;5617,294;5622,322;5626,306;5631,332;5635,302;5639,322;5644,320;5648,318;5652,330;5657,314;5661,332;5665,302;5670,330;5674,300;5678,326;5683,310;5687,328;5691,328;5696,324;5700,324;5705,320;5709,326;5713,310;5718,322;5722,306;5726,332;5731,316;5735,322;5739,334;5744,318;5748,316;5752,314;5757,326;5761,316;5765,328;5770,326;5774,338;5779,310;5783,314;5787,340;5792,310;5796,336;5800,322;5805,336;5809,310;5813,322;5818,306;5822,318;5826,302;5831,330;5835,320;5839,320;5844,316;5848,316;5853,328;5857,318;5861,330;5866,314;5870,328;5874,312;5879,324;5883,330;5887,314;5892,326;5896,324;5900,338;5905,322;5909,326;5913,296;5918,334;5922,306;5927,332;5931,324;5935,308;5940,320;5944,318;5948,330;5953,316;5957,334;5961,306;5966,332;5970,316;5974,330;5979,314;5983,304;5987,330;5992,314;5996,342;6001,312;6005,338;6009,300;6014,328;6018,298;6022,324;6027,296;6031,314;6035,326;6040,310;6044,324;6048,308;6053,320;6057,310;6061,322;6066,308;6070,334;6075,318;6079,308;6083,336;6088,320;6092,318;6096,316;6101,316;6105,304;6109,318;6114,302;6118,328;6122,298;6127,326;6131,328;6136,314;6140,312;6144,312;6149,322;6153,312;6157,326;6162,310;6166,324;6170,306;6175,320;6179,324;6183,310;6188,336;6192,306;6196,320;6201,308;6205,322;6210,304;6214,318;6218,316;6223,328;6227,320;6231,318;6236,330;6240,316;6244,328;6249,312;6253,332;6257,300;6262,328;6266,298;6271,340;6275,308;6279,314;6284,326;6288,310;6292,322;6297,320;6301,326;6305,296;6310,322;6314,306;6318,332;6323,304;6327,308;6331,332;6336,318;6340,318;6345,316;6349,328;6353,304;6358,332;6362,302;6366,328;6371,312;6375,318;6379,330;6384,314;6388,328;6392,310;6397,338;6401,300;6405,314;6410,296;6414,310;6419,294;6423,300;6427,312;6432,310;6436,322;6440,306;6445,306;6449,296;6453,308;6458,292;6462,318;6466,288;6471,300;6475,318;6479,302;6484,302;6488,298;6493,312;6497,286;6501,314;6506,284;6510,310;6514,282;6519,294;6523,326;6527,310;6532,322;6536,294;6540,320;6545,304;6549,308;6553,278;6558,292;6562,288;6567,316;6571,306;6575,290;6580,302;6584,286;6588,312;6593,296;6597,300;6601,284;6606,310;6610,280;6614,306;6619,290;6623,294;6627,320;6632,292;6636,318;6641,288;6645,306;6649,290;6654,316;6658,286;6662,314;6667,282;6671,288;6675,314;6680,298;6684,310;6688,308;6693,300;6697,282;6702,296;6706,280;6710,306;6715,276;6719,308;6723,308;6728,306;6732,318;6736,288;6741,314;6745,276;6749,288;6754,286;6758,300;6762,270;6767,274;6771,300;6776,286;6780,298;6784,268;6789,296;6793,256;6797,282;6802,252;6806,278;6810,248;6815,268;6819,280;6823,250;6828,290;6832,262;6836,274;6841,264;6845,292;6850,262;6854,274;6858,272;6863,286;6867,276;6871,260;6876,272;6880,228;6884,284;6889,260;6893,286;6897,256;6902,270;6906,254;6910,266;6915,286;6919,282;6924,282;6928,280;6932,278;6937,234;6941,282;6945,252;6950,278;6954,248;6958,276;6963,280;6967,250;6971,290;6976,274;6980,286;6985,258;6989,276;6993,246;6998,272;7002,254;7006,282;7011,266;7015,242;7019,282;7024,266;7028,264;7032,248;7037,282;7041,250;7045,276;7050,260;7054,288;7059,258;7063,248;7067,274;7072,272;7076,286;7080,270;7085,282;7089,272;7093,286;7098,256;7102,268;7106,252;7111,258;7115,286;7119,284;7124,280;7128,266;7133,278;7137,256;7141,266;7146,252;7150,278;7154,262;7159,252;7163,278;7167,264;7172,276;7176,248;7180,288;7185,250;7189,276;7193,260;7198,274;) of size 460\r\nSTEPPER: Moving to mstep: 5200 with speed [msteps/sec]: 4000 in SpreadCycle.\r\n'), 14:06:54
bytearray(b'STEPPER: Moved 2000.00 msteps (ramp: 35%) in 699.764 ms -> average speed [msteps/sec]: 2858.11\r\nSTEPPER: Moving to mstep: 7200 with speed [msteps/sec]: 1000 in StealthChop.\r\n'), 14:06:55
bytearray(b'STEPPER: Estimate 3: [msteps] 6749\r\nSTEPPER: buffer (5200,292;5204,322;5208,322;5213,320;5217,296;5221,322;5226,306;5230,332;5234,302;5239,328;5243,320;5247,316;5252,316;5256,312;5260,324;5265,302;5269,328;5274,312;5278,338;5282,310;5287,322;5291,326;5295,324;5300,336;5304,320;5308,332;5313,330;5317,320;5321,304;5326,318;5330,302;5334,328;5339,298;5343,316;5348,328;5352,312;5356,326;5361,310;5365,328;5369,312;5374,326;5378,310;5382,336;5387,306;5391,312;5395,324;5400,322;5404,334;5409,318;5413,330;5417,308;5422,334;5426,304;5430,332;5435,300;5439,304;5443,318;5448,316;5452,330;5456,312;5461,324;5465,302;5469,328;5474,312;5478,340;5483,310;5487,314;5491,326;5496,326;5500,338;5504,322;5509,334;5513,296;5517,324;5522,306;5526,320;5530,304;5535,332;5539,322;5543,320;5548,332;5552,316;5557,328;5561,304;5565,332;5570,316;5574,326;5578,298;5583,324;5587,328;5591,314;5596,326;5600,308;5604,336;5609,308;5613,324;5617,308;5622,336;5626,306;5631,318;5635,302;5639,320;5644,332;5648,316;5652,328;5657,314;5661,332;5665,302;5670,328;5674,312;5678,324;5683,308;5687,326;5691,326;5696,310;5700,322;5705,320;5709,324;5713,294;5718,320;5722,304;5726,318;5731,302;5735,320;5739,334;5744,318;5748,316;5752,316;5757,314;5761,318;5765,316;5770,314;5774,328;5779,312;5783,302;5787,330;5792,314;5796,340;5800,324;5805,336;5809,300;5813,326;5818,298;5822,322;5826,294;5831,320;5835,324;5839,308;5844,322;5848,320;5853,332;5857,308;5861,336;5866,304;5870,332;5874,302;5879,330;5883,332;5887,316;5892,328;5896,314;5900,326;5905,302;5909,342;5914,312;5918,324;5922,310;5927,322;5931,326;5935,310;5940,322;5944,306;5948,318;5953,318;5957,322;5961,306;5966,332;5970,316;5974,328;5979,312;5983,318;5988,330;5992,314;5996,340;6001,310;6005,316;6009,298;6014,312;6018,310;6022,322;6027,306;6031,324;6035,324;6040,322;6044,334;6049,316;6053,330;6057,306;6062,332;6066,302;6070,330;6075,300;6079,318;6083,330;6088,328;6092,326;6096,312;6101,324;6105,314;6109,326;6114,310;6118,322;6123,306;6127,318;6131,322;6136,322;6140,320;6144,316;6149,328;6153,320;6157,332;6162,316;6166,328;6170,314;6175,326;6179,330;6183,314;6188,326;6192,312;6197,338;6201,300;6205,326;6210,296;6214,324;6218,306;6223,320;6227,324;6231,308;6236,320;6240,318;6244,332;6249,314;6253,334;6257,304;6262,330;6266,300;6271,328;6275,310;6279,314;6284,328;6288,312;6292,324;6297,322;6301,314;6305,298;6310,324;6314,308;6318,320;6323,304;6327,310;6331,322;6336,306;6340,320;6345,318;6349,322;6353,308;6358,334;6362,304;6366,330;6371,314;6375,318;6379,332;6384,304;6388,328;6392,312;6397,324;6401,300;6405,312;6410,296;6414,308;6419,292;6423,296;6427,310;6432,308;6436,320;6440,304;6445,316;6449,292;6453,306;6458,290;6462,318;6466,288;6471,292;6475,318;6480,302;6484,316;6488,298;6493,312;6497,288;6501,314;6506,284;6510,310;6514,296;6519,308;6523,312;6527,296;6532,308;6536,306;6540,306;6545,282;6549,308;6554,292;6558,304;6562,302;6567,302;6571,306;6575,290;6580,316;6584,300;6588,314;6593,288;6597,302;6601,286;6606,312;6610,296;6614,308;6619,312;6623,298;6628,310;6632,294;6636,306;6641,304;6645,308;6649,278;6654,320;6658,290;6662,318;6667,286;6671,304;6675,304;6680,288;6684,314;6689,284;6693,304;6697,302;6702,314;6706,298;6710,312;6715,282;6719,300;6723,314;6728,298;6732,310;6736,296;6741,308;6745,284;6749,298;6754,282;6758,294;6763,280;6767,268;6771,296;6776,266;6780,292;6784,276;6789,290;6793,264;6797,278;6802,248;6806,274;6810,244;6815,276;6819,290;6823,274;6828,300;6832,270;6837,282;6841,244;6845,270;6850,254;6854,268;6858,264;6863,256;6867,282;6871,266;6876,266;6880,250;6884,276;6889,266;6893,278;6897,262;6902,274;6906,258;6911,272;6915,290;6919,276;6924,286;6928,272;6932,284;6937,238;6941,272;6945,256;6950,284;6954,252;6958,280;6963,284;6967,254;6971,280;6976,264;6980,278;6985,234;6989,280;6993,264;6998,292;7002,262;7006,288;7011,264;7015,248;7019,276;7024,260;7028,272;7032,256;7037,274;7041,258;7046,272;7050,256;7054,282;7059,252;7063,256;7067,284;7072,254;7076,282;7080,250;7085,270;7089,254;7093,280;7098,252;7102,278;7106,262;7111,238;7115,280;7120,278;7124,290;7128,274;7133,286;7137,248;7141,262;7146,246;7150,286;7154,270;7159,262;7163,274;7167,230;7172,286;7176,270;7180,284;7185,260;7189,272;7194,242;7198,284;) of size 460\r\nSTEPPER: Moving to mstep: 5200 with speed [msteps/sec]: 4000 in SpreadCycle.\r\n'), 14:06:57
bytearray(b'STEPPER: Moved 2000.00 msteps (ramp: 35%) in 699.764 ms -> average speed [msteps/sec]: 2858.11\r\nSTEPPER: Moving to mstep: 7200 with speed [msteps/sec]: 1000 in StealthChop.\r\n'), 14:06:58
bytearray(b'STEPPER: Estimate 4: [msteps] 6758\r\nSTEPPER: buffer (5200,284;5204,324;5208,292;5213,334;5217,296;5221,322;5226,308;5230,334;5234,304;5239,330;5243,322;5247,320;5252,332;5256,316;5260,328;5265,304;5269,330;5274,302;5278,328;5282,310;5287,322;5291,328;5295,326;5300,324;5304,322;5308,320;5313,318;5317,324;5321,306;5326,334;5330,304;5334,316;5339,302;5343,320;5348,332;5352,316;5356,328;5361,312;5365,332;5369,316;5374,328;5378,312;5382,324;5387,310;5391,314;5395,326;5400,310;5404,324;5408,308;5413,334;5417,298;5422,324;5426,294;5430,334;5435,304;5439,322;5443,336;5448,320;5452,318;5456,316;5461,330;5465,306;5469,332;5474,300;5478,328;5482,312;5487,326;5491,328;5496,314;5500,326;5504,324;5509,322;5513,312;5517,326;5522,308;5526,336;5530,308;5535,332;5539,322;5543,306;5548,320;5552,304;5556,330;5561,314;5565,320;5570,302;5574,328;5578,314;5583,340;5587,330;5591,314;5596,326;5600,312;5604,338;5609,322;5613,326;5617,296;5622,324;5626,306;5630,332;5635,304;5639,322;5644,320;5648,304;5652,316;5657,314;5661,334;5665,318;5670,330;5674,300;5678,326;5683,310;5687,314;5691,328;5696,310;5700,322;5705,322;5709,334;5713,296;5718,322;5722,306;5726,318;5731,302;5735,322;5739,334;5744,318;5748,316;5752,300;5757,326;5761,318;5765,316;5770,300;5774,326;5779,310;5783,314;5787,326;5792,310;5796,324;5800,322;5805,334;5809,312;5813,324;5818,308;5822,322;5826,306;5831,332;5835,322;5839,306;5844,318;5848,304;5853,316;5857,306;5861,320;5866,318;5870,330;5874,314;5879,328;5883,320;5887,316;5892,328;5896,314;5900,326;5905,304;5909,316;5914,300;5918,326;5922,296;5927,322;5931,328;5935,312;5940,324;5944,308;5948,320;5953,318;5957,324;5961,308;5966,320;5970,302;5974,330;5979,314;5983,320;5988,332;5992,316;5996,328;6001,326;6005,330;6009,300;6014,314;6018,298;6022,324;6027,308;6031,314;6035,324;6040,310;6044,322;6048,320;6053,332;6057,308;6062,322;6066,306;6070,332;6075,302;6079,322;6083,320;6088,318;6092,330;6096,328;6101,326;6105,302;6109,316;6114,298;6118,326;6122,310;6127,322;6131,326;6136,312;6140,322;6144,320;6149,320;6153,310;6157,322;6162,320;6166,332;6170,302;6175,328;6179,332;6183,316;6188,330;6192,314;6196,326;6201,302;6205,330;6210,300;6214,312;6218,296;6223,322;6227,328;6231,312;6236,324;6240,308;6244,320;6249,318;6253,336;6257,306;6262,318;6266,302;6270,328;6275,312;6279,318;6284,330;6288,314;6292,326;6297,324;6301,330;6305,298;6310,324;6314,296;6318,334;6323,306;6327,310;6331,322;6336,308;6340,318;6345,316;6349,328;6353,306;6358,332;6362,316;6366,330;6371,298;6375,318;6379,316;6384,312;6388,326;6392,310;6397,324;6401,298;6405,312;6410,294;6414,308;6419,290;6423,296;6427,322;6432,306;6436,318;6440,304;6445,316;6449,292;6453,318;6458,302;6462,314;6466,298;6471,288;6475,302;6479,286;6484,296;6488,296;6493,308;6497,298;6501,310;6506,296;6510,308;6514,292;6519,318;6523,310;6527,292;6532,306;6536,290;6540,304;6545,294;6549,308;6553,304;6558,302;6562,288;6567,314;6571,304;6575,288;6580,300;6584,286;6588,310;6593,296;6597,314;6601,284;6606,296;6610,280;6614,306;6619,290;6623,294;6627,308;6632,292;6636,304;6641,288;6645,322;6649,290;6654,304;6658,288;6662,314;6667,284;6671,290;6675,314;6680,286;6684,300;6688,296;6693,310;6697,300;6702,312;6706,298;6710,310;6715,280;6719,300;6723,312;6728,282;6732,308;6736,306;6741,306;6745,282;6749,308;6754,292;6758,290;6762,276;6767,278;6771,292;6776,246;6780,288;6784,286;6789,298;6793,260;6797,272;6802,256;6806,284;6810,268;6815,286;6819,298;6823,268;6828,280;6832,236;6837,290;6841,254;6845,280;6850,264;6854,276;6858,260;6863,236;6867,290;6871,274;6876,286;6880,272;6884,284;6889,258;6893,272;6897,270;6902,282;6906,266;6911,264;6915,284;6919,268;6924,280;6928,236;6932,292;6937,268;6941,280;6945,250;6950,278;6954,246;6958,288;6963,280;6967,264;6971,276;6976,244;6980,286;6985,272;6989,276;6993,246;6998,272;7002,242;7006,270;7011,254;7015,258;7019,286;7024,256;7028,282;7032,266;7037,282;7041,270;7045,282;7050,266;7054,278;7059,262;7063,268;7067,280;7072,236;7076,278;7080,264;7085,274;7089,264;7093,262;7098,248;7102,274;7106,260;7111,248;7115,274;7120,260;7124,286;7128,272;7133,282;7137,246;7141,270;7146,270;7150,282;7154,266;7159,270;7163,284;7167,252;7172,280;7176,250;7180,290;7185,252;7189,278;7194,248;7198,276;) of size 460\r\nSTEPPER: Moving to mstep: 5200 with speed [msteps/sec]: 4000 in SpreadCycle.\r\n'), 14:07:01
bytearray(b'STEPPER: Moved 2000.00 msteps (ramp: 35%) in 699.764 ms -> average speed [msteps/sec]: 2858.11\r\nSTEPPER: Moving to mstep: 7200 with speed [msteps/sec]: 1000 in StealthChop.\r\n'), 14:07:01
bytearray(b'STEPPER: Estimate 5: [msteps] 6780\r\nSTEPPER: buffer (5200,286;5204,328;5208,328;5213,326;5217,302;5221,314;5226,298;5230,326;5234,296;5239,322;5243,328;5247,310;5252,324;5256,308;5260,320;5265,304;5269,336;5273,308;5278,320;5282,304;5287,316;5291,320;5295,318;5300,318;5304,314;5308,328;5313,312;5317,330;5321,314;5326,328;5330,310;5334,324;5339,308;5343,312;5348,324;5352,308;5356,320;5361,320;5365,324;5369,322;5374,320;5378,304;5382,330;5387,316;5391,306;5395,332;5400,316;5404,330;5408,312;5413,326;5417,314;5422,328;5426,296;5430,324;5435,308;5439,310;5443,322;5448,308;5452,320;5456,304;5461,330;5465,320;5469,332;5474,302;5478,328;5482,298;5487,326;5491,328;5496,312;5500,324;5504,310;5509,322;5513,310;5517,324;5522,306;5526,334;5530,304;5535,330;5539,320;5543,302;5548,316;5552,302;5556,326;5561,310;5565,328;5570,300;5574,326;5578,310;5583,336;5587,326;5591,312;5596,322;5600,320;5604,334;5609,316;5613,322;5617,306;5622,332;5626,302;5631,330;5635,298;5639,318;5644,330;5648,314;5652,326;5657,310;5661,328;5665,312;5670,324;5674,294;5678,334;5683,304;5687,322;5691,320;5696,318;5700,330;5705,316;5709,320;5713,302;5718,330;5722,300;5726,326;5731,310;5735,314;5739,326;5744,324;5748,324;5752,308;5757,320;5761,310;5765,322;5770,306;5774,332;5779,302;5783,320;5787,332;5792,316;5796,328;5800,312;5805,324;5809,300;5813,326;5818,310;5822,324;5826,292;5831,320;5835,324;5839,308;5844,322;5848,318;5853,330;5857,294;5861,334;5866,302;5870,330;5874,300;5879,326;5883,330;5887,314;5892,326;5896,326;5900,324;5905,324;5909,326;5913,298;5918,324;5922,294;5927,334;5931,326;5935,310;5940,322;5944,306;5948,320;5953,304;5957,322;5961,306;5966,320;5970,318;5974,330;5979,314;5983,304;5987,330;5992,314;5996,328;6001,312;6005,316;6009,300;6014,314;6018,312;6022,324;6027,294;6031,326;6035,326;6040,310;6044,322;6048,306;6053,320;6057,310;6061,336;6066,320;6070,332;6075,302;6079,308;6083,334;6088,318;6092,316;6096,314;6101,326;6105,318;6109,332;6114,316;6118,328;6122,298;6127,304;6131,328;6136,314;6140,326;6144,310;6149,322;6153,314;6157,340;6162,324;6166,322;6170,306;6175,332;6179,324;6183,322;6188,334;6192,318;6196,330;6201,294;6205,320;6210,304;6214,332;6218,316;6223,328;6227,318;6231,316;6236,328;6240,312;6244,326;6249,310;6253,328;6257,312;6262,338;6266,308;6270,322;6275,306;6279,324;6284,322;6288,320;6292,320;6297,318;6301,322;6305,306;6310,334;6314,314;6318,316;6323,300;6327,320;6331,332;6336,316;6340,328;6345,312;6349,324;6353,316;6358,328;6362,312;6366,324;6371,310;6375,314;6379,326;6384,310;6388,324;6392,306;6397,320;6401,310;6405,324;6410,308;6414,306;6419,290;6423,294;6427,308;6432,292;6436,304;6440,302;6445,314;6449,304;6453,318;6458,302;6462,314;6466,296;6471,310;6475,316;6479,286;6484,298;6488,296;6493,308;6497,298;6501,310;6506,294;6510,308;6514,292;6519,304;6523,308;6527,294;6532,306;6536,304;6540,316;6545,278;6549,304;6553,288;6558,302;6562,284;6567,312;6571,316;6575,300;6580,312;6584,296;6588,310;6593,292;6597,298;6601,282;6606,308;6610,278;6614,304;6619,276;6623,294;6627,308;6632,290;6636,316;6641,302;6645,306;6649,276;6654,316;6658,274;6662,300;6667,284;6671,290;6675,314;6680,300;6684,312;6688,296;6693,302;6697,286;6701,312;6706,296;6710,310;6715,292;6719,298;6723,310;6728,296;6732,308;6736,278;6741,306;6745,294;6749,294;6754,280;6758,290;6762,276;6767,266;6771,294;6776,278;6780,292;6784,262;6789,288;6793,250;6797,276;6802,246;6806,274;6810,258;6815,232;6819,288;6823,274;6828,286;6832,284;6836,282;6841,258;6845,284;6850,242;6854,282;6858,250;6863,256;6867,282;6871,266;6876,280;6880,264;6884,290;6889,252;6893,278;6897,234;6902,288;6906,272;6910,284;6915,276;6919,260;6924,286;6928,256;6932,284;6937,226;6941,272;6945,258;6950,270;6954,268;6958,266;6963,286;6967,256;6971,282;6976,280;6980,278;6984,262;6989,280;6993,252;6998,278;7002,262;7006,274;7011,260;7015,278;7019,290;7024,262;7028,274;7032,256;7037,276;7041,246;7045,272;7050,242;7054,270;7059,252;7063,258;7067,286;7072,270;7076,282;7080,252;7085,278;7089,270;7093,282;7098,252;7102,266;7106,248;7111,268;7115,280;7119,252;7124,292;7128,276;7133,288;7137,236;7141,278;7146,276;7150,288;7154,258;7159,248;7163,290;7167,260;7172,288;7176,256;7180,284;7185,260;7189,286;7193,270;7198,282;) of size 460\r\nSTEPPER: Moving to mstep: 5200 with speed [msteps/sec]: 4000 in SpreadCycle.\r\n'), 14:07:04
bytearray(b'STEPPER: Moved 2000.00 msteps (ramp: 35%) in 699.756 ms -> average speed [msteps/sec]: 2858.14\r\nSTEPPER: Moving to mstep: 7200 with speed [msteps/sec]: 1000 in StealthChop.\r\n'), 14:07:05
bytearray(b'STEPPER: Estimate 6: [msteps] 6741\r\nSTEPPER: buffer (5200,282;5204,322;5208,318;5213,320;5217,310;5221,322;5226,306;5230,332;5234,288;5239,330;5243,320;5247,304;5252,332;5256,314;5260,326;5265,312;5269,330;5274,300;5278,326;5282,298;5287,324;5291,316;5295,312;5300,326;5304,324;5308,322;5313,320;5317,326;5321,308;5326,322;5330,308;5334,332;5339,302;5343,308;5348,334;5352,318;5356,330;5361,314;5365,332;5369,304;5374,342;5378,312;5382,324;5387,308;5391,314;5395,326;5400,324;5404,336;5408,320;5413,334;5417,296;5422,320;5426,304;5430,332;5435,316;5439,320;5443,334;5448,316;5452,314;5456,314;5461,326;5465,302;5469,328;5474,298;5478,326;5482,308;5487,314;5491,326;5496,324;5500,336;5504,320;5509,334;5513,308;5517,322;5522,306;5526,332;5530,302;5535,328;5539,320;5543,318;5548,316;5552,314;5556,326;5561,304;5565,330;5570,314;5574,326;5578,310;5583,324;5587,328;5591,312;5596,338;5600,308;5604,334;5609,318;5613,324;5617,294;5622,332;5626,304;5630,330;5635,300;5639,318;5644,330;5648,314;5652,326;5657,310;5661,330;5665,298;5670,326;5674,310;5678,322;5683,320;5687,324;5691,322;5696,320;5700,320;5705,318;5709,322;5713,304;5718,332;5722,316;5726,328;5731,298;5735,316;5739,330;5744,328;5748,328;5752,310;5757,324;5761,312;5765,326;5770,310;5774,324;5779,320;5783,310;5787,336;5792,308;5796,334;5800,318;5805,344;5809,306;5813,320;5818,304;5822,330;5826,300;5831,326;5835,330;5840,314;5844,326;5848,310;5853,324;5857,314;5861,326;5866,310;5870,322;5874,306;5879,332;5883,322;5887,320;5892,332;5896,316;5900,328;5905,304;5909,330;5914,300;5918,326;5922,298;5927,324;5931,314;5935,312;5940,324;5944,322;5948,320;5953,318;5957,322;5961,320;5966,332;5970,302;5974,328;5979,310;5983,316;5988,342;5992,312;5996,338;6001,322;6005,326;6009,296;6014,322;6018,306;6022,320;6027,304;6031,308;6035,334;6040,318;6044,316;6048,314;6053,326;6057,316;6062,330;6066,298;6070,326;6075,310;6079,314;6083,326;6088,310;6092,324;6096,322;6101,332;6105,296;6109,322;6114,306;6118,318;6122,302;6127,328;6131,334;6136,318;6140,330;6144,314;6149,326;6153,302;6157,328;6162,312;6166,326;6170,308;6175,322;6179,326;6183,310;6188,336;6192,316;6196,332;6201,294;6205,320;6210,304;6214,318;6218,314;6223,326;6227,330;6231,314;6236,326;6240,324;6244,322;6249,308;6253,326;6257,310;6262,336;6266,320;6271,332;6275,302;6279,320;6284,320;6288,318;6292,330;6297,328;6301,318;6305,302;6310,314;6314,298;6318,324;6323,308;6327,312;6331,324;6336,308;6340,320;6345,306;6349,318;6353,308;6358,334;6362,304;6366,330;6371,314;6375,318;6379,330;6384,314;6388,326;6392,310;6397,322;6401,298;6405,310;6410,292;6414,306;6419,290;6423,308;6427,320;6432,304;6436,316;6440,300;6445,312;6449,288;6453,314;6458,284;6462,310;6466,294;6471,284;6475,298;6480,296;6484,308;6488,292;6493,304;6497,294;6501,306;6506,290;6510,302;6514,286;6519,314;6523,318;6527,300;6532,314;6536,298;6540,310;6545,286;6549,312;6554,296;6558,308;6562,292;6567,304;6571,308;6575,278;6580,304;6584,290;6588,316;6593,284;6597,304;6601,286;6606,314;6610,284;6614,298;6619,280;6623,298;6628,310;6632,296;6636,308;6641,292;6645,310;6649,294;6654,308;6658,290;6662,318;6667,302;6671,292;6675,302;6680,300;6684,314;6688,298;6693,288;6697,286;6702,298;6706,282;6710,308;6715,278;6719,298;6723,312;6728,296;6732,306;6736,292;6741,304;6745,280;6749,292;6754,278;6758,290;6762,274;6767,266;6771,292;6776,276;6780,290;6784,274;6789,286;6793,248;6797,274;6802,260;6806,286;6810,256;6815,262;6819,288;6823,244;6828,284;6832,284;6836,298;6841,260;6845,286;6850,256;6854,282;6858,252;6863,266;6867,284;6871,268;6876,282;6880,264;6884,278;6889,254;6893,280;6897,264;6902,278;6906,262;6911,274;6915,278;6919,276;6924,288;6928,272;6932,286;6937,260;6941,274;6945,272;6950,270;6954,270;6958,282;6963,286;6967,270;6971,284;6976,252;6980,280;6985,250;6989,268;6993,254;6998,280;7002,250;7006,278;7011,260;7015,266;7019,278;7024,262;7028,290;7032,260;7037,278;7041,248;7045,276;7050,246;7054,272;7059,256;7063,262;7067,274;7072,258;7076,286;7080,256;7085,262;7089,260;7093,272;7098,256;7102,268;7106,268;7111,272;7115,284;7119,270;7124,282;7128,266;7133,280;7137,256;7141,270;7146,254;7150,280;7154,264;7159,242;7163,268;7167,252;7172,278;7176,262;7180,276;7185,252;7189,280;7193,248;7198,276;) of size 460\r\nSTEPPER: Moving to mstep: 5200 with speed [msteps/sec]: 4000 in SpreadCycle.\r\n'), 14:07:07
bytearray(b'STEPPER: Moved 2000.00 msteps (ramp: 35%) in 699.756 ms -> average speed [msteps/sec]: 2858.14\r\nSTEPPER: Moving to mstep: 7200 with speed [msteps/sec]: 1000 in StealthChop.\r\n'), 14:07:08
bytearray(b'STEPPER: Estimate 7: [msteps] 6749\r\nSTEPPER: buffer (5200,286;5204,314;5208,314;5213,326;5217,302;5221,316;5226,300;5230,328;5234,312;5239,322;5243,326;5247,312;5252,310;5256,308;5260,320;5265,304;5269,324;5274,308;5278,320;5282,304;5287,316;5291,320;5295,320;5300,318;5304,316;5308,328;5313,314;5317,332;5321,316;5326,328;5330,300;5334,326;5339,310;5343,314;5348,328;5352,312;5356,324;5361,308;5365,328;5369,312;5374,324;5378,308;5382,322;5387,304;5391,310;5395,336;5400,306;5404,332;5408,318;5413,330;5417,306;5422,334;5426,304;5430,330;5435,312;5439,306;5443,316;5448,314;5452,328;5456,312;5461,324;5465,300;5469,328;5474,312;5478,340;5483,308;5487,314;5491,326;5496,324;5500,322;5504,320;5509,334;5513,310;5517,336;5522,306;5526,332;5530,316;5535,328;5539,318;5543,318;5548,330;5552,314;5557,326;5561,304;5565,330;5570,314;5574,326;5578,310;5583,322;5587,326;5591,312;5596,338;5600,308;5604,334;5609,318;5613,322;5617,306;5622,318;5626,302;5631,330;5635,300;5639,318;5644,316;5648,314;5652,328;5657,312;5661,330;5665,314;5670,328;5674,312;5678,324;5683,296;5687,314;5691,326;5696,326;5700,324;5705,322;5709,334;5713,298;5718,324;5722,294;5726,322;5731,306;5735,310;5739,324;5744,308;5748,320;5752,320;5757,332;5761,308;5765,320;5770,304;5774,330;5779,302;5783,308;5787,332;5792,318;5796,344;5800,314;5805,328;5809,302;5813,328;5818,312;5822,326;5826,310;5831,322;5835,328;5839,310;5844,324;5848,308;5853,320;5857,310;5861,336;5866,308;5870,320;5874,302;5879,330;5883,334;5887,304;5892,330;5896,330;5900,328;5905,326;5909,318;5913,300;5918,326;5922,296;5927,324;5931,314;5935,312;5940,324;5944,308;5948,322;5953,318;5957,324;5961,308;5966,334;5970,318;5974,330;5979,302;5983,306;5987,332;5992,316;5996,328;6001,312;6005,332;6009,302;6014,328;6018,298;6022,326;6027,296;6031,314;6035,326;6040,312;6044,324;6048,308;6053,320;6057,310;6062,326;6066,308;6070,336;6075,306;6079,324;6083,324;6088,320;6092,320;6096,318;6101,330;6105,306;6109,320;6114,318;6118,330;6122,300;6127,328;6131,318;6136,314;6140,328;6144,312;6149,324;6153,314;6157,328;6162,312;6166,338;6170,308;6175,320;6179,324;6183,310;6188,322;6192,306;6197,332;6201,294;6205,320;6210,318;6214,330;6218,314;6223,328;6227,318;6231,316;6236,328;6240,312;6244,324;6249,308;6253,342;6257,296;6262,338;6266,308;6271,322;6275,304;6279,310;6284,320;6288,320;6292,318;6297,330;6301,334;6305,304;6310,332;6314,302;6318,328;6323,298;6327,316;6331,328;6336,312;6340,324;6345,308;6349,320;6353,310;6358,324;6362,306;6366,332;6371,304;6375,308;6379,320;6384,304;6388,330;6392,314;6397,326;6401,288;6405,316;6410,286;6414,310;6419,282;6423,314;6427,314;6432,312;6436,310;6440,308;6445,320;6449,284;6453,310;6458,294;6462,320;6466,290;6471,318;6475,308;6479,292;6484,304;6488,302;6493,314;6497,292;6501,302;6506,286;6510,300;6514,284;6519,310;6523,314;6527,300;6532,312;6536,296;6540,308;6545,286;6549,310;6553,296;6558,308;6562,292;6567,304;6571,310;6575,292;6580,318;6584,290;6588,316;6593,298;6597,306;6601,288;6606,300;6610,284;6614,298;6619,282;6623,300;6628,312;6632,298;6636,310;6641,294;6645,300;6649,284;6654,310;6658,282;6662,308;6667,278;6671,296;6675,310;6680,306;6684,306;6688,290;6693,308;6697,292;6702,306;6706,290;6710,316;6715,288;6719,294;6723,304;6728,302;6732,316;6736,300;6741,298;6745,288;6749,288;6754,272;6758,284;6762,282;6767,272;6771,286;6776,256;6780,282;6784,266;6789,278;6793,254;6797,268;6802,266;6806,278;6810,262;6815,252;6819,278;6823,250;6828,276;6832,260;6836,286;6841,248;6845,274;6850,258;6854,270;6858,254;6863,280;6867,286;6871,256;6876,282;6880,280;6884,278;6889,270;6893,282;6897,266;6902,278;6906,262;6910,274;6915,278;6919,248;6924,274;6928,260;6932,286;6937,270;6941,274;6945,244;6950,270;6954,256;6958,282;6963,286;6967,256;6971,284;6976,266;6980,292;6984,278;6989,282;6993,250;6998,264;7002,276;7006,288;7011,260;7015,264;7019,276;7024,246;7028,272;7032,256;7037,276;7041,260;7045,286;7050,256;7054,284;7058,266;7063,244;7067,272;7072,268;7076,280;7080,266;7085,278;7089,268;7093,280;7098,266;7102,278;7106,260;7111,252;7115,264;7119,262;7124,288;7128,260;7133,272;7137,260;7141,276;7146,246;7150,272;7154,256;7159,246;7163,274;7167,258;7172,270;7176,254;7180,280;7185,258;7189,270;7193,268;7198,280;) of size 460\r\nSTEPPER: Moving to mstep: 5200 with speed [msteps/sec]: 4000 in SpreadCycle.\r\n'), 14:07:10
bytearray(b'STEPPER: Moved 2000.00 msteps (ramp: 35%) in 699.756 ms -> average speed [msteps/sec]: 2858.14\r\nSTEPPER: Moving to mstep: 7200 with speed [msteps/sec]: 1000 in StealthChop.\r\n'), 14:07:11
bytearray(b'STEPPER: Estimate 8: [msteps] 6754\r\nSTEPPER: buffer (5200,288;5204,316;5208,314;5213,314;5217,304;5221,330;5226,300;5230,326;5234,310;5239,338;5243,314;5247,312;5252,326;5256,308;5260,322;5265,306;5269,324;5274,308;5278,320;5282,306;5287,318;5291,336;5295,322;5300,332;5304,318;5308,330;5313,328;5317,318;5321,304;5326,316;5330,300;5335,326;5339,316;5343,302;5348,328;5352,312;5356,324;5361,308;5365,326;5369,310;5374,324;5378,308;5382,320;5387,304;5391,310;5395,322;5400,320;5404,332;5409,316;5413,328;5417,306;5422,318;5426,302;5430,328;5435,312;5439,316;5443,328;5448,312;5452,326;5456,310;5461,322;5465,298;5469,324;5474,310;5478,336;5483,292;5487,312;5491,338;5496,322;5500,334;5504,318;5509,318;5513,306;5517,334;5522,304;5526,330;5530,300;5535,328;5539,318;5543,302;5548,328;5552,312;5557,326;5561,302;5565,328;5570,312;5574,324;5578,296;5583,322;5587,326;5591,310;5596,322;5600,306;5604,332;5609,318;5613,322;5617,306;5622,318;5626,302;5631,328;5635,312;5639,316;5644,328;5648,312;5652,326;5657,310;5661,328;5665,298;5670,338;5674,310;5678,336;5683,306;5687,326;5691,336;5696,322;5700,320;5705,320;5709,318;5713,308;5718,334;5722,304;5726,332;5731,300;5735,320;5739,332;5744,316;5748,330;5752,314;5757,326;5761,302;5765,328;5770,312;5774,340;5779,310;5783,314;5787,326;5792,312;5796,324;5800,322;5805,334;5809,296;5813,322;5818,308;5822,320;5826,290;5831,330;5835,336;5839,306;5844,318;5848,302;5853,328;5857,304;5861,332;5866,304;5870,330;5874,300;5879,328;5883,316;5887,316;5892,328;5896,328;5900,326;5905,302;5909,328;5914,298;5918,326;5922,310;5927,338;5931,326;5935,312;5940,324;5944,322;5948,324;5953,320;5957,326;5961,310;5966,322;5970,308;5974,334;5979,304;5983,324;5988,322;5992,306;5996,332;6001,318;6005,322;6009,306;6014,320;6018,304;6022,330;6027,300;6031,320;6035,318;6040,316;6044,330;6048,314;6053,326;6057,302;6062,330;6066,300;6070,328;6075,298;6079,316;6083,328;6088,326;6092,326;6096,324;6101,324;6105,300;6109,326;6114,296;6118,322;6122,294;6127,312;6131,324;6136,324;6140,322;6144,320;6149,332;6153,308;6157,334;6162,304;6166,330;6170,316;6175,328;6179,332;6183,318;6188,330;6192,314;6196,326;6201,302;6205,330;6210,300;6214,328;6218,312;6223,338;6227,316;6231,314;6236,326;6240,310;6244,324;6249,306;6253,340;6257,310;6262,322;6266,306;6270,334;6275,302;6279,322;6284,322;6288,318;6292,332;6297,316;6301,336;6305,304;6310,332;6314,302;6318,330;6323,314;6327,318;6331,332;6336,316;6340,328;6345,312;6349,324;6353,302;6358,328;6362,312;6366,340;6371,324;6375,314;6379,328;6384,312;6388,338;6392,310;6397,322;6401,298;6405,310;6410,280;6414,306;6419,290;6423,310;6427,310;6432,308;6436,320;6440,304;6445,318;6449,280;6453,320;6458,278;6462,304;6466,288;6471,292;6475,306;6479,304;6484,302;6488,300;6493,312;6497,276;6501,302;6506,286;6510,312;6514,284;6519,296;6523,314;6527,300;6532,312;6536,296;6540,324;6545,286;6549,298;6554,282;6558,310;6562,294;6567,306;6571,312;6575,296;6580,310;6584,294;6588,320;6593,292;6597,310;6601,294;6606,306;6610,290;6614,304;6619,288;6623,292;6628,304;6632,290;6636,302;6641,300;6645,306;6649,276;6654,316;6658,300;6662,314;6667,284;6671,304;6675,302;6680,300;6684,314;6688,298;6693,310;6697,286;6702,312;6706,282;6710,310;6715,294;6719,286;6723,298;6728,296;6732,308;6736,292;6741,304;6745,282;6749,308;6754,292;6758,292;6762,262;6767,280;6771,294;6776,278;6780,304;6784,274;6789,288;6793,264;6797,276;6802,262;6806,288;6810,258;6815,262;6819,290;6823,274;6828,286;6832,258;6836,284;6841,260;6845,288;6850,258;6854,284;6858,256;6863,282;6867,274;6871,242;6876,284;6880,268;6884,280;6889,270;6893,270;6897,254;6902,266;6906,236;6910,278;6915,282;6919,268;6924,278;6928,248;6932,290;6937,252;6941,278;6945,262;6950,274;6954,258;6958,270;6963,274;6967,244;6971,286;6976,270;6980,282;6985,266;6989,284;6993,270;6998,280;7002,250;7006,278;7011,268;7015,252;7019,278;7024,262;7028,276;7032,246;7037,280;7041,262;7045,276;7050,260;7054,272;7059,244;7063,262;7067,274;7072,272;7076,286;7080,254;7085,274;7089,258;7093,272;7098,256;7102,268;7106,268;7111,272;7115,286;7120,254;7124,268;7128,250;7133,278;7137,254;7141,282;7146,266;7150,278;7154,262;7159,254;7163,280;7167,264;7172,292;7176,276;7180,288;7185,250;7189,264;7194,234;7198,290;) of size 460\r\nSTEPPER: Moving to mstep: 5200 with speed [msteps/sec]: 4000 in SpreadCycle.\r\n'), 14:07:13
bytearray(b'STEPPER: Moved 2000.00 msteps (ramp: 35%) in 699.760 ms -> average speed [msteps/sec]: 2858.12\r\nSTEPPER: Moving to mstep: 7200 with speed [msteps/sec]: 1000 in StealthChop.\r\n'), 14:07:14
bytearray(b'STEPPER: Estimate 9: [msteps] 6749\r\nSTEPPER: buffer (5200,282;5204,326;5208,296;5213,322;5217,296;5221,324;5226,296;5230,336;5234,304;5239,332;5243,322;5247,306;5252,320;5256,318;5260,330;5265,308;5269,318;5274,302;5278,330;5282,314;5287,326;5291,330;5295,314;5300,326;5304,324;5308,322;5313,320;5317,324;5321,308;5326,336;5330,306;5334,332;5339,302;5343,306;5348,318;5352,316;5356,328;5361,312;5365,332;5369,314;5374,328;5378,310;5382,324;5387,308;5391,314;5395,338;5400,322;5404,336;5408,320;5413,332;5417,308;5422,334;5426,304;5430,330;5435,300;5439,318;5443,330;5448,316;5452,328;5456,312;5461,324;5465,300;5469,342;5474,310;5478,324;5482,308;5487,334;5491,324;5496,322;5500,320;5504,318;5509,330;5513,308;5517,320;5522,304;5526,330;5530,314;5535,328;5539,318;5543,302;5548,316;5552,314;5556,324;5561,316;5565,328;5570,312;5574,324;5578,308;5583,334;5587,324;5591,310;5596,322;5600,306;5604,334;5609,318;5613,320;5617,304;5622,318;5626,302;5630,328;5635,314;5639,316;5644,330;5648,314;5652,326;5657,310;5661,344;5665,314;5670,326;5674,310;5678,322;5683,308;5687,312;5691,324;5696,308;5700,320;5705,318;5709,330;5713,308;5718,320;5722,304;5726,328;5731,314;5735,318;5739,318;5744,316;5748,328;5752,312;5757,324;5761,314;5765,326;5770,312;5774,324;5779,308;5783,312;5787,324;5792,308;5796,322;5800,318;5805,332;5809,308;5813,320;5818,304;5822,330;5826,314;5831,328;5835,318;5839,316;5844,328;5848,312;5853,324;5857,314;5861,326;5866,310;5870,324;5874,308;5879,334;5883,324;5887,310;5892,322;5896,320;5900,332;5905,316;5909,322;5914,304;5918,332;5922,302;5927,330;5931,320;5935,306;5940,316;5944,302;5948,328;5953,314;5957,330;5961,314;5966,328;5970,314;5974,338;5979,310;5983,314;5988,324;5992,310;5996,338;6001,308;6005,326;6009,310;6014,322;6018,306;6022,332;6027,302;6031,322;6035,320;6040,318;6044,330;6048,314;6053,326;6057,302;6062,330;6066,314;6070,340;6075,310;6079,314;6083,326;6088,326;6092,324;6096,322;6101,322;6105,312;6109,326;6114,308;6118,320;6122,304;6127,332;6131,322;6136,306;6140,320;6144,304;6149,316;6153,320;6157,334;6162,318;6166,316;6170,300;6175,326;6179,332;6183,314;6188,328;6192,312;6196,324;6201,322;6205,326;6210,296;6214,322;6218,306;6223,318;6227,324;6231,322;6236,320;6240,318;6244,330;6249,314;6253,334;6257,302;6262,330;6266,314;6270,328;6275,310;6279,316;6284,328;6288,326;6292,324;6297,322;6301,328;6305,312;6310,324;6314,294;6318,320;6323,304;6327,324;6331,322;6336,308;6340,318;6344,316;6349,328;6353,318;6358,330;6362,314;6366,314;6371,312;6375,316;6379,328;6384,312;6388,324;6392,310;6397,322;6401,298;6405,310;6410,296;6414,306;6419,292;6423,310;6427,322;6432,306;6436,320;6440,304;6445,316;6449,292;6453,318;6458,302;6462,316;6466,284;6471,290;6475,302;6479,286;6484,298;6488,296;6493,310;6497,298;6501,310;6506,282;6510,308;6514,278;6519,304;6523,310;6527,294;6532,304;6536,288;6540,302;6545,292;6549,318;6553,288;6558,300;6562,298;6567,310;6571,302;6575,300;6580,312;6584,296;6588,310;6593,292;6597,312;6601,282;6606,322;6610,292;6614,304;6619,288;6623,292;6628,304;6632,288;6636,300;6641,284;6645,316;6649,288;6654,312;6658,282;6662,310;6667,280;6671,298;6675,310;6680,294;6684,306;6688,292;6693,302;6697,294;6702,308;6706,290;6710,302;6715,286;6719,304;6723,318;6728,302;6732,314;6736,298;6741,310;6745,286;6749,298;6754,268;6758,280;6762,266;6767,284;6771,296;6776,280;6780,294;6784,276;6789,288;6793,266;6797,292;6802,262;6806,288;6810,258;6815,276;6819,290;6823,244;6828,286;6832,270;6836,282;6841,272;6845,284;6850,254;6854,280;6858,266;6863,278;6867,284;6871,280;6876,280;6880,262;6884,276;6889,266;6893,278;6897,264;6902,276;6906,260;6910,272;6915,278;6919,232;6924,288;6928,286;6932,284;6937,268;6941,274;6945,272;6950,284;6954,268;6958,280;6963,286;6967,242;6971,280;6976,266;6980,280;6985,264;6989,284;6993,266;6998,280;7002,264;7006,276;7011,260;7015,280;7019,292;7024,262;7028,288;7032,274;7037,278;7041,262;7045,288;7050,258;7054,270;7059,254;7063,260;7067,272;7072,228;7076,284;7080,282;7085,282;7089,258;7093,284;7098,254;7102,266;7106,250;7111,268;7115,282;7119,280;7124,278;7128,234;7133,290;7137,266;7141,278;7146,262;7150,262;7154,244;7159,266;7163,278;7167,262;7172,274;7176,228;7180,284;7185,260;7189,286;7193,256;7198,282;) of size 460\r\nSTEPPER: Moving to mstep: 5200 with speed [msteps/sec]: 4000 in SpreadCycle.\r\n'), 14:07:17
bytearray(b'STEPPER: Moved 2000.00 msteps (ramp: 35%) in 699.756 ms -> average speed [msteps/sec]: 2858.14\r\nSTEPPER: Moving to mstep: 7200 with speed [msteps/sec]: 1000 in StealthChop.\r\n'), 14:07:17
bytearray(b'STEPPER: Estimate 10: [msteps] 6741\r\nSTEPPER: buffer (5200,282;5204,310;5208,308;5213,320;5217,310;5221,322;5226,306;5230,320;5234,316;5239,330;5243,320;5247,316;5252,316;5256,314;5260,326;5265,300;5269,328;5274,298;5278,324;5282,308;5287,336;5291,326;5295,310;5300,322;5304,320;5308,334;5313,318;5317,336;5321,306;5326,320;5330,304;5334,316;5339,314;5343,318;5348,330;5352,316;5356,314;5361,312;5365,316;5369,314;5374,326;5378,310;5382,322;5387,306;5391,310;5395,324;5400,322;5404,334;5408,318;5413,330;5417,292;5422,318;5426,316;5430,342;5435,312;5439,316;5443,328;5448,312;5452,324;5456,310;5461,336;5465,298;5469,324;5474,308;5478,336;5482,304;5487,310;5491,322;5496,320;5500,320;5504,316;5509,330;5513,304;5517,318;5522,300;5526,328;5530,312;5535,324;5539,328;5543,312;5548,324;5552,308;5556,320;5561,310;5565,324;5570,306;5574,320;5578,304;5583,330;5587,336;5591,306;5596,332;5600,316;5604,328;5609,312;5613,332;5617,300;5622,326;5626,310;5630,324;5635,308;5639,312;5644,324;5648,308;5652,320;5657,318;5661,336;5665,308;5670,320;5674,318;5678,318;5683,300;5687,320;5691,318;5696,330;5700,328;5705,314;5709,326;5713,302;5718,344;5722,300;5726,326;5731,310;5735,316;5739,326;5744,312;5748,324;5752,308;5757,334;5761,310;5765,338;5770,308;5774,334;5779,304;5783,322;5787,334;5792,318;5796,332;5800,316;5805,328;5809,320;5813,332;5818,300;5822,328;5826,312;5831,338;5835,328;5840,314;5844,326;5848,310;5853,336;5857,300;5861,338;5866,308;5870,322;5874,320;5879,332;5883,324;5887,322;5892,334;5896,320;5900,332;5905,294;5909,336;5914,306;5918,332;5922,302;5927,328;5931,318;5935,318;5940,328;5944,314;5948,326;5953,310;5957,328;5961,314;5966,326;5970,308;5974,336;5979,306;5983,312;5988,324;5992,308;5996,322;6001,320;6005,322;6009,308;6014,334;6018,304;6022,316;6027,302;6031,316;6035,318;6040,316;6044,328;6048,312;6053,324;6057,316;6062,328;6066,312;6070,338;6075,308;6079,312;6083,324;6088,322;6092,334;6096,318;6101,332;6105,308;6109,334;6114,290;6118,316;6122,302;6127,328;6131,332;6136,316;6140,316;6144,312;6149,324;6153,314;6157,328;6162,312;6166,324;6170,308;6175,336;6179,326;6183,324;6188,324;6192,320;6196,334;6201,296;6205,322;6210,306;6214,320;6218,304;6223,330;6227,334;6231,318;6236,318;6240,314;6244,328;6249,298;6253,344;6257,300;6262,340;6266,310;6270,338;6275,308;6279,326;6284,324;6288,322;6292,336;6297,322;6301,324;6305,294;6310,334;6314,304;6318,318;6323,316;6327,320;6331,332;6336,316;6340,316;6345,314;6349,318;6353,316;6358,328;6362,314;6366,326;6371,310;6375,314;6379,326;6384,312;6388,324;6392,308;6397,320;6401,296;6405,310;6410,294;6414,306;6419,290;6423,296;6427,308;6432,306;6436,318;6440,302;6445,316;6449,292;6453,320;6458,288;6462,316;6466,284;6471,312;6475,304;6479,286;6484,300;6488,284;6493,310;6497,286;6501,314;6506,298;6510,310;6514,294;6519,308;6523,312;6527,310;6532,308;6536,308;6540,318;6545,280;6549,308;6553,292;6558,318;6562,302;6567,300;6571,304;6575,302;6580,316;6584,272;6588,312;6593,296;6597,316;6601,286;6606,312;6610,296;6614,310;6619,280;6623,298;6627,310;6632,310;6636,308;6641,292;6645,310;6649,280;6654,306;6658,290;6662,316;6667,286;6671,290;6675,304;6680,288;6684,300;6688,298;6693,312;6697,288;6701,300;6706,286;6710,312;6715,282;6719,302;6723,314;6728,296;6732,310;6736,294;6741,306;6745,284;6749,296;6754,280;6758,292;6762,290;6767,282;6771,294;6776,278;6780,276;6784,246;6789,286;6793,262;6797,276;6802,272;6806,272;6810,256;6815,246;6819,288;6823,286;6828,284;6832,268;6836,280;6841,256;6845,282;6850,268;6854,280;6858,264;6863,240;6867,282;6871,280;6876,292;6880,264;6884,274;6889,264;6893,276;6897,260;6902,274;6906,256;6910,284;6915,288;6919,286;6924,284;6928,270;6932,294;6937,256;6941,270;6945,268;6950,280;6954,264;6958,276;6963,280;6967,264;6971,276;6976,232;6980,288;6985,272;6989,276;6993,246;6998,272;7002,270;7006,282;7011,252;7015,268;7019,282;7024,252;7028,280;7032,264;7037,282;7041,252;7045,278;7050,248;7054,274;7059,244;7063,278;7067,292;7072,274;7076,286;7080,258;7085,270;7089,246;7093,272;7098,256;7102,268;7106,266;7111,284;7115,284;7119,266;7124,280;7128,264;7133,290;7137,266;7141,278;7146,276;7150,276;7154,272;7159,286;7163,290;7167,260;7172,272;7176,242;7180,268;7185,258;7189,286;7193,254;7198,282;) of size 460\r\nSTEPPER: Final estimate: [mstep] 6758\r\nFound dispense position: [\xc2\xb5m] 33770\r\nreturn;find;6754\r\n\xef\xbf\xbdreceived from UR: find -> find (0,1)\r\nSTEPPER: Moving to mstep: 5200 with speed [msteps/sec]: 4000 in SpreadCycle.\r\n'), 14:07:20
bytearray(b'STEPPER: Moved 2000.00 msteps (ramp: 35%) in 699.756 ms -> average speed [msteps/sec]: 2858.14\r\nSTEPPER: Moving to mstep: 7200 with speed [msteps/sec]: 1000 in StealthChop.\r\n'), 14:07:21
bytearray(b'STEPPER: Estimate 1: [msteps] 6749\r\nSTEPPER: buffer (5200,280;5204,328;5208,312;5213,324;5217,300;5221,312;5226,310;5230,338;5234,308;5239,334;5243,324;5247,308;5252,334;5256,304;5260,316;5265,300;5269,318;5274,304;5278,330;5282,314;5287,326;5291,316;5295,316;5300,342;5304,324;5308,324;5313,322;5317,326;5321,312;5326,324;5330,308;5334,320;5339,304;5343,308;5348,322;5352,320;5356,318;5361,314;5365,320;5369,302;5374,330;5378,314;5382,326;5387,310;5391,314;5395,326;5400,310;5404,336;5408,322;5413,334;5417,296;5422,322;5426,306;5430,334;5435,304;5439,308;5443,334;5448,304;5452,318;5456,302;5461,328;5465,304;5469,330;5474,298;5478,322;5482,296;5487,336;5491,326;5496,310;5500,322;5504,320;5509,330;5513,308;5517,320;5522,302;5526,316;5530,300;5535,326;5539,316;5543,314;5548,312;5552,310;5556,322;5561,308;5565,326;5570,310;5574,322;5578,306;5583,320;5587,336;5591,308;5596,334;5600,304;5604,330;5609,314;5613,332;5617,302;5622,330;5626,300;5630,328;5635,310;5639,316;5644,328;5648,312;5652,324;5657,308;5661,342;5665,310;5670,324;5674,308;5678,320;5683,306;5687,310;5691,320;5696,320;5700,332;5705,330;5709,322;5713,306;5718,318;5722,302;5726,314;5731,300;5735,318;5739,330;5744,314;5748,326;5752,312;5757,324;5761,314;5765,326;5770,308;5774,322;5779,306;5783,310;5787,336;5792,306;5796,332;5800,316;5805,330;5809,306;5813,318;5818,302;5822,314;5826,298;5831,338;5835,328;5839,312;5844,324;5848,322;5853,334;5857,298;5861,324;5866,306;5870,334;5874,304;5879,330;5883,334;5887,318;5892,330;5896,314;5900,326;5905,312;5909,328;5913,298;5918,326;5922,296;5927,334;5931,326;5935,312;5940,322;5944,308;5948,320;5953,318;5957,322;5961,306;5966,334;5970,304;5974,330;5979,314;5983,306;5987,330;5992,314;5996,328;6001,312;6005,330;6009,300;6014,326;6018,312;6022,324;6027,294;6031,314;6035,324;6040,310;6044,322;6048,306;6053,332;6057,296;6061,322;6066,306;6070,332;6075,316;6079,308;6083,334;6088,318;6092,330;6096,316;6101,328;6105,304;6109,332;6114,300;6118,328;6122,298;6127,326;6131,330;6136,314;6140,326;6144,310;6149,324;6153,314;6157,326;6162,296;6166,322;6170,308;6175,320;6179,324;6183,308;6188,322;6192,318;6196,332;6201,294;6205,322;6210,306;6214,318;6218,302;6223,328;6227,334;6231,318;6236,318;6240,316;6244,328;6249,310;6253,332;6257,302;6262,328;6266,298;6271,324;6275,308;6279,314;6284,312;6288,310;6292,322;6297,322;6301,324;6305,296;6310,320;6314,318;6318,332;6323,302;6327,308;6331,334;6336,318;6340,330;6345,314;6349,312;6353,316;6358,330;6362,314;6366,326;6371,310;6375,316;6379,328;6384,312;6388,326;6392,308;6397,334;6401,298;6405,324;6410,294;6414,306;6419,290;6423,310;6427,308;6432,304;6436,318;6440,302;6445,314;6449,278;6453,318;6458,288;6462,316;6466,286;6471,292;6475,316;6479,300;6484,314;6488,298;6493,312;6497,288;6501,312;6506,284;6510,296;6514,280;6519,294;6523,312;6527,296;6532,308;6536,306;6540,306;6545,296;6549,308;6553,292;6558,306;6562,290;6567,316;6571,294;6575,292;6580,304;6584,290;6588,316;6593,286;6597,306;6601,290;6606,302;6610,286;6614,312;6619,282;6623,300;6627,300;6632,284;6636,310;6641,294;6645,312;6649,282;6654,310;6658,294;6662,322;6667,292;6671,296;6675,308;6680,292;6684,304;6688,288;6693,314;6697,292;6702,304;6706,288;6710,300;6715,284;6719,304;6723,316;6728,300;6732,312;6736,296;6741,308;6745,286;6749,298;6754,282;6758,294;6762,278;6767,270;6771,296;6776,266;6780,292;6784,264;6789,290;6793,252;6797,278;6802,248;6806,290;6810,260;6815,250;6819,290;6823,260;6828,286;6832,258;6837,298;6841,260;6845,286;6850,256;6854,284;6858,254;6863,280;6867,284;6871,256;6876,282;6880,252;6884,278;6889,254;6893,294;6897,264;6902,276;6906,262;6911,274;6915,278;6919,262;6924,290;6928,274;6932,286;6937,262;6941,274;6945,246;6950,270;6954,254;6958,268;6963,286;6967,256;6971,268;6976,252;6980,280;6985,248;6989,282;6993,252;6998,278;7002,262;7006,276;7011,260;7015,250;7019,280;7024,262;7028,288;7032,258;7037,292;7041,262;7045,274;7050,244;7054,270;7059,254;7063,258;7067,270;7072,254;7076,282;7080,252;7085,278;7089,256;7093,268;7098,250;7102,278;7106,262;7111,268;7115,280;7119,248;7124,276;7128,274;7133,286;7137,250;7141,262;7146,258;7150,272;7154,256;7159,260;7163,272;7167,242;7172,268;7176,252;7180,280;7185,256;7189,296;7193,252;7198,278;) of size 460\r\nSTEPPER: Moving to mstep: 5200 with speed [msteps/sec]: 4000 in SpreadCycle.\r\n'), 14:07:23
bytearray(b'STEPPER: Moved 2000.00 msteps (ramp: 35%) in 699.756 ms -> average speed [msteps/sec]: 2858.14\r\nSTEPPER: Moving to mstep: 7200 with speed [msteps/sec]: 1000 in StealthChop.\r\n'), 14:07:24
bytearray(b'STEPPER: Estimate 2: [msteps] 6771\r\nSTEPPER: buffer (5200,288;5204,310;5208,308;5213,320;5217,310;5221,322;5226,308;5230,320;5234,304;5239,332;5243,322;5247,306;5252,332;5256,316;5260,316;5265,314;5269,332;5274,304;5278,330;5282,302;5287,328;5291,318;5295,316;5300,314;5304,326;5308,326;5313,310;5317,328;5321,298;5326,324;5330,296;5334,320;5339,304;5343,310;5348,336;5352,308;5356,320;5361,304;5365,336;5369,320;5374,320;5378,302;5382,316;5387,298;5391,318;5395,330;5400,314;5404,326;5408,310;5413,336;5417,312;5422,326;5426,310;5430,334;5435,306;5439,310;5443,324;5448,308;5452,334;5456,318;5461,318;5465,306;5469,334;5474,318;5478,330;5482,300;5487,328;5491,332;5496,316;5500,328;5504,326;5509,324;5513,300;5517,328;5522,298;5526,324;5530,310;5535,320;5539,324;5543,310;5548,322;5552,308;5556,318;5561,308;5565,322;5570,306;5574,320;5578,302;5583,328;5587,332;5591,318;5596,330;5600,314;5604,340;5609,312;5613,316;5617,300;5622,326;5626,296;5630,322;5635,306;5639,312;5644,324;5648,322;5652,320;5657,306;5661,324;5665,308;5670,336;5674,306;5678,318;5683,314;5687,320;5691,318;5696,316;5700,330;5705,328;5709,318;5713,302;5718,328;5722,298;5726,324;5731,308;5735,314;5739,326;5744,324;5748,322;5752,308;5757,332;5761,308;5765,334;5770,306;5774,334;5779,302;5783,308;5787,334;5792,304;5796,330;5800,314;5805,340;5809,290;5813,328;5818,298;5822,326;5826,308;5831,336;5835,326;5839,312;5844,338;5848,322;5853,334;5857,296;5861,338;5866,308;5870,334;5874,304;5879,330;5883,334;5887,318;5892,332;5896,316;5900,328;5905,328;5909,316;5913,300;5918,326;5922,296;5927,322;5931,308;5935,312;5940,324;5944,308;5948,334;5953,306;5957,338;5961,308;5966,320;5970,304;5974,318;5979,302;5983,306;5987,332;5992,316;5996,342;6001,314;6005,318;6009,302;6014,328;6018,298;6022,324;6027,308;6031,314;6035,326;6040,312;6044,324;6048,308;6053,322;6057,310;6061,324;6066,308;6070,334;6075,304;6079,310;6083,322;6088,320;6092,318;6096,318;6101,328;6105,304;6109,330;6114,300;6118,326;6122,298;6127,324;6131,328;6135,314;6140,326;6144,310;6149,324;6153,314;6157,328;6162,312;6166,324;6170,308;6175,322;6179,328;6183,310;6188,336;6192,308;6196,334;6201,310;6205,322;6210,306;6214,320;6218,318;6223,330;6227,320;6231,318;6236,332;6240,316;6244,328;6249,312;6253,344;6257,314;6262,340;6266,298;6271,324;6275,308;6279,314;6284,326;6288,324;6292,324;6297,322;6301,326;6305,298;6310,324;6314,294;6318,322;6323,304;6327,324;6331,324;6336,308;6340,334;6345,304;6349,316;6353,322;6358,334;6362,318;6366,318;6371,302;6375,306;6379,320;6384,304;6388,330;6392,300;6397,328;6401,304;6405,316;6410,288;6414,312;6419,298;6423,302;6427,314;6432,300;6436,312;6440,298;6445,308;6449,300;6453,312;6458,296;6462,322;6466,294;6471,306;6475,310;6479,296;6484,308;6488,294;6493,320;6497,282;6501,310;6506,294;6510,306;6514,288;6519,302;6523,308;6527,292;6532,304;6536,302;6540,316;6545,292;6549,304;6553,290;6558,300;6562,286;6567,312;6571,304;6575,302;6580,314;6584,270;6588,310;6593,296;6597,300;6601,298;6606,312;6610,296;6614,308;6619,280;6623,298;6627,326;6632,296;6636,308;6641,292;6645,310;6649,282;6654,308;6658,292;6662,318;6667,288;6671,292;6675,304;6680,290;6684,316;6688,300;6693,314;6697,276;6702,302;6706,286;6710,314;6715,284;6719,302;6723,316;6728,300;6732,312;6736,296;6741,308;6745,284;6749,298;6754,282;6758,294;6762,278;6767,282;6771,296;6776,280;6780,292;6784,262;6789,288;6793,264;6797,278;6802,262;6806,274;6810,246;6815,264;6819,290;6823,274;6828,286;6832,270;6837,284;6841,260;6845,286;6850,270;6854,284;6858,254;6863,260;6867,270;6871,254;6876,282;6880,266;6884,264;6889,268;6893,282;6897,266;6902,280;6906,264;6911,290;6915,280;6919,280;6924,292;6928,262;6932,276;6937,250;6941,264;6945,248;6950,274;6954,260;6958,272;6963,276;6967,260;6971,272;6976,244;6980,284;6985,254;6989,274;6993,244;6998,268;7002,254;7006,266;7011,250;7015,254;7019,282;7024,280;7028,292;7032,278;7037,266;7041,252;7045,278;7050,248;7054,276;7059,244;7063,264;7067,276;7072,260;7076,272;7080,242;7085,284;7089,260;7093,286;7098,256;7102,268;7106,238;7111,272;7115,284;7119,268;7124,280;7128,236;7133,276;7137,266;7141,278;7146,264;7150,260;7154,274;7159,264;7163,276;7167,274;7172,272;7176,244;7180,270;7185,260;7189,274;7193,256;7198,268;) of size 460\r\nSTEPPER: Moving to mstep: 5200 with speed [msteps/sec]: 4000 in SpreadCycle.\r\n'), 14:07:26
bytearray(b'STEPPER: Moved 2000.00 msteps (ramp: 35%) in 699.756 ms -> average speed [msteps/sec]: 2858.14\r\nSTEPPER: Moving to mstep: 7200 with speed [msteps/sec]: 1000 in StealthChop.\r\n'), 14:07:27
bytearray(b'STEPPER: Estimate 3: [msteps] 6771\r\nSTEPPER: buffer (5200,286;5204,330;5208,300;5213,328;5217,304;5221,316;5226,300;5230,326;5234,310;5239,324;5243,326;5247,310;5252,322;5256,320;5260,332;5265,316;5269,320;5274,304;5278,330;5282,302;5287,326;5291,318;5295,316;5300,328;5304,312;5308,324;5313,322;5317,326;5321,310;5326,324;5330,306;5334,334;5339,302;5343,310;5348,320;5352,306;5356,318;5361,302;5365,322;5369,318;5374,330;5378,300;5382,314;5387,298;5391,316;5395,328;5400,312;5404,324;5408,308;5413,336;5417,298;5422,324;5426,308;5430,334;5435,304;5439,324;5443,322;5448,320;5452,318;5456,316;5461,328;5465,304;5469,316;5474,300;5478,328;5482,310;5487,324;5491,328;5496,326;5500,324;5504,322;5509,334;5513,296;5517,322;5522,306;5526,332;5530,304;5535,330;5539,320;5543,318;5548,316;5552,316;5556,328;5561,310;5565,330;5570,314;5574,326;5578,310;5583,322;5587,328;5591,312;5596,324;5600,322;5604,334;5609,318;5613,322;5617,306;5622,332;5626,316;5630,330;5635,300;5639,318;5644,332;5648,316;5652,328;5657,312;5661,330;5665,316;5670,328;5674,312;5678,324;5683,310;5687,328;5691,326;5696,312;5700,322;5705,320;5709,334;5713,296;5718,322;5722,306;5726,332;5731,304;5735,322;5739,320;5744,318;5748,316;5752,314;5757,328;5761,318;5765,330;5770,302;5774,328;5779,312;5783,316;5787,328;5792,312;5796,324;5800,310;5805,336;5809,312;5813,324;5818,310;5822,322;5826,308;5831,334;5835,324;5839,308;5844,320;5848,320;5853,332;5857,308;5861,320;5866,306;5870,332;5874,302;5879,328;5883,320;5887,318;5892,330;5896,328;5900,328;5905,312;5909,330;5913,314;5918,326;5922,296;5927,324;5931,294;5935,312;5940,326;5944,310;5948,322;5953,306;5957,324;5961,310;5966,336;5970,320;5974,318;5979,304;5983,306;5987,332;5992,304;5996,330;6001,314;6005,318;6009,316;6014,330;6018,312;6022,326;6027,310;6031,314;6035,326;6040,312;6044,326;6048,308;6053,322;6057,312;6061,340;6066,310;6070,322;6075,306;6079,324;6083,324;6088,322;6092,320;6096,318;6101,318;6105,308;6109,334;6114,306;6118,318;6122,302;6127,328;6131,332;6135,318;6140,330;6144,314;6149,324;6153,316;6157,330;6162,314;6166,326;6170,310;6175,324;6179,328;6183,312;6188,324;6192,324;6196,334;6201,298;6205,324;6210,296;6214,322;6218,306;6223,332;6227,324;6231,308;6236,320;6240,318;6244,330;6249,314;6253,334;6257,304;6262,330;6266,314;6271,342;6275,312;6279,304;6284,330;6288,314;6292,326;6297,324;6301,330;6305,300;6310,326;6314,310;6318,324;6323,308;6327,312;6331,324;6336,310;6340,322;6345,306;6349,320;6353,310;6358,322;6362,320;6366,334;6371,318;6375,308;6379,320;6384,304;6388,332;6392,302;6397,316;6401,304;6405,316;6410,300;6414,314;6419,298;6423,302;6427,314;6432,314;6436,312;6440,282;6445,308;6449,286;6453,312;6458,296;6462,310;6466,294;6471,306;6475,310;6479,296;6484,308;6488,306;6493,318;6497,296;6501,308;6506,292;6510,304;6514,290;6519,316;6523,308;6527,292;6532,304;6536,290;6540,314;6545,292;6549,304;6553,288;6558,314;6562,300;6567,312;6571,316;6575,300;6580,314;6584,298;6588,310;6593,278;6597,312;6601,296;6606,308;6610,292;6614,304;6619,290;6623,292;6627,306;6632,304;6636,302;6641,286;6645,304;6649,288;6654,314;6658,286;6662,310;6667,280;6671,300;6675,310;6680,296;6684,294;6688,292;6693,304;6697,294;6702,306;6706,290;6710,304;6715,288;6719,304;6723,304;6728,288;6732,300;6736,284;6741,310;6745,288;6749,300;6754,284;6758,296;6762,280;6767,286;6771,298;6776,268;6780,280;6784,250;6789,292;6793,254;6797,280;6802,250;6806,276;6810,246;6815,264;6819,292;6823,264;6828,274;6832,244;6837,286;6841,262;6845,274;6850,244;6854,270;6858,268;6863,280;6867,286;6871,270;6876,282;6880,252;6884,280;6889,252;6893,282;6897,264;6902,278;6906,260;6911,274;6915,278;6919,262;6924,276;6928,244;6932,270;6937,260;6941,288;6945,272;6950,272;6954,268;6958,282;6963,284;6967,270;6971,282;6976,252;6980,278;6985,262;6989,282;6993,252;6998,278;7002,262;7006,274;7011,258;7015,250;7019,290;7024,260;7028,286;7032,270;7037,274;7041,258;7045,272;7050,256;7054,282;7059,268;7063,272;7067,284;7072,268;7076,280;7080,250;7085,276;7089,238;7093,280;7098,264;7102,276;7106,262;7111,236;7115,292;7119,276;7124,288;7128,258;7133,286;7137,234;7141,274;7146,258;7150,272;7154,270;7159,246;7163,272;7167,256;7172,282;7176,254;7180,266;7185,270;7189,284;7193,254;7198,266;) of size 460\r\nSTEPPER: Moving to mstep: 5200 with speed [msteps/sec]: 4000 in SpreadCycle.\r\n'), 14:07:30
bytearray(b'STEPPER: Moved 2000.00 msteps (ramp: 35%) in 699.756 ms -> average speed [msteps/sec]: 2858.14\r\nSTEPPER: Moving to mstep: 7200 with speed [msteps/sec]: 1000 in StealthChop.\r\n'), 14:07:30
bytearray(b'STEPPER: Estimate 4: [msteps] 6762\r\nSTEPPER: buffer (5200,290;5204,326;5208,296;5213,324;5217,298;5221,312;5226,310;5230,322;5234,306;5239,334;5243,326;5247,322;5252,320;5256,318;5260,318;5265,316;5269,334;5273,304;5278,330;5282,316;5287,328;5291,318;5295,316;5300,314;5304,328;5308,324;5313,322;5317,314;5321,310;5326,324;5330,308;5334,334;5339,304;5343,310;5348,320;5352,306;5356,318;5361,316;5365,334;5369,304;5374,332;5378,316;5382,328;5387,300;5391,318;5395,330;5400,314;5404,328;5408,312;5413,324;5417,314;5422,328;5426,298;5430,324;5435,308;5439,314;5443,326;5448,310;5452,322;5456,306;5461,320;5465,310;5469,322;5474,320;5478,332;5482,304;5487,330;5491,322;5496,320;5500,318;5504,314;5509,328;5513,304;5517,332;5522,300;5526,328;5530,312;5535,326;5539,316;5543,314;5548,326;5552,312;5556,324;5561,312;5565,326;5570,310;5574,324;5578,306;5583,320;5587,324;5591,308;5596,336;5600,306;5604,332;5609,316;5613,322;5617,292;5622,320;5626,316;5631,330;5635,320;5639,318;5644,330;5648,314;5652,328;5657,312;5661,330;5665,316;5670,328;5674,298;5678,324;5683,306;5687,314;5691,326;5696,310;5700,322;5705,320;5709,326;5713,294;5718,322;5722,306;5726,332;5731,302;5735,322;5739,320;5744,318;5748,316;5752,314;5757,326;5761,302;5765,330;5770,312;5774,338;5779,310;5783,314;5787,340;5792,312;5796,324;5800,308;5805,334;5809,296;5813,322;5818,306;5822,320;5826,302;5831,330;5835,320;5839,318;5844,316;5848,314;5853,326;5857,302;5861,328;5866,312;5870,340;5874,310;5879,320;5883,326;5887,324;5892,324;5896,322;5900,320;5905,318;5909,322;5913,292;5918,318;5922,304;5927,330;5931,314;5935,318;5940,316;5944,316;5948,326;5953,312;5957,316;5961,314;5966,328;5970,312;5974,338;5979,308;5983,314;5987,326;5992,310;5996,322;6001,320;6005,326;6009,294;6014,322;6018,306;6022,332;6027,316;6031,320;6035,332;6040,316;6044,328;6048,312;6053,324;6057,300;6061,326;6066,310;6070,322;6075,320;6079,324;6083,324;6088,320;6092,334;6096,318;6101,330;6105,306;6109,332;6114,302;6118,314;6122,312;6127,324;6131,330;6136,314;6140,326;6144,310;6149,322;6153,314;6157,326;6162,310;6166,322;6170,306;6175,320;6179,338;6183,322;6188,334;6192,318;6196,332;6201,308;6205,332;6210,304;6214,318;6218,316;6223,328;6227,320;6231,318;6236,330;6240,314;6244,328;6249,312;6253,346;6257,314;6262,340;6266,310;6271,324;6275,308;6279,312;6284,324;6288,324;6292,322;6297,320;6301,324;6305,308;6310,334;6314,292;6318,318;6323,302;6327,320;6331,318;6336,316;6340,316;6345,314;6349,326;6353,304;6358,330;6362,314;6366,326;6371,310;6375,314;6379,328;6384,312;6388,324;6392,308;6397,336;6401,298;6405,324;6410,294;6414,306;6419,290;6423,308;6427,322;6432,290;6436,318;6440,302;6445,300;6449,290;6453,318;6458,288;6462,314;6466,284;6471,288;6475,302;6479,300;6484,312;6488,282;6493,308;6497,284;6501,310;6506,296;6510,308;6514,292;6519,304;6523,308;6527,294;6532,306;6536,288;6540,302;6545,292;6549,304;6553,288;6558,314;6562,298;6567,310;6571,302;6575,284;6580,312;6584,282;6588,308;6593,294;6597,298;6601,282;6606,308;6610,278;6614,292;6619,276;6623,308;6627,308;6632,290;6636,304;6641,288;6645,306;6649,292;6654,318;6658,288;6662,314;6667,284;6671,304;6675,302;6680,300;6684,298;6688,284;6693,310;6697,286;6701,298;6706,282;6710,308;6715,292;6719,298;6723,310;6728,294;6732,308;6736,290;6741,302;6745,278;6749,304;6754,288;6758,286;6762,284;6767,274;6771,286;6776,270;6780,284;6784,266;6789,280;6793,270;6797,282;6802,266;6806,280;6810,262;6815,268;6819,280;6823,264;6828,278;6832,246;6836,288;6841,264;6845,290;6850,274;6854,288;6858,256;6863,234;6867,288;6871,274;6876,286;6880,272;6884,284;6889,246;6893,272;6897,256;6902,284;6906,268;6910,280;6915,286;6919,270;6924,282;6928,252;6932,280;6937,234;6941,282;6945,266;6950,280;6954,264;6958,278;6963,280;6967,250;6971,278;6976,274;6980,276;6984,258;6989,292;6993,262;6998,276;7002,260;7006,286;7011,256;7015,274;7019,274;7024,244;7028,270;7032,268;7037,288;7041,258;7045,284;7050,270;7054,282;7059,252;7063,272;7067,282;7072,266;7076,280;7080,248;7085,278;7089,266;7093,294;7098,264;7102,274;7106,274;7111,278;7115,292;7119,260;7124,286;7128,256;7133,270;7137,274;7141,272;7146,256;7150,268;7154,252;7159,256;7163,270;7167,266;7172,278;7176,262;7180,288;7185,264;7189,276;7193,262;7198,274;) of size 460\r\nSTEPPER: Moving to mstep: 5200 with speed [msteps/sec]: 4000 in SpreadCycle.\r\n'), 14:07:33
bytearray(b'STEPPER: Moved 2000.00 msteps (ramp: 35%) in 699.760 ms -> average speed [msteps/sec]: 2858.12\r\nSTEPPER: Moving to mstep: 7200 with speed [msteps/sec]: 1000 in StealthChop.\r\n'), 14:07:33
bytearray(b'STEPPER: Estimate 5: [msteps] 6780\r\nSTEPPER: buffer (5200,290;5204,334;5208,318;5213,332;5217,294;5221,320;5226,304;5230,330;5234,300;5239,328;5243,318;5247,316;5252,328;5256,314;5260,326;5265,302;5269,328;5274,312;5278,326;5282,308;5287,322;5291,326;5295,324;5300,322;5304,322;5308,320;5313,318;5317,324;5321,306;5326,334;5330,318;5334,318;5339,300;5343,320;5348,332;5352,316;5356,328;5361,314;5365,332;5369,314;5374,328;5378,312;5382,326;5387,310;5391,314;5395,326;5400,310;5404,324;5408,308;5413,334;5417,296;5422,324;5426,308;5430,334;5435,304;5439,324;5443,322;5448,306;5452,318;5456,318;5461,330;5465,306;5469,320;5474,304;5478,330;5482,302;5487,328;5491,318;5496,316;5500,328;5504,326;5509,324;5513,302;5517,314;5522,300;5526,326;5530,310;5535,322;5539,328;5543,312;5548,324;5552,322;5556,322;5561,312;5565,324;5570,308;5574,334;5578,304;5583,330;5587,322;5591,320;5596,332;5600,316;5604,328;5609,314;5613,332;5617,304;5622,330;5626,300;5630,314;5635,310;5639,316;5644,328;5648,314;5652,326;5657,310;5661,330;5665,312;5670,340;5674,310;5678,324;5683,308;5687,312;5691,324;5696,310;5700,322;5705,320;5709,334;5713,308;5718,320;5722,306;5726,318;5731,316;5735,308;5739,320;5744,304;5748,316;5752,314;5757,328;5761,318;5765,318;5770,302;5774,328;5779,312;5783,304;5787,330;5792,314;5796,326;5800,324;5805,336;5809,300;5813,312;5818,310;5822,322;5826,306;5831,334;5835,324;5839,308;5844,320;5848,318;5853,332;5857,308;5861,320;5866,304;5870,330;5874,300;5879,328;5883,318;5887,316;5892,328;5896,328;5900,326;5905,322;5909,314;5913,298;5918,324;5922,308;5927,336;5931,326;5935,310;5940,322;5944,322;5948,320;5953,306;5957,322;5961,308;5966,334;5970,304;5974,330;5979,300;5983,306;5987,330;5992,314;5996,326;6001,312;6005,330;6009,300;6014,326;6018,298;6022,322;6027,308;6031,326;6035,326;6040,322;6044,322;6048,306;6053,318;6057,310;6061,336;6066,320;6070,332;6075,302;6079,310;6083,334;6088,320;6092,318;6096,316;6101,328;6105,306;6109,332;6114,316;6118,316;6122,298;6127,326;6131,330;6136,314;6140,328;6144,312;6149,324;6153,314;6157,342;6162,312;6166,324;6170,308;6175,336;6179,326;6183,310;6188,324;6192,306;6196,334;6201,310;6205,322;6210,306;6214,320;6218,304;6223,316;6227,334;6231,318;6236,330;6240,316;6244,328;6249,312;6253,330;6257,300;6262,328;6266,298;6271,324;6275,308;6279,314;6284,326;6288,324;6292,322;6297,322;6301,326;6305,296;6310,322;6314,306;6318,332;6323,302;6327,320;6331,320;6336,318;6340,330;6345,314;6349,326;6353,316;6358,330;6362,314;6366,326;6371,310;6375,316;6379,328;6384,298;6388,324;6392,310;6397,322;6401,298;6405,310;6410,294;6414,308;6419,306;6423,296;6427,308;6432,292;6436,306;6440,290;6445,302;6449,292;6453,306;6458,290;6462,316;6466,300;6471,290;6475,304;6479,288;6484,302;6488,298;6493,312;6497,288;6501,300;6506,286;6510,310;6514,282;6519,308;6523,312;6527,284;6532,310;6536,294;6540,306;6545,284;6549,296;6553,280;6558,304;6562,290;6567,302;6571,306;6575,276;6580,302;6584,300;6588,312;6593,296;6597,302;6601,286;6606,312;6610,282;6614,308;6619,292;6623,296;6627,308;6632,292;6636,306;6641,290;6645,322;6649,292;6654,318;6658,288;6662,314;6667,284;6671,288;6675,300;6680,284;6684,296;6688,294;6693,306;6697,296;6702,310;6706,280;6710,306;6715,290;6719,296;6723,320;6728,304;6732,318;6736,302;6741,314;6745,290;6749,302;6754,286;6758,300;6762,284;6767,288;6771,302;6776,286;6780,298;6784,270;6789,294;6793,258;6797,270;6802,254;6806,266;6810,250;6815,268;6819,296;6823,266;6828,292;6832,262;6837,288;6841,250;6845,276;6850,260;6854,286;6858,256;6863,260;6867,288;6871,270;6876,284;6880,282;6884,280;6889,268;6893,282;6897,266;6902,278;6906,262;6911,274;6915,292;6919,262;6924,288;6928,258;6932,284;6937,260;6941,286;6945,256;6950,282;6954,252;6958,266;6963,282;6967,268;6971,280;6976,234;6980,278;6985,274;6989,278;6993,262;6998,260;7002,272;7006,284;7011,268;7015,260;7019,270;7024,256;7028,268;7032,266;7037,284;7041,268;7045,280;7050,250;7054,278;7059,262;7063,280;7067,292;7072,276;7076,288;7080,258;7085,286;7089,246;7093,288;7098,258;7102,284;7106,270;7111,230;7115,286;7119,270;7124,284;7128,252;7133,280;7137,256;7141,268;7146,252;7150,264;7154,250;7159,254;7163,280;7167,264;7172,278;7176,234;7180,288;7185,264;7189,276;7193,262;7198,260;) of size 460\r\nSTEPPER: Moving to mstep: 5200 with speed [msteps/sec]: 4000 in SpreadCycle.\r\n'), 14:07:36
bytearray(b'STEPPER: Moved 2000.00 msteps (ramp: 35%) in 699.756 ms -> average speed [msteps/sec]: 2858.14\r\nSTEPPER: Moving to mstep: 7200 with speed [msteps/sec]: 1000 in StealthChop.\r\n'), 14:07:37
bytearray(b'STEPPER: Estimate 6: [msteps] 6749\r\nSTEPPER: buffer (5200,286;5204,320;5208,316;5213,330;5217,304;5221,318;5226,302;5230,328;5234,300;5239,326;5243,318;5247,314;5252,328;5256,326;5260,324;5265,308;5269,328;5274,298;5278,324;5282,308;5287,320;5291,326;5295,324;5300,322;5304,322;5308,320;5313,318;5317,338;5321,308;5326,322;5330,304;5334,318;5339,302;5343,306;5348,334;5352,318;5356,330;5361,314;5365,332;5369,316;5374,330;5378,314;5382,326;5387,310;5391,316;5395,328;5400,312;5404,338;5408,322;5413,336;5417,298;5422,324;5426,308;5430,320;5435,304;5439,310;5443,334;5448,320;5452,318;5456,302;5461,316;5465,304;5469,332;5474,302;5478,330;5482,300;5487,324;5491,330;5496,314;5500,328;5504,312;5509,324;5513,300;5517,328;5522,296;5526,324;5530,308;5535,320;5539,326;5543,310;5548,322;5552,308;5556,320;5561,304;5565,338;5570,320;5574,320;5578,304;5583,330;5587,334;5591,306;5596,332;5600,316;5604,328;5609,314;5613,318;5617,302;5622,316;5626,300;5631,326;5635,318;5639,316;5644,328;5648,312;5652,324;5657,308;5661,342;5665,298;5670,338;5674,308;5678,334;5683,306;5687,324;5691,322;5696,322;5700,320;5705,318;5709,322;5713,306;5718,320;5722,304;5726,330;5731,302;5735,318;5739,318;5744,316;5748,328;5752,314;5757,326;5761,318;5765,330;5770,300;5774,326;5779,312;5783,316;5787,330;5792,314;5796,326;5800,312;5805,324;5809,314;5813,328;5818,298;5822,324;5826,310;5831,336;5835,328;5839,312;5844,324;5848,308;5853,322;5857,312;5861,340;5866,308;5870,322;5874,306;5879,320;5883,324;5887,310;5892,322;5896,320;5900,320;5905,296;5909,322;5913,306;5918,320;5922,304;5927,332;5931,322;5935,320;5940,332;5944,318;5948,316;5953,316;5957,320;5961,304;5966,330;5970,314;5974,328;5979,312;5983,304;5987,328;5992,312;5996,340;6001,310;6005,314;6009,312;6014,324;6018,310;6022,336;6027,308;6031,310;6035,324;6040,308;6044,336;6048,306;6053,318;6057,306;6062,332;6066,304;6070,330;6075,300;6079,304;6083,332;6088,330;6092,342;6096,326;6101,324;6105,300;6109,326;6114,298;6118,324;6122,310;6127,322;6131,326;6136,324;6140,324;6144,308;6149,320;6153,312;6157,324;6162,308;6166,322;6170,306;6175,320;6179,324;6183,306;6188,334;6192,304;6197,330;6201,308;6205,334;6210,304;6214,318;6218,302;6223,328;6227,332;6231,316;6236,328;6240,312;6244,326;6249,310;6253,328;6257,298;6262,338;6266,310;6271,322;6275,306;6279,310;6284,322;6288,322;6292,320;6297,318;6301,320;6305,306;6310,332;6314,302;6318,328;6323,298;6327,318;6331,330;6336,316;6340,328;6345,312;6349,324;6353,314;6358,328;6362,312;6366,324;6371,308;6375,314;6379,326;6384,310;6388,322;6392,320;6397,334;6401,296;6405,308;6410,292;6414,320;6419,290;6423,294;6427,308;6432,306;6436,318;6440,302;6445,316;6449,292;6453,318;6458,290;6462,316;6466,286;6471,292;6475,318;6479,302;6484,314;6488,312;6493,310;6497,288;6501,302;6506,298;6510,312;6514,282;6519,310;6523,314;6527,298;6532,312;6536,282;6540,308;6545,286;6549,298;6553,296;6558,310;6562,294;6567,306;6571,310;6575,294;6580,308;6584,278;6588,306;6593,290;6597,310;6601,292;6606,320;6610,290;6614,304;6619,288;6623,306;6627,320;6632,276;6636,302;6641,302;6645,306;6649,304;6654,318;6658,288;6662,314;6667,286;6671,304;6675,304;6680,302;6684,314;6688,298;6693,304;6697,288;6702,314;6706,300;6710,312;6715,282;6719,300;6723,314;6728,286;6732,310;6736,296;6741,308;6745,284;6749,298;6754,268;6758,294;6762,278;6767,284;6771,296;6776,280;6780,292;6784,276;6789,290;6793,266;6797,292;6802,262;6806,276;6810,260;6815,264;6819,278;6823,234;6828,288;6832,286;6836,286;6841,262;6845,288;6850,258;6854,286;6858,258;6863,282;6867,286;6871,258;6876,284;6880,268;6884,282;6889,258;6893,270;6897,256;6902,282;6906,254;6910,280;6915,286;6919,270;6924,284;6928,282;6932,294;6937,242;6941,284;6945,268;6950,282;6954,252;6958,280;6963,284;6967,268;6971,282;6976,252;6980,280;6985,264;6989,270;6993,254;6998,280;7002,252;7006,278;7011,248;7015,254;7019,280;7024,264;7028,292;7032,262;7037,282;7041,252;7045,264;7050,248;7054,276;7059,248;7063,266;7067,280;7072,264;7076,276;7080,234;7085,288;7089,266;7093,278;7098,248;7102,276;7106,248;7111,266;7115,292;7119,276;7124,276;7128,260;7133,274;7137,234;7141,276;7146,260;7150,274;7154,258;7159,248;7163,276;7167,260;7172,286;7176,256;7180,284;7185,260;7189,272;7194,272;7198,284;) of size 460\r\nSTEPPER: Moving to mstep: 5200 with speed [msteps/sec]: 4000 in SpreadCycle.\r\n'), 14:07:39
bytearray(b'STEPPER: Moved 2000.00 msteps (ramp: 35%) in 699.756 ms -> average speed [msteps/sec]: 2858.14\r\nSTEPPER: Moving to mstep: 7200 with speed [msteps/sec]: 1000 in StealthChop.\r\n'), 14:07:40
bytearray(b'STEPPER: Estimate 7: [msteps] 6758\r\nSTEPPER: buffer (5200,282;5204,310;5208,310;5213,322;5217,298;5221,324;5226,310;5230,336;5234,306;5239,332;5243,324;5247,308;5252,320;5256,304;5260,318;5265,308;5269,320;5274,304;5278,332;5282,302;5287,328;5291,320;5295,318;5300,330;5304,314;5308,328;5313,326;5317,316;5321,314;5326,328;5330,312;5334,324;5339,310;5343,314;5348,326;5352,312;5356,310;5361,308;5365,326;5369,312;5374,338;5378,308;5382,322;5387,306;5391,312;5395,324;5400,322;5404,336;5409,320;5413,332;5417,296;5422,322;5426,294;5430,320;5435,320;5439,310;5443,322;5448,306;5452,320;5456,318;5461,332;5465,308;5469,322;5474,304;5478,332;5483,316;5487,320;5491,320;5496,318;5500,330;5504,314;5509,328;5513,302;5517,316;5522,314;5526,328;5530,312;5535,338;5539,316;5543,314;5548,326;5552,312;5557,322;5561,314;5565,342;5570,312;5574,338;5578,306;5583,320;5587,340;5591,324;5596,336;5600,320;5604,334;5609,318;5613,322;5617,306;5622,332;5626,302;5631,330;5635,320;5639,318;5644,330;5648,314;5652,326;5657,312;5661,330;5665,314;5670,340;5674,310;5678,322;5683,308;5687,312;5691,324;5696,310;5700,322;5705,320;5709,326;5713,310;5718,336;5722,306;5726,320;5731,304;5735,308;5739,322;5744,318;5748,318;5752,316;5757,330;5761,306;5765,332;5770,302;5774,330;5779,314;5783,320;5787,330;5792,302;5796,328;5800,312;5805,340;5809,316;5813,328;5818,298;5822,326;5826,308;5831,322;5835,326;5839,310;5844,324;5848,308;5853,320;5857,312;5861,324;5866,308;5870,334;5874,306;5879,332;5883,322;5887,306;5892,332;5896,318;5900,330;5905,306;5909,334;5914,304;5918,330;5922,314;5927,328;5931,318;5935,318;5940,328;5944,314;5948,326;5953,310;5957,316;5961,314;5966,326;5970,310;5974,324;5979,306;5983,312;5988,324;5992,308;5996,336;6001,318;6005,324;6009,308;6014,334;6018,304;6022,332;6027,316;6031,308;6035,320;6040,318;6044,332;6048,316;6053,328;6057,304;6062,332;6066,302;6070,344;6075,314;6079,318;6083,318;6088,316;6092,328;6096,314;6101,326;6105,302;6109,314;6114,312;6118,340;6123,310;6127,314;6131,326;6136,312;6140,324;6144,308;6149,320;6153,312;6157,324;6162,308;6166,320;6170,306;6175,332;6179,324;6183,322;6188,320;6192,318;6197,330;6201,292;6205,320;6210,304;6214,330;6218,302;6223,328;6227,320;6231,316;6236,330;6240,314;6244,328;6249,324;6253,344;6257,302;6262,326;6266,310;6271,336;6275,308;6279,312;6284,324;6288,322;6292,322;6297,320;6301,326;6305,310;6310,322;6314,292;6318,320;6323,304;6327,310;6331,322;6336,320;6340,318;6345,316;6349,328;6353,306;6358,318;6362,304;6366,330;6371,316;6375,306;6379,320;6384,318;6388,332;6392,316;6397,328;6401,306;6405,318;6410,288;6414,314;6419,286;6423,304;6427,316;6432,300;6436,314;6440,298;6445,310;6449,288;6453,314;6458,284;6462,312;6466,296;6471,300;6475,314;6480,284;6484,310;6488,308;6493,320;6497,298;6501,310;6506,280;6510,308;6514,292;6519,304;6523,310;6527,294;6532,306;6536,290;6540,304;6545,294;6549,306;6554,292;6558,316;6562,288;6567,300;6571,306;6575,304;6580,316;6584,300;6588,314;6593,284;6597,316;6601,288;6606,300;6610,286;6614,312;6619,282;6623,302;6628,314;6632,300;6636,312;6641,282;6645,316;6649,286;6654,312;6658,298;6662,324;6667,280;6671,298;6675,312;6680,296;6684,308;6688,308;6693,312;6697,296;6702,310;6706,280;6710,306;6715,290;6719,296;6723,308;6728,294;6732,306;6736,290;6741,302;6745,294;6749,292;6754,290;6758,304;6763,288;6767,278;6771,290;6776,262;6780,288;6784,274;6789,300;6793,262;6797,262;6802,274;6806,286;6810,270;6815,262;6819,288;6823,244;6828,286;6832,270;6837,282;6841,274;6845,286;6850,270;6854,284;6858,254;6863,280;6867,272;6871,242;6876,282;6880,280;6884,294;6889,270;6893,282;6897,268;6902,266;6906,250;6911,278;6915,282;6919,238;6924,280;6928,278;6932,292;6937,268;6941,266;6945,264;6950,278;6954,276;6958,274;6963,294;6967,276;6971,290;6976,260;6980,272;6985,256;6989,276;6993,260;6998,286;7002,256;7006,270;7011,254;7015,272;7019,286;7024,226;7028,282;7032,266;7037,286;7041,256;7046,268;7050,266;7054,280;7059,264;7063,254;7067,254;7072,238;7076,280;7080,278;7085,290;7089,252;7093,266;7098,264;7102,278;7106,262;7111,282;7115,280;7120,278;7124,290;7128,262;7133,288;7137,264;7141,264;7146,262;7150,260;7154,258;7159,264;7163,276;7167,232;7172,288;7176,272;7180,284;7185,260;7189,288;7194,244;7198,270;) of size 460\r\nSTEPPER: Moving to mstep: 5200 with speed [msteps/sec]: 4000 in SpreadCycle.\r\n'), 14:07:42
bytearray(b'STEPPER: Moved 2000.00 msteps (ramp: 35%) in 699.756 ms -> average speed [msteps/sec]: 2858.14\r\nSTEPPER: Moving to mstep: 7200 with speed [msteps/sec]: 1000 in StealthChop.\r\n'), 14:07:43
bytearray(b'STEPPER: Estimate 8: [msteps] 6780\r\nSTEPPER: buffer (5200,278;5204,316;5208,314;5213,328;5217,302;5221,330;5226,300;5230,326;5234,296;5239,338;5243,328;5247,310;5252,324;5256,308;5260,322;5265,298;5269,340;5274,308;5278,336;5282,306;5287,320;5291,322;5295,320;5300,334;5304,318;5308,330;5313,314;5317,320;5321,302;5326,330;5330,300;5334,326;5339,310;5343,316;5348,328;5352,312;5356,324;5361,308;5365,326;5369,310;5374,322;5378,306;5382,320;5387,304;5391,322;5395,336;5400,318;5404,332;5408,316;5413,328;5417,304;5422,330;5426,302;5430,328;5435,312;5439,304;5443,330;5448,300;5452,326;5456,310;5461,322;5465,298;5469,340;5474,310;5478,322;5482,306;5487,318;5491,324;5496,322;5500,334;5504,318;5509,318;5513,308;5517,334;5522,304;5526,330;5530,300;5535,328;5539,318;5543,316;5548,314;5552,312;5556,326;5561,310;5565,328;5570,312;5574,326;5578,310;5583,324;5587,328;5591,312;5596,338;5600,322;5604,334;5609,318;5613,324;5617,308;5622,320;5626,306;5630,332;5635,300;5639,318;5644,320;5648,316;5652,316;5657,312;5661,332;5665,316;5670,328;5674,312;5678,326;5683,296;5687,328;5691,326;5696,324;5700,338;5705,322;5709,336;5713,296;5718,322;5722,308;5726,320;5731,304;5735,322;5739,334;5744,316;5748,332;5752,316;5757,328;5761,318;5765,332;5770,302;5774,328;5779,298;5783,316;5787,330;5792,314;5796,326;5800,324;5805,324;5809,300;5813,326;5818,296;5822,322;5826,306;5831,332;5835,324;5839,308;5844,320;5848,304;5853,332;5857,308;5861,336;5866,306;5870,332;5874,302;5879,330;5883,334;5887,318;5892,332;5896,316;5900,328;5905,314;5909,332;5914,302;5918,328;5922,300;5927,326;5931,316;5935,314;5940,326;5944,312;5948,324;5953,308;5957,342;5961,312;5966,324;5970,308;5974,334;5979,306;5983,310;5988,324;5992,322;5996,334;6001,306;6005,332;6009,308;6014,334;6018,306;6022,330;6027,304;6031,322;6035,336;6040,318;6044,330;6048,316;6053,328;6057,306;6062,332;6066,302;6070,328;6075,312;6079,318;6083,330;6088,316;6092,328;6096,326;6101,326;6105,302;6109,328;6114,312;6118,340;6122,310;6127,336;6131,328;6136,312;6140,324;6144,322;6149,322;6153,314;6157,326;6162,310;6166,338;6170,322;6175,320;6179,324;6183,310;6188,336;6192,306;6196,332;6201,296;6205,322;6210,306;6214,332;6218,304;6223,330;6227,336;6231,318;6236,332;6240,318;6244,330;6249,314;6253,334;6257,304;6262,330;6266,300;6270,328;6275,298;6279,316;6284,316;6288,314;6292,326;6297,312;6301,330;6305,300;6310,326;6314,296;6318,324;6323,308;6327,326;6331,324;6336,308;6340,322;6345,320;6349,324;6353,310;6358,322;6362,306;6366,334;6371,318;6375,308;6379,320;6384,320;6388,318;6392,302;6397,330;6401,292;6405,320;6410,290;6414,316;6419,286;6423,292;6427,318;6432,302;6436,314;6440,300;6445,312;6449,290;6453,316;6458,286;6462,312;6466,284;6471,310;6475,316;6479,300;6484,312;6488,298;6493,310;6497,286;6501,300;6506,296;6510,310;6514,292;6519,306;6523,312;6527,296;6532,308;6536,292;6540,306;6545,282;6549,308;6553,294;6558,320;6562,290;6567,316;6571,308;6575,292;6580,318;6584,288;6588,316;6593,300;6597,304;6601,288;6606,302;6610,284;6614,310;6619,296;6623,300;6627,314;6632,298;6636,310;6641,296;6645,314;6649,284;6654,312;6658,280;6662,308;6667,292;6671,296;6675,310;6680,294;6684,306;6688,292;6693,302;6697,294;6701,306;6706,276;6710,302;6715,286;6719,292;6723,318;6728,288;6732,314;6736,300;6741,310;6745,288;6749,300;6754,284;6758,296;6762,280;6767,272;6771,298;6776,282;6780,296;6784,264;6789,292;6793,268;6797,280;6802,264;6806,276;6810,262;6815,266;6819,292;6823,276;6828,290;6832,258;6836,272;6841,262;6845,288;6850,272;6854,286;6858,270;6863,232;6867,286;6871,270;6876,284;6880,268;6884,280;6889,270;6893,284;6897,268;6902,280;6906,264;6911,276;6915,282;6919,280;6924,278;6928,262;6932,274;6937,252;6941,264;6945,248;6950,262;6954,246;6958,272;6963,292;6967,262;6971,288;6976,258;6980,286;6985,256;6989,274;6993,258;6998,286;7002,242;7006,270;7011,254;7015,272;7019,284;7024,256;7028,282;7032,266;7037,286;7041,270;7045,282;7050,266;7054,278;7059,264;7063,254;7067,280;7072,250;7076,278;7080,246;7085,274;7089,264;7093,278;7098,262;7102,288;7106,258;7111,262;7115,274;7119,230;7124,286;7128,284;7133,282;7137,258;7141,272;7146,256;7150,268;7154,254;7159,258;7163,284;7167,242;7172,280;7176,252;7180,278;7185,268;7189,280;7193,266;7198,292;) of size 460\r\nSTEPPER: Moving to mstep: 5200 with speed [msteps/sec]: 4000 in SpreadCycle.\r\n'), 14:07:46
bytearray(b'STEPPER: Moved 2000.00 msteps (ramp: 35%) in 699.764 ms -> average speed [msteps/sec]: 2858.11\r\nSTEPPER: Moving to mstep: 7200 with speed [msteps/sec]: 1000 in StealthChop.\r\n'), 14:07:46
bytearray(b'STEPPER: Estimate 9: [msteps] 6763\r\nSTEPPER: buffer (5200,284;5204,312;5208,312;5213,324;5217,300;5221,326;5226,296;5230,322;5234,308;5239,332;5243,324;5247,308;5252,320;5256,318;5260,332;5265,316;5269,320;5274,304;5278,330;5282,302;5287,328;5291,320;5295,316;5300,328;5304,326;5308,326;5313,324;5317,328;5321,298;5326,326;5330,310;5334,322;5339,320;5343,312;5348,324;5352,308;5356,320;5361,320;5365,326;5369,308;5374,320;5378,306;5382,332;5387,300;5391,306;5395,332;5400,318;5404,330;5408,314;5413,326;5417,302;5422,328;5426,312;5430,326;5435,296;5439,314;5443,326;5448,312;5452,324;5456,310;5461,322;5465,298;5469,326;5474,310;5478,336;5483,306;5487,312;5491,324;5496,324;5500,322;5504,320;5509,318;5513,308;5517,322;5522,306;5526,318;5530,304;5535,330;5539,334;5543,318;5548,332;5552,316;5557,316;5561,320;5565,332;5570,302;5574,328;5578,298;5583,326;5587,330;5591,314;5596,326;5600,324;5604,336;5609,322;5613,326;5617,310;5622,324;5626,308;5631,334;5635,326;5639,324;5644,322;5648,308;5652,320;5657,304;5661,336;5665,306;5670,332;5674,302;5678,330;5683,314;5687,320;5691,330;5696,316;5700,328;5705,324;5709,326;5713,302;5718,330;5722,300;5726,326;5731,298;5735,316;5739,328;5744,312;5748,324;5752,310;5757,322;5761,314;5765,324;5770,310;5774,336;5779,306;5783,312;5787,338;5792,324;5796,336;5800,320;5805,332;5809,310;5813,322;5818,306;5822,334;5826,302;5831,330;5835,334;5839,318;5844,318;5848,316;5853,328;5857,320;5861,330;5866,316;5870,328;5874,312;5879,340;5883,318;5887,314;5892,328;5896,326;5900,324;5905,300;5909,314;5913,298;5918,322;5922,308;5927,336;5931,326;5935,324;5940,324;5944,308;5948,320;5953,306;5957,324;5961,308;5966,320;5970,304;5974,332;5979,316;5983,322;5987,332;5992,318;5996,330;6001,314;6005,326;6009,318;6014,316;6018,314;6022,326;6027,310;6031,316;6035,328;6040,314;6044,324;6048,308;6053,322;6057,312;6062,338;6066,308;6070,322;6075,306;6079,324;6083,322;6088,322;6092,320;6096,318;6101,330;6105,306;6109,320;6114,302;6118,316;6122,300;6127,326;6131,330;6136,314;6140,326;6144,310;6149,322;6153,312;6157,326;6162,310;6166,322;6170,306;6175,332;6179,336;6183,320;6188,334;6192,318;6197,330;6201,306;6205,320;6210,318;6214,328;6218,312;6223,326;6227,328;6231,314;6236,326;6240,310;6244,322;6249,306;6253,338;6257,308;6262,336;6266,306;6271,332;6275,322;6279,322;6284,334;6288,318;6292,330;6297,316;6301,320;6305,302;6310,330;6314,300;6318,326;6323,312;6327,318;6331,330;6336,314;6340,326;6345,310;6349,322;6353,314;6358,326;6362,310;6366,324;6371,306;6375,312;6379,324;6384,308;6388,334;6392,320;6397,332;6401,294;6405,308;6410,290;6414,304;6419,288;6423,306;6427,320;6432,304;6436,316;6440,300;6445,314;6449,290;6453,302;6458,286;6462,314;6466,282;6471,288;6475,302;6479,284;6484,312;6488,296;6493,308;6497,284;6501,298;6506,294;6510,308;6514,292;6519,306;6523,324;6527,308;6532,320;6536,290;6540,304;6545,280;6549,320;6553,292;6558,316;6562,288;6567,314;6571,304;6575,288;6580,300;6584,286;6588,312;6593,296;6597,314;6601,286;6606,298;6610,282;6614,308;6619,294;6623,298;6628,310;6632,294;6636,308;6641,292;6645,310;6649,280;6654,308;6658,276;6662,304;6667,286;6671,292;6675,304;6680,302;6684,314;6688,300;6693,304;6697,288;6702,300;6706,284;6710,310;6715,280;6719,300;6723,312;6728,310;6732,308;6736,292;6741,306;6745,282;6749,308;6754,280;6758,292;6763,288;6767,266;6771,292;6776,276;6780,290;6784,274;6789,300;6793,262;6797,274;6802,258;6806,270;6810,254;6815,274;6819,288;6823,270;6828,282;6832,268;6837,294;6841,256;6845,282;6850,254;6854,266;6858,250;6863,276;6867,282;6871,264;6876,290;6880,276;6884,288;6889,250;6893,276;6897,260;6902,274;6906,258;6911,284;6915,274;6919,258;6924,284;6928,256;6932,282;6937,258;6941,272;6945,268;6950,282;6954,266;6958,266;6963,284;6967,268;6971,282;6976,266;6980,278;6985,234;6989,280;6993,266;6998,278;7002,248;7006,276;7011,246;7015,252;7019,278;7024,232;7028,288;7032,286;7037,278;7041,248;7045,274;7050,258;7054,286;7059,256;7063,246;7067,274;7072,256;7076,284;7080,254;7085,272;7089,242;7093,270;7098,254;7102,266;7106,250;7111,270;7115,268;7120,238;7124,280;7128,278;7133,290;7137,266;7141,278;7146,262;7150,274;7154,260;7159,250;7163,276;7167,260;7172,286;7176,256;7180,284;7185,246;7189,272;7194,244;7198,270;) of size 460\r\nSTEPPER: Moving to mstep: 5200 with speed [msteps/sec]: 4000 in SpreadCycle.\r\n'), 14:07:49
bytearray(b'STEPPER: Moved 2000.00 msteps (ramp: 35%) in 699.764 ms -> average speed [msteps/sec]: 2858.11\r\nSTEPPER: Moving to mstep: 7200 with speed [msteps/sec]: 1000 in StealthChop.\r\n'), 14:07:50
bytearray(b'STEPPER: Estimate 10: [msteps] 6780\r\nSTEPPER: buffer (5200,286;5204,318;5208,316;5213,330;5217,304;5221,330;5226,302;5230,328;5234,298;5239,326;5243,330;5247,314;5252,326;5256,312;5260,326;5265,302;5269,328;5274,312;5278,340;5282,310;5287,322;5291,328;5295,326;5300,326;5304,324;5308,322;5313,322;5317,326;5321,312;5326,324;5330,294;5334,322;5339,306;5343,312;5348,326;5352,310;5356,322;5361,308;5365,326;5369,298;5374,324;5378,308;5382,322;5387,306;5391,312;5395,338;5400,322;5404,336;5409,320;5413,334;5417,310;5422,322;5426,306;5430,334;5435,304;5439,322;5443,322;5448,320;5452,334;5456,304;5461,316;5465,308;5469,334;5474,304;5478,330;5483,316;5487,320;5491,320;5496,318;5500,332;5504,316;5509,328;5513,306;5517,334;5522,302;5526,330;5530,314;5535,328;5539,318;5543,316;5548,328;5552,312;5557,326;5561,318;5565,328;5570,312;5574,326;5578,310;5583,336;5587,342;5591,312;5596,324;5600,324;5604,322;5609,320;5613,326;5617,296;5622,322;5626,306;5631,320;5635,324;5639,308;5644,322;5648,306;5652,320;5657,304;5661,338;5665,306;5670,334;5674,318;5678,330;5683,300;5687,320;5691,318;5696,316;5700,330;5705,314;5709,326;5713,302;5718,328;5722,312;5726,326;5731,310;5735,328;5739,326;5744,310;5748,324;5752,320;5757,320;5761,312;5765,324;5770,308;5774,334;5779,306;5783,310;5787,336;5792,322;5796,334;5800,318;5805,332;5809,308;5813,320;5818,304;5822,330;5826,302;5831,328;5835,318;5840,316;5844,330;5848,314;5853,326;5857,304;5861,330;5866,302;5870,328;5874,312;5879,326;5883,330;5887,314;5892,328;5896,312;5900,324;5905,302;5909,330;5914,300;5918,326;5922,312;5927,324;5931,330;5935,316;5940,328;5944,326;5948,324;5953,310;5957,342;5961,314;5966,326;5970,310;5974,324;5979,310;5983,314;5988,326;5992,312;5996,324;6001,322;6005,326;6009,298;6014,324;6018,308;6022,336;6027,306;6031,310;6035,322;6040,306;6044,320;6048,318;6053,330;6057,308;6062,334;6066,318;6070,330;6075,300;6079,320;6083,320;6088,318;6092,330;6096,328;6101,328;6105,302;6109,330;6114,300;6118,326;6122,310;6127,316;6131,328;6136,312;6140,326;6144,310;6149,322;6153,312;6157,326;6162,310;6166,324;6170,308;6175,334;6179,326;6183,310;6188,322;6192,306;6196,334;6201,310;6205,322;6210,306;6214,322;6218,304;6223,318;6227,322;6231,320;6236,320;6240,318;6244,316;6249,314;6253,334;6257,304;6262,318;6266,302;6270,328;6275,312;6279,318;6284,318;6288,316;6292,328;6297,314;6301,318;6305,302;6310,330;6314,300;6318,326;6323,298;6327,316;6331,328;6336,314;6340,326;6345,310;6349,322;6353,314;6358,326;6362,310;6366,324;6371,308;6375,326;6379,324;6384,310;6388,322;6392,306;6397,320;6401,296;6405,310;6410,294;6414,306;6419,290;6423,310;6427,308;6432,306;6436,306;6440,304;6445,316;6449,278;6453,306;6458,276;6462,304;6466,288;6471,314;6475,306;6479,290;6484,304;6488,288;6493,314;6497,292;6501,304;6506,288;6510,302;6514,286;6519,314;6523,306;6527,304;6532,316;6536,286;6540,314;6545,292;6549,304;6554,290;6558,316;6562,286;6567,300;6571,304;6575,304;6580,314;6584,286;6588,312;6593,298;6597,302;6601,286;6606,298;6610,284;6614,298;6619,282;6623,302;6628,314;6632,298;6636,310;6641,294;6645,314;6649,284;6654,312;6658,282;6662,308;6667,294;6671,284;6675,312;6680,282;6684,308;6688,294;6693,306;6697,298;6702,310;6706,280;6710,308;6715,292;6719,296;6723,310;6728,308;6732,308;6736,306;6741,304;6745,296;6749,296;6754,280;6758,292;6762,276;6767,282;6771,294;6776,278;6780,292;6784,262;6789,290;6793,266;6797,278;6802,262;6806,276;6810,274;6815,280;6819,292;6823,276;6828,290;6832,274;6836,274;6841,264;6845,278;6850,262;6854,288;6858,260;6863,286;6867,290;6871,262;6876,274;6880,244;6884,270;6889,262;6893,274;6897,260;6902,286;6906,256;6910,268;6915,288;6919,272;6924,284;6928,256;6932,268;6937,266;6941,286;6945,256;6950,268;6954,268;6958,280;6963,270;6967,270;6971,282;6976,268;6980,280;6985,250;6989,284;6993,268;6998,280;7002,252;7006,278;7011,250;7015,268;7019,280;7024,252;7028,278;7032,234;7037,282;7041,266;7045,280;7050,250;7054,278;7059,248;7063,238;7067,280;7072,278;7076,290;7080,276;7085,274;7089,266;7093,264;7098,248;7102,274;7106,258;7111,250;7115,276;7119,232;7124,288;7128,272;7133,286;7137,262;7141,276;7146,258;7150,270;7154,270;7159,260;7163,286;7167,272;7172,284;7176,228;7180,282;7185,272;7189,286;7194,270;7198,282;) of size 460\r\nSTEPPER: Final estimate: [mstep] 6766\r\nFound dispense position: [\xc2\xb5m] 33810\r\nreturn;find;6762\r\n\xef\xbf\xbdreceived from UR: find -> find (0,1)\r\nSTEPPER: Moving to mstep: 5200 with speed [msteps/sec]: 4000 in SpreadCycle.\r\n'), 14:07:52
bytearray(b'STEPPER: Moved 2000.00 msteps (ramp: 35%) in 699.756 ms -> average speed [msteps/sec]: 2858.14\r\nSTEPPER: Moving to mstep: 7200 with speed [msteps/sec]: 1000 in StealthChop.\r\n'), 14:07:53
bytearray(b'STEPPER: Estimate 1: [msteps] 6741\r\nSTEPPER: buffer (5200,282;5204,328;5208,314;5213,326;5217,302;5221,314;5226,298;5230,326;5234,294;5239,336;5243,326;5247,308;5252,322;5256,306;5260,320;5265,296;5269,336;5274,292;5278,332;5282,302;5287,316;5291,320;5295,318;5300,330;5304,314;5308,328;5313,326;5317,330;5321,300;5326,326;5330,312;5334,324;5339,308;5343,312;5348,324;5352,310;5356,322;5361,320;5365,324;5369,310;5374,322;5378,306;5382,332;5387,304;5391,308;5395,334;5400,320;5404,332;5409,318;5413,330;5417,308;5422,334;5426,304;5430,318;5435,302;5439,308;5443,334;5448,304;5452,318;5456,304;5461,328;5465,320;5469,332;5474,302;5478,330;5483,300;5487,318;5491,330;5496,316;5500,328;5504,328;5509,324;5513,302;5517,328;5522,298;5526,326;5530,310;5535,336;5539,326;5543,310;5548,324;5552,292;5557,320;5561,310;5565,322;5570,320;5574,334;5578,318;5583,330;5587,334;5591,318;5596,330;5600,316;5604,328;5609,312;5613,330;5617,316;5622,328;5626,298;5631,324;5635,310;5639,314;5644,326;5648,310;5652,324;5657,308;5661,328;5665,310;5670,338;5674,308;5678,336;5683,306;5687,324;5691,322;5696,322;5700,336;5705,320;5709,322;5713,306;5718,320;5722,304;5726,330;5731,314;5735,306;5739,332;5744,316;5748,328;5752,314;5757,326;5761,304;5765,330;5770,300;5774,326;5779,310;5783,314;5787,328;5792,312;5796,338;5800,320;5805,334;5809,296;5813,322;5818,306;5822,318;5826,304;5831,330;5835,320;5840,320;5844,318;5848,302;5853,328;5857,318;5861,332;5866,316;5870,328;5874,300;5879,326;5883,330;5887,314;5892,328;5896,312;5900,324;5905,300;5909,326;5914,296;5918,322;5922,306;5927,320;5931,324;5935,322;5940,320;5944,320;5948,330;5953,316;5957,334;5961,304;5966,330;5970,316;5974,328;5979,298;5983,316;5988,330;5992,312;5996,326;6001,310;6005,328;6009,298;6014,324;6018,306;6022,320;6027,304;6031,324;6035,322;6040,320;6044,332;6049,316;6053,328;6057,304;6062,332;6066,302;6070,328;6075,312;6079,316;6083,328;6088,314;6092,326;6096,324;6101,322;6105,312;6109,326;6114,296;6118,336;6123,306;6127,310;6131,322;6136,322;6140,320;6144,318;6149,330;6153,306;6157,318;6162,304;6166,328;6170,314;6175,326;6179,332;6183,316;6188,328;6192,312;6197,338;6201,302;6205,328;6210,298;6214,326;6218,296;6223,322;6227,326;6231,310;6236,324;6240,322;6244,334;6249,318;6253,338;6257,308;6262,334;6266,304;6271,332;6275,316;6279,306;6284,332;6288,316;6292,328;6297,314;6301,318;6305,302;6310,330;6314,314;6318,326;6323,296;6327,316;6331,330;6336,314;6340,326;6345,310;6349,324;6353,314;6358,326;6362,310;6366,324;6371,308;6375,312;6379,324;6384,308;6388,320;6392,304;6397,330;6401,308;6405,320;6410,290;6414,316;6419,300;6423,292;6427,318;6432,302;6436,314;6440,298;6445,312;6449,302;6453,314;6458,298;6462,312;6466,294;6471,300;6475,312;6480,298;6484,310;6488,306;6493,320;6497,282;6501,308;6506,292;6510,306;6514,290;6519,316;6523,306;6527,292;6532,304;6536,302;6540,314;6545,290;6549,302;6554,286;6558,312;6562,296;6567,310;6571,300;6575,298;6580,310;6584,282;6588,308;6593,286;6597,310;6601,282;6606,308;6610,278;6614,304;6619,290;6623,294;6628,306;6632,292;6636,318;6641,302;6645,306;6649,290;6654,316;6658,302;6662,314;6667,284;6671,302;6675,316;6680,300;6684,312;6688,296;6693,316;6697,286;6702,312;6706,298;6710,310;6715,294;6719,298;6723,312;6728,296;6732,308;6736,294;6741,304;6745,282;6749,294;6754,278;6758,292;6762,290;6767,266;6771,292;6776,278;6780,290;6784,274;6789,286;6793,264;6797,276;6802,260;6806,286;6810,258;6815,248;6819,274;6823,260;6828,286;6832,270;6836,284;6841,246;6845,286;6850,258;6854,270;6858,254;6863,282;6867,274;6871,242;6876,284;6880,270;6884,282;6889,258;6893,286;6897,256;6902,282;6906,266;6911,230;6915,284;6919,282;6924,296;6928,280;6932,280;6937,250;6941,284;6945,268;6950,296;6954,266;6958,264;6963,284;6967,268;6971,280;6976,236;6980,278;6985,276;6989,268;6993,252;6998,278;7002,260;7006,288;7011,246;7015,264;7019,278;7024,232;7028,288;7032,288;7037,278;7041,248;7046,262;7050,232;7054,286;7059,272;7063,262;7067,274;7072,244;7076,286;7080,272;7085,276;7089,248;7093,274;7098,258;7102,270;7106,254;7111,274;7115,286;7120,270;7124,298;7128,254;7133,280;7137,256;7141,270;7146,254;7150,280;7154,266;7159,228;7163,284;7167,268;7172,280;7176,264;7180,278;7185,254;7189,266;7194,250;7198,278;) of size 460\r\nSTEPPER: Moving to mstep: 5200 with speed [msteps/sec]: 4000 in SpreadCycle.\r\n'), 14:07:55
bytearray(b'STEPPER: Moved 2000.00 msteps (ramp: 35%) in 699.756 ms -> average speed [msteps/sec]: 2858.14\r\nSTEPPER: Moving to mstep: 7200 with speed [msteps/sec]: 1000 in StealthChop.\r\n'), 14:07:56
bytearray(b'STEPPER: Estimate 2: [msteps] 6780\r\nSTEPPER: buffer (5200,290;5204,322;5208,308;5213,320;5217,298;5221,324;5226,308;5230,336;5234,306;5239,334;5243,324;5247,308;5252,334;5256,320;5260,318;5265,316;5269,320;5274,306;5278,332;5282,302;5287,328;5291,322;5295,318;5300,330;5304,316;5308,328;5313,312;5317,332;5321,302;5326,328;5330,312;5334,326;5339,310;5343,316;5348,328;5352,312;5356,324;5361,322;5365,328;5369,312;5374,326;5378,310;5382,322;5387,308;5391,326;5395,324;5400,324;5404,336;5408,306;5413,332;5417,294;5422,320;5426,304;5430,332;5435,302;5439,306;5443,318;5448,302;5452,328;5456,312;5461,326;5465,302;5469,342;5474,298;5478,324;5482,308;5487,320;5491,326;5496,310;5500,322;5504,320;5509,320;5513,294;5517,322;5522,306;5526,332;5530,302;5535,328;5539,320;5543,318;5548,316;5552,316;5557,326;5561,304;5565,316;5570,314;5574,326;5578,310;5583,322;5587,328;5591,312;5596,324;5600,308;5604,334;5609,318;5613,324;5617,306;5622,332;5626,302;5631,328;5635,314;5639,316;5644,330;5648,314;5652,326;5657,324;5661,328;5665,298;5670,326;5674,310;5678,322;5683,306;5687,310;5691,324;5696,322;5700,334;5705,318;5709,324;5713,308;5718,334;5722,304;5726,330;5731,302;5735,320;5739,320;5744,316;5748,316;5752,314;5757,326;5761,318;5765,316;5770,314;5774,326;5779,310;5783,316;5787,328;5792,312;5796,324;5800,322;5805,336;5809,312;5813,324;5818,294;5822,320;5826,304;5831,330;5835,322;5839,306;5844,318;5848,302;5853,328;5857,318;5861,332;5866,300;5870,342;5874,298;5879,338;5883,330;5887,328;5892,326;5896,326;5900,324;5905,320;5909,326;5913,296;5918,336;5922,308;5927,318;5931,324;5935,322;5940,334;5944,318;5948,316;5953,314;5957,334;5961,318;5966,330;5970,300;5974,326;5979,296;5983,316;5987,342;5992,312;5996,324;6001,322;6005,326;6009,312;6014,324;6018,308;6022,334;6027,304;6031,322;6035,320;6040,306;6044,318;6048,302;6053,328;6057,304;6062,330;6066,314;6070,328;6075,310;6079,316;6083,328;6088,312;6092,324;6096,322;6101,334;6105,310;6109,322;6114,294;6118,320;6122,304;6127,318;6131,334;6136,320;6140,320;6144,316;6149,314;6153,304;6157,316;6162,314;6166,326;6170,312;6175,338;6179,328;6183,312;6188,324;6192,308;6197,332;6201,310;6205,324;6210,308;6214,334;6218,304;6223,318;6227,322;6231,306;6236,318;6240,316;6244,328;6249,312;6253,332;6257,302;6262,342;6266,298;6271,340;6275,316;6279,312;6284,324;6288,310;6292,322;6297,320;6301,324;6305,310;6310,336;6314,306;6318,318;6323,302;6327,308;6331,320;6336,318;6340,318;6345,314;6349,320;6353,304;6358,330;6362,314;6366,340;6371,310;6375,316;6379,328;6384,298;6388,324;6392,308;6397,322;6401,284;6405,310;6410,294;6414,320;6419,290;6423,308;6427,308;6432,306;6436,318;6440,302;6445,314;6449,290;6453,306;6458,302;6462,328;6466,298;6471,312;6475,302;6479,286;6484,298;6488,298;6493,310;6497,286;6501,298;6506,282;6510,296;6514,294;6519,306;6523,310;6527,310;6532,308;6536,306;6540,318;6545,294;6549,306;6553,290;6558,304;6562,288;6567,300;6571,320;6575,304;6580,316;6584,286;6588,312;6593,284;6597,316;6601,286;6606,300;6610,284;6614,310;6619,294;6623,286;6627,312;6632,296;6636,308;6641,292;6645,310;6649,294;6654,306;6658,290;6662,304;6667,290;6671,266;6675,306;6680,304;6684,302;6688,300;6693,304;6697,290;6702,302;6706,286;6710,312;6715,296;6719,286;6723,312;6728,298;6732,310;6736,294;6741,306;6745,280;6749,294;6754,292;6758,306;6762,278;6767,280;6771,294;6776,278;6780,290;6784,246;6789,288;6793,264;6797,276;6802,260;6806,288;6810,258;6815,234;6819,288;6823,274;6828,286;6832,270;6836,282;6841,258;6845,284;6850,256;6854,282;6858,266;6863,242;6867,282;6871,282;6876,294;6880,264;6884,276;6889,266;6893,280;6897,264;6902,276;6906,260;6911,274;6915,276;6919,246;6924,288;6928,286;6932,286;6937,270;6941,274;6945,258;6950,270;6954,254;6958,282;6963,286;6967,270;6971,282;6976,240;6980,280;6985,264;6989,284;6993,266;6998,266;7002,278;7006,278;7011,262;7015,252;7019,264;7024,234;7028,288;7032,288;7037,276;7041,248;7045,274;7050,244;7054,284;7059,254;7063,274;7067,286;7072,270;7076,270;7080,254;7085,280;7089,256;7093,282;7098,266;7102,280;7106,250;7111,268;7115,280;7119,238;7124,290;7128,276;7133,288;7137,250;7141,276;7146,246;7150,272;7154,258;7159,262;7163,288;7167,272;7172,272;7176,256;7180,280;7185,258;7189,272;7194,254;7198,268;) of size 460\r\nSTEPPER: Moving to mstep: 5200 with speed [msteps/sec]: 4000 in SpreadCycle.\r\n'), 14:07:58
bytearray(b'STEPPER: Moved 2000.00 msteps (ramp: 35%) in 699.756 ms -> average speed [msteps/sec]: 2858.14\r\nSTEPPER: Moving to mstep: 7200 with speed [msteps/sec]: 1000 in StealthChop.\r\n'), 14:07:59
bytearray(b'STEPPER: Estimate 3: [msteps] 6780\r\nSTEPPER: buffer (5200,286;5204,318;5208,290;5213,330;5217,294;5221,320;5226,304;5230,330;5234,316;5239,330;5243,320;5247,318;5252,330;5256,314;5260,326;5265,304;5269,330;5274,314;5278,328;5282,310;5287,324;5291,316;5295,314;5300,326;5304,312;5308,324;5313,324;5317,328;5321,312;5326,326;5330,310;5334,324;5339,308;5343,314;5348,326;5352,310;5356,324;5361,322;5365,326;5369,312;5374,324;5378,294;5382,320;5387,306;5391,312;5395,338;5400,322;5404,322;5409,318;5413,332;5417,308;5422,336;5426,306;5430,332;5435,304;5439,322;5443,322;5448,320;5452,320;5456,316;5461,328;5465,306;5469,332;5474,302;5478,330;5483,314;5487,318;5491,330;5496,316;5500,328;5504,326;5509,324;5513,300;5517,328;5522,298;5526,326;5530,310;5535,322;5539,314;5543,312;5548,324;5552,310;5557,322;5561,312;5565,326;5570,310;5574,324;5578,308;5583,334;5587,326;5591,324;5596,324;5600,322;5604,334;5609,318;5613,324;5617,294;5622,320;5626,304;5631,332;5635,322;5639,320;5644,320;5648,304;5652,330;5657,314;5661,320;5665,304;5670,330;5674,314;5678,330;5683,298;5687,316;5691,328;5696,328;5700,326;5705,324;5709,322;5713,298;5718,326;5722,310;5726,338;5731,310;5735,314;5739,326;5744,310;5748,324;5752,310;5757,334;5761,312;5765,324;5770,308;5774,336;5779,306;5783,312;5787,324;5792,322;5796,336;5800,320;5805,332;5809,310;5813,336;5818,308;5822,334;5826,304;5831,332;5835,322;5840,308;5844,320;5848,318;5853,316;5857,308;5861,334;5866,304;5870,332;5874,302;5879,330;5883,320;5887,318;5892,318;5896,316;5900,326;5905,304;5909,332;5914,302;5918,328;5922,312;5927,326;5931,316;5935,314;5940,326;5944,312;5948,324;5953,308;5957,328;5961,312;5966,340;5970,308;5975,322;5979,306;5983,310;5988,336;5992,322;5996,334;6001,318;6005,336;6009,306;6014,320;6018,304;6022,330;6027,300;6031,320;6035,332;6040,316;6044,330;6049,314;6053,326;6057,302;6062,330;6066,314;6070,342;6075,312;6079,316;6083,330;6088,330;6092,326;6096,324;6101,324;6105,314;6109,328;6114,296;6118,324;6123,308;6127,312;6131,326;6136,310;6140,336;6144,322;6149,320;6153,310;6157,324;6162,308;6166,320;6170,304;6175,332;6179,322;6183,306;6188,332;6192,318;6197,344;6201,292;6205,320;6210,304;6214,330;6218,300;6223,314;6227,332;6231,316;6236,330;6240,314;6244,324;6249,310;6253,330;6257,300;6262,326;6266,310;6271,338;6275,308;6279,312;6284,326;6288,312;6292,322;6297,320;6301,326;6305,310;6310,322;6314,292;6318,320;6323,304;6327,324;6331,322;6336,306;6340,320;6345,318;6349,324;6353,306;6358,320;6362,304;6366,332;6371,316;6375,306;6379,334;6384,318;6388,330;6392,314;6397,328;6401,290;6406,330;6410,300;6414,314;6419,284;6423,302;6427,316;6432,300;6436,312;6440,296;6445,310;6449,300;6453,312;6458,284;6462,308;6466,294;6471,300;6475,312;6480,296;6484,296;6488,294;6493,306;6497,282;6501,310;6506,294;6510,306;6514,292;6519,304;6523,308;6527,294;6532,306;6536,290;6540,318;6545,294;6549,306;6554,290;6558,304;6562,288;6567,316;6571,320;6575,292;6580,304;6584,288;6588,314;6593,278;6597,306;6601,288;6606,304;6610,288;6615,300;6619,286;6623,276;6628,302;6632,300;6636,300;6641,298;6645,318;6649,290;6654,316;6658,286;6662,312;6667,284;6671,288;6675,302;6680,286;6684,312;6689,298;6693,316;6697,288;6702,314;6706,284;6710,312;6715,296;6719,288;6723,314;6728,298;6732,312;6736,282;6741,310;6745,286;6749,300;6754,284;6758,296;6763,282;6767,286;6771,300;6776,284;6780,296;6784,268;6789,294;6793,256;6797,282;6802,268;6806,280;6810,264;6815,270;6819,296;6823,266;6828,280;6832,264;6837,290;6841,268;6845,280;6850,264;6854,278;6858,262;6863,266;6867,292;6871,264;6876,276;6880,232;6884,284;6889,264;6893,276;6897,260;6902,274;6906,260;6911,234;6915,288;6919,288;6924,286;6928,270;6932,284;6937,260;6941,272;6945,270;6950,284;6954,268;6958,268;6963,286;6967,242;6972,270;6976,254;6980,280;6985,250;6989,270;6993,254;6998,282;7002,252;7006,264;7011,248;7015,268;7019,280;7024,236;7028,292;7032,278;7037,282;7041,252;7046,280;7050,250;7054,264;7059,262;7063,280;7067,280;7072,264;7076,290;7080,260;7085,280;7089,264;7093,278;7098,262;7102,276;7106,260;7111,252;7115,278;7120,276;7124,290;7128,260;7133,272;7137,264;7141,276;7146,260;7150,274;7154,258;7159,250;7163,276;7167,274;7172,286;7176,244;7180,270;7185,262;7189,288;7194,258;7198,270;) of size 460\r\nSTEPPER: Moving to mstep: 5200 with speed [msteps/sec]: 4000 in SpreadCycle.\r\n'), 14:08:02
bytearray(b'STEPPER: Moved 2000.00 msteps (ramp: 35%) in 699.756 ms -> average speed [msteps/sec]: 2858.14\r\nSTEPPER: Moving to mstep: 7200 with speed [msteps/sec]: 1000 in StealthChop.\r\n'), 14:08:02
bytearray(b'STEPPER: Estimate 4: [msteps] 6780\r\nSTEPPER: buffer (5200,292;5204,312;5208,312;5213,324;5217,300;5221,326;5226,310;5230,324;5234,308;5239,336;5243,326;5247,312;5252,324;5256,308;5260,320;5265,306;5269,326;5274,310;5278,322;5282,308;5287,334;5291,326;5295,312;5300,324;5304,322;5308,322;5313,320;5317,326;5321,296;5326,324;5330,308;5334,322;5339,306;5343,312;5348,326;5352,310;5356,322;5361,306;5365,326;5369,310;5374,324;5378,308;5382,320;5387,306;5391,310;5395,324;5400,308;5404,322;5408,306;5413,334;5417,296;5422,322;5426,308;5430,334;5435,304;5439,312;5443,322;5448,308;5452,320;5456,320;5461,318;5465,308;5469,322;5474,306;5478,332;5482,302;5487,318;5491,334;5496,318;5500,318;5504,316;5509,330;5513,306;5517,332;5522,304;5526,318;5530,302;5535,328;5539,320;5543,318;5548,330;5552,316;5556,328;5561,306;5565,332;5570,304;5574,316;5578,302;5583,328;5587,334;5591,318;5596,332;5600,316;5604,330;5609,314;5613,320;5617,304;5622,318;5626,302;5630,330;5635,300;5639,320;5644,320;5648,304;5652,316;5657,316;5661,336;5665,290;5670,318;5674,304;5678,316;5683,302;5687,320;5691,334;5696,320;5700,332;5705,318;5709,316;5713,306;5718,334;5722,304;5726,318;5731,302;5735,308;5739,320;5744,320;5748,332;5752,318;5757,318;5761,308;5765,334;5770,306;5774,320;5779,302;5783,322;5787,322;5792,320;5796,332;5800,318;5805,332;5809,308;5813,322;5818,306;5822,334;5826,304;5831,316;5835,322;5840,322;5844,334;5848,318;5853,332;5857,294;5861,322;5866,306;5870,334;5874,304;5879,332;5883,336;5887,322;5892,320;5896,318;5900,318;5905,318;5909,336;5914,306;5918,318;5922,304;5927,318;5931,302;5935,320;5940,320;5944,318;5948,318;5953,316;5957,336;5961,306;5966,320;5970,318;5974,330;5979,302;5983,308;5988,320;5992,318;5996,332;6001,316;6005,320;6009,306;6014,332;6018,304;6022,330;6027,302;6031,320;6035,320;6040,318;6044,330;6048,316;6053,328;6057,320;6062,334;6066,302;6070,330;6075,312;6079,320;6083,320;6088,316;6092,330;6096,328;6101,328;6105,304;6109,316;6114,302;6118,330;6122,312;6127,326;6131,318;6136,316;6140,328;6144,312;6149,326;6153,316;6157,330;6162,314;6166,312;6170,312;6175,326;6179,330;6183,312;6188,326;6192,310;6196,338;6201,300;6205,314;6210,298;6214,324;6218,296;6223,320;6227,326;6231,312;6236,324;6240,310;6244,322;6249,308;6253,326;6257,296;6262,338;6266,308;6270,336;6275,306;6279,310;6284,322;6288,306;6292,320;6297,318;6301,338;6305,308;6310,322;6314,306;6318,332;6323,304;6327,310;6331,322;6336,322;6340,320;6345,318;6349,318;6353,324;6358,322;6362,308;6366,334;6371,306;6375,310;6379,324;6384,308;6388,334;6392,306;6397,320;6401,296;6405,308;6410,294;6414,306;6419,290;6423,310;6427,324;6432,308;6436,308;6440,306;6445,320;6449,282;6453,308;6458,280;6462,322;6466,292;6471,298;6475,310;6479,294;6484,308;6488,306;6493,306;6497,282;6501,306;6506,294;6510,306;6514,292;6519,306;6523,310;6527,296;6532,308;6536,292;6540,306;6545,296;6549,310;6553,294;6558,308;6562,292;6567,306;6571,312;6575,296;6580,308;6584,294;6588,306;6593,290;6597,310;6601,280;6606,308;6610,292;6614,304;6619,288;6623,294;6628,308;6632,292;6636,304;6641,302;6645,322;6649,292;6654,320;6658,290;6662,318;6667,302;6671,292;6675,306;6680,292;6684,304;6688,302;6693,302;6697,292;6702,304;6706,290;6710,316;6715,286;6719,292;6723,304;6728,290;6732,302;6736,286;6741,312;6745,276;6749,302;6754,272;6758,286;6762,284;6767,276;6771,302;6776,286;6780,300;6784,270;6789,298;6793,246;6797,274;6802,258;6806,286;6810,256;6815,262;6819,288;6823,260;6828,272;6832,256;6837,284;6841,260;6845,272;6850,244;6854,270;6858,256;6863,282;6867,276;6871,260;6876,272;6880,270;6884,284;6889,260;6893,288;6897,272;6902,272;6906,256;6911,284;6915,274;6919,274;6924,286;6928,230;6932,284;6937,260;6941,274;6945,258;6950,286;6954,258;6958,270;6963,276;6967,260;6971,288;6976,258;6980,286;6985,256;6989,276;6993,260;6998,272;7002,258;7006,284;7011,268;7015,274;7019,288;7024,272;7028,286;7032,256;7037,274;7041,246;7046,272;7050,256;7054,270;7059,254;7063,246;7067,274;7072,244;7076,272;7080,256;7085,284;7089,260;7093,274;7098,258;7102,272;7106,256;7111,232;7115,288;7120,288;7124,286;7128,256;7133,284;7137,246;7141,260;7146,258;7150,284;7154,256;7159,248;7163,276;7167,258;7172,272;7176,256;7180,284;7185,260;7189,286;7194,258;7198,284;) of size 460\r\nSTEPPER: Moving to mstep: 5200 with speed [msteps/sec]: 4000 in SpreadCycle.\r\n'), 14:08:05
bytearray(b'STEPPER: Moved 2000.00 msteps (ramp: 35%) in 699.756 ms -> average speed [msteps/sec]: 2858.14\r\nSTEPPER: Moving to mstep: 7200 with speed [msteps/sec]: 1000 in StealthChop.\r\n'), 14:08:06
bytearray(b'STEPPER: Estimate 5: [msteps] 6749\r\nSTEPPER: buffer (5200,284;5204,328;5208,312;5213,326;5217,302;5221,316;5226,300;5230,326;5234,310;5239,338;5243,316;5247,300;5252,314;5256,312;5260,324;5265,310;5269,328;5274,300;5278,326;5282,312;5287,324;5291,316;5295,314;5300,326;5304,312;5308,326;5313,310;5317,316;5321,300;5326,326;5330,312;5334,326;5339,310;5343,302;5348,314;5352,314;5356,326;5361,310;5365,316;5369,302;5374,328;5378,314;5382,326;5387,312;5391,302;5395,330;5400,314;5404,328;5408,312;5413,326;5417,302;5422,316;5426,314;5430,342;5435,312;5439,304;5443,318;5448,316;5452,330;5456,302;5461,328;5465,304;5469,332;5474,318;5478,330;5482,316;5487,306;5491,320;5496,318;5500,332;5504,316;5509,330;5513,306;5517,320;5522,306;5526,332;5530,316;5535,316;5539,320;5543,320;5548,332;5552,318;5556,330;5561,308;5565,334;5570,320;5574,332;5578,318;5583,316;5587,322;5591,308;5596,334;5600,306;5604,332;5609,316;5613,322;5617,308;5622,334;5626,318;5630,330;5635,302;5639,308;5644,320;5648,306;5652,318;5657,304;5661,336;5665,308;5670,334;5674,318;5678,318;5683,302;5687,322;5691,334;5696,320;5700,332;5705,318;5709,316;5713,308;5718,336;5722,306;5726,318;5731,304;5735,310;5739,322;5744,306;5748,320;5752,304;5757,316;5761,322;5765,334;5770,318;5774,318;5779,302;5783,320;5787,334;5792,306;5796,332;5800,316;5805,328;5809,306;5813,332;5818,316;5822,316;5826,298;5831,340;5835,330;5839,316;5844,328;5848,312;5853,326;5857,316;5861,344;5866,314;5870,326;5874,310;5879,324;5883,330;5887,314;5892,326;5896,312;5900,324;5905,310;5909,328;5913,312;5918,326;5922,310;5927,324;5931,308;5935,312;5940,326;5944,310;5948,324;5953,308;5957,328;5961,314;5966,326;5970,310;5974,324;5979,308;5983,314;5987,326;5992,310;5996,324;6001,310;6005,328;6009,312;6014,326;6018,298;6022,324;6027,308;6031,314;6035,326;6040,312;6044,324;6048,310;6053,322;6057,312;6061,326;6066,310;6070,324;6075,308;6079,314;6083,326;6088,312;6092,326;6096,324;6101,324;6105,314;6109,328;6114,298;6118,326;6122,298;6127,324;6131,328;6135,314;6140,326;6144,312;6149,324;6153,302;6157,328;6162,314;6166,328;6170,312;6175,324;6179,330;6183,314;6188,328;6192,312;6196,324;6201,302;6205,314;6210,314;6214,326;6218,312;6223,324;6227,328;6231,314;6236,328;6240,312;6244,324;6249,310;6253,328;6257,312;6262,340;6266,310;6271,322;6275,308;6279,312;6284,326;6288,310;6292,324;6297,308;6301,326;6305,310;6310,338;6314,308;6318,322;6323,306;6327,310;6331,324;6336,308;6340,322;6345,306;6349,320;6353,324;6358,338;6362,322;6366,322;6371,306;6375,310;6379,324;6384,308;6388,320;6392,306;6397,318;6401,310;6405,322;6410,306;6414,306;6419,290;6423,296;6427,308;6432,292;6436,306;6440,290;6445,304;6449,294;6453,322;6458,292;6462,318;6466,290;6471,316;6475,308;6479,292;6484,306;6488,290;6493,304;6497,294;6501,308;6506,294;6510,306;6514,290;6519,316;6523,308;6527,292;6532,306;6536,290;6540,304;6545,294;6549,320;6553,306;6558,304;6562,290;6567,302;6571,306;6575,278;6580,304;6584,288;6588,316;6593,300;6597,306;6601,290;6606,304;6610,288;6614,300;6619,298;6623,290;6627,304;6632,288;6636,302;6641,300;6645,320;6649,290;6654,304;6658,288;6662,316;6667,300;6671,290;6675,302;6680,290;6684,302;6688,300;6693,314;6697,292;6702,304;6706,288;6710,302;6715,300;6719,292;6723,306;6728,290;6732,304;6736,288;6741,300;6745,292;6749,292;6754,276;6758,288;6762,288;6767,278;6771,292;6776,276;6780,290;6784,274;6789,286;6793,264;6797,290;6802,262;6806,288;6810,258;6815,236;6819,292;6823,276;6828,290;6832,274;6837,288;6841,264;6845,278;6850,260;6854,274;6858,260;6863,264;6867,292;6871,262;6876,290;6880,274;6884,286;6889,248;6893,276;6897,260;6902,274;6906,246;6911,272;6915,292;6919,262;6924,288;6928,274;6932,286;6937,250;6941,276;6945,276;6950,274;6954,274;6958,286;6963,292;6967,248;6971,274;6976,230;6980,286;6985,272;6989,276;6993,260;6998,274;7002,244;7006,272;7011,256;7015,260;7019,288;7024,272;7028,284;7032,256;7037,274;7041,244;7045,272;7050,242;7054,282;7059,268;7063,230;7067,284;7072,284;7076,284;7080,254;7085,266;7089,272;7093,284;7098,270;7102,268;7106,266;7111,260;7115,286;7119,256;7124,282;7128,268;7133,280;7137,242;7141,270;7146,254;7150,268;7154,238;7159,272;7163,284;7167,268;7172,282;7176,252;7180,264;7185,242;7189,270;7194,254;7198,268;) of size 460\r\nSTEPPER: Moving to mstep: 5200 with speed [msteps/sec]: 4000 in SpreadCycle.\r\n'), 14:08:08
bytearray(b'STEPPER: Moved 2000.00 msteps (ramp: 35%) in 699.756 ms -> average speed [msteps/sec]: 2858.14\r\nSTEPPER: Moving to mstep: 7200 with speed [msteps/sec]: 1000 in StealthChop.\r\n'), 14:08:09
bytearray(b'STEPPER: Estimate 6: [msteps] 6771\r\nSTEPPER: buffer (5200,292;5204,316;5208,300;5213,328;5217,304;5221,318;5226,300;5230,330;5234,312;5239,326;5243,332;5247,316;5252,316;5256,314;5260,328;5265,304;5269,330;5274,300;5278,328;5282,300;5287,326;5291,318;5295,316;5300,328;5304,314;5308,326;5313,326;5317,316;5321,300;5326,328;5330,312;5334,326;5339,310;5343,316;5348,314;5352,312;5356,326;5361,310;5365,316;5369,302;5374,328;5378,312;5382,326;5387,296;5391,316;5395,328;5400,314;5404,340;5409,312;5413,316;5417,300;5422,328;5426,298;5430,326;5435,296;5439,312;5443,314;5448,314;5452,326;5456,312;5461,324;5465,300;5469,328;5474,312;5478,326;5483,310;5487,316;5491,328;5496,314;5500,326;5504,324;5509,324;5513,300;5517,326;5522,298;5526,324;5530,310;5535,322;5539,328;5543,312;5548,324;5552,310;5557,322;5561,312;5565,338;5570,310;5574,336;5578,306;5583,334;5587,324;5591,308;5596,336;5600,320;5604,332;5609,296;5613,322;5617,306;5622,334;5626,304;5631,330;5635,322;5639,308;5644,332;5648,318;5652,330;5657,316;5661,334;5665,306;5670,332;5674,302;5678,316;5683,300;5687,334;5691,332;5696,318;5700,330;5705,316;5709,320;5713,306;5718,332;5722,302;5726,330;5731,314;5735,320;5739,320;5744,318;5748,330;5752,316;5757,328;5761,306;5765,332;5770,304;5774,330;5779,300;5783,320;5787,332;5792,318;5796,330;5800,316;5805,328;5809,306;5813,334;5818,304;5822,318;5826,302;5831,328;5835,334;5839,318;5844,330;5848,316;5853,328;5857,306;5861,332;5866,302;5870,316;5874,300;5879,328;5883,320;5887,318;5892,316;5896,314;5900,328;5905,304;5909,318;5914,302;5918,316;5922,300;5927,326;5931,332;5935,316;5940,330;5944,314;5948,326;5953,312;5957,330;5961,316;5966,328;5970,314;5974,340;5979,310;5983,316;5988,328;5992,312;5996,324;6001,310;6005,330;6009,300;6014,328;6018,298;6022,324;6027,296;6031,316;6035,328;6040,314;6044,326;6048,310;6053,324;6057,302;6062,328;6066,312;6070,326;6075,310;6079,316;6083,328;6088,326;6092,326;6096,324;6101,322;6105,300;6109,326;6114,296;6118,324;6122,294;6127,314;6131,326;6136,312;6140,324;6144,310;6149,322;6153,314;6157,326;6162,310;6166,324;6170,308;6175,322;6179,326;6183,312;6188,324;6192,310;6196,322;6201,300;6205,326;6210,294;6214,324;6218,296;6223,322;6227,326;6231,326;6236,324;6240,324;6244,322;6249,306;6253,340;6257,310;6262,338;6266,308;6271,322;6275,306;6279,312;6284,338;6288,322;6292,336;6297,320;6301,326;6305,310;6310,322;6314,294;6318,320;6323,304;6327,310;6331,322;6336,322;6340,320;6345,318;6349,332;6353,308;6358,336;6362,306;6366,320;6371,304;6375,310;6379,322;6384,306;6388,320;6392,304;6397,332;6401,294;6405,308;6410,292;6414,306;6419,290;6423,310;6427,308;6432,306;6436,320;6440,304;6445,318;6449,294;6453,308;6458,292;6462,320;6466,290;6471,296;6475,308;6479,292;6484,306;6488,304;6493,302;6497,294;6501,306;6506,278;6510,304;6514,290;6519,302;6523,308;6527,292;6532,320;6536,292;6540,304;6545,294;6549,308;6554,292;6558,306;6562,290;6567,318;6571,294;6575,294;6580,306;6584,292;6588,318;6593,282;6597,308;6601,278;6606,306;6610,276;6614,304;6619,276;6623,294;6628,320;6632,306;6636,304;6641,304;6645,310;6649,280;6654,308;6658,278;6662,320;6667,290;6671,296;6675,308;6680,294;6684,306;6688,292;6693,312;6697,296;6702,308;6706,294;6710,306;6715,292;6719,296;6723,310;6728,294;6732,320;6736,292;6741,304;6745,280;6749,308;6754,292;6758,290;6763,276;6767,280;6771,306;6776,264;6780,290;6784,274;6789,288;6793,250;6797,278;6802,248;6806,274;6810,258;6815,264;6819,292;6823,262;6828,288;6832,274;6837,286;6841,262;6845,276;6850,260;6854,288;6858,272;6863,286;6867,290;6871,274;6876,288;6880,258;6884,286;6889,248;6893,290;6897,274;6902,274;6906,272;6911,270;6915,290;6919,274;6924,288;6928,272;6932,284;6937,248;6941,262;6945,244;6950,286;6954,272;6958,284;6963,274;6967,230;6971,286;6976,272;6980,298;6985,282;6989,274;6993,272;6998,286;7002,270;7006,284;7011,240;7015,272;7019,286;7024,270;7028,284;7032,240;7037,274;7041,258;7045,286;7050,258;7054,284;7059,254;7063,258;7067,286;7072,258;7076,284;7080,268;7085,274;7089,258;7093,286;7098,256;7102,270;7106,254;7111,232;7115,286;7120,286;7124,286;7128,270;7133,284;7137,260;7141,286;7146,258;7150,270;7154,270;7159,260;7163,274;7167,244;7172,286;7176,270;7180,296;7185,260;7189,274;7194,258;7198,286;) of size 460\r\nSTEPPER: Moving to mstep: 5200 with speed [msteps/sec]: 4000 in SpreadCycle.\r\n'), 14:08:11
bytearray(b'STEPPER: Moved 2000.00 msteps (ramp: 35%) in 699.760 ms -> average speed [msteps/sec]: 2858.12\r\nSTEPPER: Moving to mstep: 7200 with speed [msteps/sec]: 1000 in StealthChop.\r\n'), 14:08:12
bytearray(b'STEPPER: Estimate 7: [msteps] 6780\r\nSTEPPER: buffer (5200,286;5204,324;5208,310;5213,324;5217,300;5221,312;5226,298;5230,324;5234,310;5239,336;5243,326;5247,312;5252,324;5256,310;5260,322;5265,300;5269,314;5274,298;5278,324;5282,308;5287,322;5291,328;5295,312;5300,324;5304,324;5308,336;5313,320;5317,326;5321,296;5326,324;5330,308;5334,336;5339,318;5343,310;5348,322;5352,308;5356,334;5361,304;5365,324;5369,308;5374,322;5378,320;5382,334;5387,304;5391,310;5395,336;5400,322;5404,334;5408,306;5413,332;5417,310;5422,322;5426,306;5430,320;5435,304;5439,312;5443,324;5448,322;5452,320;5456,306;5461,320;5465,310;5469,338;5474,308;5478,320;5483,306;5487,332;5491,324;5496,322;5500,322;5504,320;5509,320;5513,310;5517,338;5522,308;5526,322;5530,292;5535,320;5539,324;5543,310;5548,322;5552,308;5557,320;5561,312;5565,338;5570,310;5574,322;5578,308;5583,334;5587,326;5591,310;5596,324;5600,322;5604,336;5609,320;5613,312;5617,296;5622,324;5626,308;5631,336;5635,306;5639,312;5644,324;5648,322;5652,322;5657,320;5661,326;5665,310;5670,326;5674,308;5678,322;5683,306;5687,326;5691,326;5696,324;5700,322;5705,322;5709,322;5713,312;5718,324;5722,296;5726,322;5731,308;5735,314;5739,326;5744,310;5748,324;5752,308;5757,334;5761,312;5765,324;5770,310;5774,320;5779,306;5783,312;5787,324;5792,310;5796,336;5800,320;5805,334;5809,296;5813,324;5818,308;5822,334;5826,306;5831,318;5835,324;5839,324;5844,322;5848,320;5853,320;5857,298;5861,324;5866,308;5870,336;5874,306;5879,332;5883,324;5887,310;5892,322;5896,306;5900,318;5905,318;5909,324;5914,308;5918,320;5922,304;5927,332;5931,324;5935,308;5940,322;5944,306;5948,318;5953,318;5957,336;5961,320;5966,320;5970,304;5974,330;5979,316;5983,308;5988,334;5992,304;5996,332;6001,316;6005,336;6009,306;6014,318;6018,304;6022,330;6027,314;6031,320;6035,320;6040,304;6044,316;6048,316;6053,328;6057,320;6062,332;6066,304;6070,330;6075,314;6079,306;6083,318;6088,318;6092,330;6096,314;6101,328;6105,306;6109,318;6114,302;6118,330;6122,314;6127,326;6131,330;6136,316;6140,328;6144,314;6149,326;6153,316;6157,330;6162,314;6166,326;6170,310;6175,324;6179,328;6183,314;6188,340;6192,310;6196,336;6201,300;6205,326;6210,312;6214,324;6218,308;6223,322;6227,326;6231,312;6236,324;6240,308;6244,322;6249,306;6253,340;6257,310;6262,324;6266,308;6270,334;6275,306;6279,310;6284,322;6288,322;6292,320;6297,318;6301,322;6305,308;6310,334;6314,304;6318,318;6323,302;6327,308;6331,320;6336,306;6340,318;6344,316;6349,330;6353,306;6358,332;6362,304;6366,332;6371,316;6375,306;6379,320;6384,304;6388,318;6392,316;6397,328;6401,306;6405,318;6410,290;6414,318;6419,300;6423,292;6427,304;6432,290;6436,316;6440,302;6445,314;6449,292;6453,304;6458,288;6462,316;6466,300;6471,292;6475,304;6479,290;6484,302;6488,300;6493,314;6497,290;6501,304;6506,288;6510,302;6514,286;6519,312;6523,318;6527,274;6532,302;6536,300;6540,300;6545,298;6549,316;6553,300;6558,314;6562,286;6567,310;6571,316;6575,288;6580,314;6584,298;6588,310;6593,296;6597,302;6601,286;6606,298;6610,268;6614,310;6619,294;6623,300;6628,312;6632,298;6636,310;6641,280;6645,314;6649,298;6654,312;6658,296;6662,324;6667,294;6671,286;6675,312;6680,296;6684,308;6688,294;6693,300;6697,284;6702,310;6706,294;6710,308;6715,292;6719,296;6723,310;6728,294;6732,308;6736,292;6741,304;6745,294;6749,294;6754,294;6758,292;6762,278;6767,280;6771,294;6776,280;6780,292;6784,262;6789,290;6793,266;6797,280;6802,264;6806,278;6810,248;6815,254;6819,294;6823,278;6828,292;6832,264;6836,290;6841,266;6845,280;6850,264;6854,290;6858,260;6863,288;6867,278;6871,262;6876,276;6880,262;6884,288;6889,264;6893,278;6897,262;6902,274;6906,258;6910,272;6915,290;6919,248;6924,274;6928,230;6932,286;6937,262;6941,288;6945,258;6950,272;6954,270;6958,282;6963,288;6967,258;6971,272;6976,256;6980,282;6985,268;6989,272;6993,258;6998,270;7002,268;7006,282;7011,266;7015,258;7019,270;7024,254;7028,280;7032,236;7037,284;7041,254;7045,280;7050,252;7054,278;7059,234;7063,282;7067,280;7072,264;7076,262;7080,246;7085,266;7089,250;7093,276;7098,276;7102,274;7106,260;7111,292;7115,290;7119,262;7124,288;7128,230;7133,286;7137,262;7141,274;7146,258;7150,272;7154,256;7159,260;7163,286;7167,270;7172,270;7176,226;7180,282;7185,258;7189,272;7194,254;7198,268;) of size 460\r\nSTEPPER: Moving to mstep: 5200 with speed [msteps/sec]: 4000 in SpreadCycle.\r\n'), 14:08:15
bytearray(b'STEPPER: Moved 2000.00 msteps (ramp: 35%) in 699.756 ms -> average speed [msteps/sec]: 2858.14\r\nSTEPPER: Moving to mstep: 7200 with speed [msteps/sec]: 1000 in StealthChop.\r\n'), 14:08:15
bytearray(b'STEPPER: Estimate 8: [msteps] 6758\r\nSTEPPER: buffer (5200,288;5204,308;5208,308;5213,320;5217,298;5221,324;5226,308;5230,336;5234,306;5239,320;5243,324;5247,310;5252,322;5256,320;5260,320;5265,296;5269,324;5274,308;5278,334;5282,304;5287,318;5291,322;5295,322;5300,320;5304,318;5308,318;5313,316;5317,334;5321,304;5326,318;5330,302;5334,330;5339,314;5343,318;5348,332;5352,316;5356,316;5361,314;5365,332;5369,316;5374,330;5378,300;5382,328;5387,312;5391,304;5395,330;5400,314;5404,328;5408,312;5413,326;5417,302;5422,328;5426,298;5430,326;5435,310;5439,316;5443,328;5448,312;5452,326;5456,310;5461,324;5465,300;5469,328;5474,298;5478,326;5482,310;5487,338;5491,328;5496,314;5500,326;5504,326;5509,324;5513,302;5517,328;5522,314;5526,326;5530,310;5535,324;5539,328;5543,314;5548,326;5552,312;5556,324;5561,302;5565,328;5570,312;5574,326;5578,296;5583,324;5587,328;5591,314;5596,326;5600,312;5604,324;5609,310;5613,328;5617,300;5622,312;5626,298;5631,324;5635,308;5639,314;5644,326;5648,312;5652,324;5657,310;5661,330;5665,300;5670,328;5674,298;5678,326;5683,310;5687,316;5691,328;5696,314;5700,326;5705,326;5709,324;5713,316;5718,330;5722,300;5726,328;5731,312;5735,320;5739,318;5744,316;5748,316;5752,316;5757,328;5761,306;5766,332;5770,304;5774,330;5779,302;5783,320;5787,332;5792,316;5796,330;5800,328;5805,326;5809,302;5813,330;5818,300;5822,326;5826,298;5831,324;5835,316;5840,314;5844,326;5848,310;5853,324;5857,314;5861,326;5866,310;5870,340;5874,308;5879,322;5883,326;5887,324;5892,324;5896,322;5900,322;5905,320;5909,326;5914,296;5918,322;5922,292;5927,334;5931,324;5935,310;5940,322;5944,308;5948,334;5953,320;5957,322;5961,310;5966,322;5970,308;5974,336;5979,306;5983,310;5988,324;5992,308;5996,322;6001,306;6005,326;6009,310;6014,324;6018,306;6022,320;6027,304;6031,310;6035,322;6040,322;6044,322;6048,318;6053,318;6057,310;6062,336;6066,306;6070,334;6075,304;6079,310;6083,322;6088,320;6092,320;6096,318;6101,332;6105,308;6109,322;6114,306;6118,320;6122,290;6127,332;6131,324;6136,308;6140,320;6144,306;6149,318;6153,310;6157,324;6162,308;6166,320;6170,306;6175,320;6179,324;6183,310;6188,322;6192,308;6196,334;6201,298;6205,312;6210,296;6214,324;6218,308;6223,336;6227,328;6231,312;6236,326;6240,326;6244,324;6249,310;6253,344;6257,300;6262,328;6266,298;6271,326;6275,310;6279,316;6284,328;6288,314;6292,328;6297,326;6301,320;6305,304;6310,316;6314,300;6318,328;6323,300;6327,320;6331,332;6336,318;6340,318;6345,316;6349,316;6353,320;6358,334;6362,304;6366,332;6371,316;6375,322;6379,322;6384,320;6388,332;6392,318;6397,332;6401,294;6405,308;6410,292;6414,306;6419,292;6423,296;6427,310;6432,296;6436,308;6440,294;6445,306;6449,284;6453,312;6458,282;6462,310;6466,282;6471,300;6475,314;6479,298;6484,312;6488,298;6493,310;6497,288;6501,300;6506,286;6510,312;6514,282;6519,298;6523,316;6527,302;6532,300;6536,286;6540,312;6545,288;6549,316;6554,300;6558,300;6562,298;6567,310;6571,302;6575,286;6580,298;6584,284;6588,310;6593,294;6597,300;6601,284;6606,296;6610,280;6614,308;6619,292;6623,298;6628,310;6632,296;6636,308;6641,294;6645,314;6649,284;6654,310;6658,294;6662,308;6667,278;6671,298;6675,310;6680,294;6684,308;6688,308;6693,298;6697,282;6702,308;6706,294;6710,306;6715,290;6719,296;6723,322;6728,292;6732,306;6736,290;6741,304;6745,282;6749,308;6754,292;6758,290;6762,276;6767,268;6771,294;6776,264;6780,292;6784,276;6789,290;6793,266;6797,280;6802,264;6806,290;6810,262;6815,268;6819,280;6823,264;6828,278;6832,234;6837,290;6841,266;6845,278;6850,264;6854,290;6858,262;6863,238;6867,280;6871,278;6876,290;6880,276;6884,274;6889,280;6893,278;6897,264;6902,290;6906,262;6911,274;6915,280;6919,264;6924,278;6928,234;6932,290;6937,266;6941,278;6945,264;6950,276;6954,262;6958,288;6963,280;6967,278;6971,290;6976,262;6980,288;6985,258;6989,278;6993,248;6998,276;7002,260;7006,288;7011,258;7015,248;7019,290;7024,260;7028,286;7032,272;7037,276;7041,262;7045,274;7050,260;7054,286;7059,270;7063,262;7067,274;7072,232;7076,286;7080,272;7085,284;7089,248;7093,276;7098,246;7102,260;7106,256;7111,276;7115,276;7119,260;7124,272;7128,230;7133,284;7137,262;7141,274;7146,246;7150,272;7154,244;7159,262;7163,288;7167,260;7172,272;7176,256;7180,284;7185,276;7189,288;7194,258;7198,286;) of size 460\r\nSTEPPER: Moving to mstep: 5200 with speed [msteps/sec]: 4000 in SpreadCycle.\r\n'), 14:08:18
bytearray(b'STEPPER: Moved 2000.00 msteps (ramp: 35%) in 699.764 ms -> average speed [msteps/sec]: 2858.11\r\nSTEPPER: Moving to mstep: 7200 with speed [msteps/sec]: 1000 in StealthChop.\r\n'), 14:08:18
bytearray(b'STEPPER: Estimate 9: [msteps] 6758\r\nSTEPPER: buffer (5200,288;5204,324;5208,308;5213,322;5217,312;5221,310;5226,296;5230,322;5234,304;5239,334;5243,324;5247,310;5252,322;5256,306;5260,320;5265,304;5269,336;5274,308;5278,334;5282,320;5287,318;5291,324;5295,308;5300,322;5304,320;5308,318;5313,318;5317,322;5321,308;5326,334;5330,318;5334,318;5339,302;5343,322;5348,322;5352,306;5356,318;5361,304;5365,322;5369,320;5374,334;5378,318;5382,318;5387,302;5391,322;5395,334;5400,318;5404,332;5408,316;5413,328;5417,306;5422,332;5426,316;5430,328;5435,300;5439,318;5443,330;5448,314;5452,316;5456,300;5461,326;5465,318;5469,330;5474,314;5478,326;5482,298;5487,324;5491,330;5496,314;5500,326;5504,312;5509,324;5513,302;5517,328;5522,312;5526,324;5530,310;5535,322;5539,328;5543,312;5548,324;5552,308;5557,322;5561,314;5565,340;5570,310;5574,324;5578,308;5583,320;5587,326;5591,310;5596,324;5600,308;5604,320;5609,306;5613,326;5617,310;5622,322;5626,306;5631,334;5635,326;5639,310;5644,322;5648,308;5652,320;5657,306;5661,338;5665,310;5670,322;5674,306;5678,320;5683,306;5687,310;5691,322;5696,308;5700,320;5705,318;5709,324;5713,308;5718,322;5722,306;5726,320;5731,318;5735,308;5739,322;5744,306;5748,320;5752,318;5757,332;5761,322;5765,322;5770,306;5774,332;5779,318;5783,308;5787,322;5792,308;5796,334;5800,318;5805,332;5809,308;5813,320;5818,304;5822,332;5826,316;5831,330;5835,320;5839,306;5844,318;5848,304;5853,330;5857,308;5861,334;5866,304;5870,332;5874,316;5879,330;5883,322;5887,306;5892,320;5896,318;5900,332;5905,316;5909,322;5913,306;5918,332;5922,304;5927,330;5931,320;5935,306;5940,318;5944,316;5948,330;5953,314;5957,318;5961,304;5966,328;5970,314;5974,328;5979,310;5983,304;5988,330;5992,314;5996,326;6001,312;6005,318;6009,302;6014,328;6018,312;6022,326;6027,310;6031,314;6035,328;6040,312;6044,326;6048,310;6053,322;6057,312;6062,326;6066,310;6070,338;6075,310;6079,312;6083,326;6088,324;6092,322;6096,322;6101,320;6105,298;6109,324;6114,308;6118,334;6123,306;6127,310;6131,322;6136,308;6140,334;6144,304;6149,316;6153,308;6157,320;6162,318;6166,332;6170,316;6175,328;6179,320;6183,316;6188,330;6192,314;6197,328;6201,304;6205,316;6210,316;6214,328;6218,310;6223,326;6227,316;6231,314;6236,328;6240,312;6244,324;6249,308;6253,328;6257,314;6262,338;6266,310;6271,322;6275,306;6279,312;6284,326;6288,310;6292,322;6297,308;6301,326;6305,310;6310,324;6314,308;6318,320;6323,304;6327,324;6331,322;6336,308;6340,320;6345,304;6349,322;6353,322;6358,334;6362,318;6366,330;6371,302;6375,308;6379,334;6384,304;6388,316;6392,300;6397,326;6401,302;6405,316;6410,300;6414,312;6419,296;6423,302;6427,314;6432,296;6436,312;6440,294;6445,306;6449,298;6453,324;6458,296;6462,308;6466,292;6471,298;6475,310;6479,294;6484,306;6488,292;6493,304;6497,294;6501,320;6506,292;6510,304;6514,288;6519,302;6523,306;6527,292;6532,304;6536,288;6540,302;6545,300;6549,320;6554,290;6558,302;6562,286;6567,300;6571,304;6575,302;6580,316;6584,300;6588,314;6593,298;6597,302;6601,272;6606,300;6610,284;6614,298;6619,280;6623,300;6628,314;6632,298;6636,310;6641,294;6645,314;6649,282;6654,310;6658,294;6662,322;6667,292;6671,296;6675,308;6680,294;6684,306;6688,276;6693,310;6697,292;6702,306;6706,290;6710,304;6715,288;6719,308;6723,320;6728,306;6732,318;6736,288;6741,302;6745,292;6749,306;6754,290;6758,302;6763,274;6767,278;6771,290;6776,274;6780,288;6784,258;6789,298;6793,262;6797,260;6802,258;6806,286;6810,270;6815,260;6819,274;6823,242;6828,286;6832,282;6837,294;6841,258;6845,270;6850,254;6854,282;6858,252;6863,278;6867,284;6871,240;6876,282;6880,280;6884,292;6889,268;6893,268;6897,252;6902,278;6906,248;6911,276;6915,282;6919,266;6924,292;6928,276;6932,288;6937,274;6941,278;6945,264;6950,276;6954,260;6958,274;6963,278;6967,234;6971,276;6976,274;6980,288;6985,272;6989,264;6993,248;6998,274;7002,244;7006,272;7011,256;7015,232;7019,276;7024,274;7028,286;7032,256;7037,276;7041,260;7045,286;7050,256;7054,284;7059,268;7063,258;7067,286;7072,256;7076,284;7080,268;7085,280;7089,242;7093,270;7098,254;7102,266;7106,250;7111,270;7115,282;7120,254;7124,294;7128,264;7133,290;7137,252;7141,278;7146,262;7150,276;7154,232;7159,280;7163,278;7167,262;7172,274;7176,244;7180,270;7185,246;7189,274;7194,244;7198,270;) of size 460\r\nSTEPPER: Moving to mstep: 5200 with speed [msteps/sec]: 4000 in SpreadCycle.\r\n'), 14:08:21
bytearray(b'STEPPER: Moved 2000.00 msteps (ramp: 35%) in 699.764 ms -> average speed [msteps/sec]: 2858.11\r\nSTEPPER: Moving to mstep: 7200 with speed [msteps/sec]: 1000 in StealthChop.\r\n'), 14:08:22
bytearray(b'STEPPER: Estimate 10: [msteps] 6741\r\nSTEPPER: buffer (5200,288;5204,322;5208,320;5213,320;5217,296;5221,322;5226,306;5230,320;5234,318;5239,332;5243,322;5247,306;5252,318;5256,316;5260,316;5265,306;5269,318;5274,304;5278,330;5282,302;5287,326;5291,318;5295,316;5300,328;5304,312;5308,326;5313,324;5317,330;5321,300;5326,326;5330,310;5334,324;5339,308;5343,314;5348,326;5352,310;5356,324;5361,308;5365,328;5369,298;5374,324;5378,308;5382,336;5387,306;5391,312;5395,324;5400,308;5404,336;5408,320;5413,332;5417,296;5422,322;5426,306;5430,320;5435,304;5439,324;5443,322;5448,306;5452,332;5456,304;5461,318;5465,308;5469,334;5474,304;5478,318;5483,302;5487,328;5491,334;5496,318;5500,330;5504,316;5509,328;5513,304;5517,332;5522,316;5526,328;5530,300;5535,326;5539,332;5543,316;5548,328;5552,312;5557,326;5561,316;5565,328;5570,300;5574,326;5578,312;5583,338;5587,330;5591,314;5596,326;5600,310;5604,322;5609,308;5613,326;5617,298;5622,324;5626,306;5631,334;5635,304;5639,308;5644,334;5648,306;5652,318;5657,304;5661,336;5665,304;5670,332;5674,302;5678,316;5683,300;5687,320;5691,332;5696,316;5700,330;5705,314;5709,326;5713,304;5718,330;5722,314;5726,328;5731,300;5735,318;5739,330;5744,316;5748,328;5752,314;5757,326;5761,302;5765,330;5770,314;5774,328;5779,312;5783,318;5787,330;5792,314;5796,326;5800,310;5805,324;5809,302;5813,328;5818,298;5822,324;5826,296;5831,336;5835,328;5840,312;5844,324;5848,308;5853,322;5857,312;5861,340;5866,310;5870,324;5874,308;5879,336;5883,326;5887,326;5892,324;5896,322;5900,322;5905,298;5909,340;5914,308;5918,322;5922,306;5927,334;5931,324;5935,310;5940,322;5944,306;5948,318;5953,318;5957,336;5961,320;5966,320;5970,304;5974,332;5979,316;5983,306;5988,334;5992,304;5996,318;6001,314;6005,334;6009,304;6014,332;6018,300;6022,328;6027,312;6031,318;6035,330;6040,316;6044,328;6048,312;6053,326;6057,302;6062,344;6066,314;6070,326;6075,312;6079,316;6083,330;6088,314;6092,326;6096,324;6101,324;6105,300;6109,328;6114,298;6118,324;6122,296;6127,314;6131,328;6136,312;6140,326;6144,310;6149,322;6153,314;6157,328;6162,312;6166,324;6170,308;6175,322;6179,340;6183,312;6188,338;6192,308;6197,320;6201,312;6205,324;6210,294;6214,320;6218,306;6223,318;6227,324;6231,322;6236,334;6240,320;6244,318;6249,316;6253,336;6257,320;6262,332;6266,304;6271,330;6275,322;6279,320;6284,332;6288,316;6292,314;6297,314;6301,318;6305,302;6310,316;6314,300;6318,328;6323,298;6327,316;6331,328;6336,312;6340,326;6345,310;6349,328;6353,314;6358,326;6362,310;6366,324;6371,308;6375,314;6379,326;6384,310;6388,322;6392,308;6397,334;6401,296;6406,308;6410,292;6414,306;6419,288;6423,308;6427,320;6432,306;6436,316;6440,302;6445,302;6449,292;6453,318;6458,288;6462,302;6466,286;6471,292;6475,318;6480,302;6484,314;6488,300;6493,312;6497,288;6501,302;6506,286;6510,300;6514,284;6519,310;6523,302;6527,300;6532,312;6536,298;6540,310;6545,300;6549,298;6554,298;6558,310;6562,280;6567,306;6571,310;6575,308;6580,320;6584,292;6588,304;6593,290;6597,308;6601,278;6606,304;6610,290;6614,302;6619,308;6623,290;6628,304;6632,302;6636,302;6641,286;6645,306;6649,290;6654,318;6658,288;6662,314;6667,286;6671,290;6675,316;6680,302;6684,314;6688,300;6693,304;6697,288;6702,302;6706,286;6710,312;6715,296;6719,288;6723,314;6728,298;6732,312;6736,296;6741,310;6745,286;6749,298;6754,270;6758,282;6762,268;6767,272;6771,286;6776,256;6780,282;6784,268;6789,294;6793,272;6797,284;6802,254;6806,282;6810,252;6815,272;6819,284;6823,268;6828,282;6832,268;6837,282;6841,256;6845,284;6850,268;6854,282;6858,252;6863,258;6867,284;6871,254;6876,280;6880,264;6884,292;6889,256;6893,268;6898,252;6902,278;6906,250;6911,240;6915,282;6919,280;6924,294;6928,278;6932,290;6937,252;6941,266;6945,236;6950,290;6954,276;6958,274;6963,278;6967,234;6972,290;6976,274;6980,288;6985,272;6989,276;6993,246;6998,274;7002,244;7006,270;7011,240;7015,260;7019,288;7024,272;7028,286;7032,270;7037,262;7041,246;7046,286;7050,256;7054,268;7059,252;7063,258;7067,284;7072,268;7076,282;7080,252;7085,270;7089,256;7093,282;7098,254;7102,280;7106,250;7111,240;7115,282;7120,268;7124,294;7128,278;7133,292;7137,254;7141,282;7146,266;7150,264;7154,264;7159,254;7163,282;7167,236;7172,278;7176,264;7180,276;7185,268;7189,280;7194,250;7198,278;) of size 460\r\nSTEPPER: Final estimate: [mstep] 6763\r\nFound dispense position: [\xc2\xb5m] 33795\r\nreturn;find;6759\r\n\xef\xbf\xbdreceived from UR: find -> find (0,1)\r\nSTEPPER: Moving to mstep: 5200 with speed [msteps/sec]: 4000 in SpreadCycle.\r\n'), 14:08:24
bytearray(b'STEPPER: Moved 2000.00 msteps (ramp: 35%) in 699.756 ms -> average speed [msteps/sec]: 2858.14\r\nSTEPPER: Moving to mstep: 7200 with speed [msteps/sec]: 1000 in StealthChop.\r\n'), 14:08:25
bytearray(b'STEPPER: Estimate 1: [msteps] 6741\r\nSTEPPER: buffer (5200,288;5204,318;5208,302;5213,330;5217,306;5221,318;5226,302;5230,330;5234,314;5239,328;5243,318;5247,316;5252,328;5256,300;5260,326;5265,302;5269,330;5274,300;5278,326;5282,298;5287,324;5291,328;5295,314;5300,326;5304,310;5308,322;5313,322;5317,326;5321,296;5326,324;5330,294;5334,322;5339,306;5343,310;5348,324;5352,308;5356,320;5361,306;5365,326;5369,322;5374,322;5378,306;5382,320;5387,304;5391,322;5395,336;5400,320;5404,332;5408,316;5413,330;5417,306;5422,332;5426,304;5430,316;5435,300;5439,318;5443,318;5448,316;5452,314;5456,312;5461,326;5465,302;5469,314;5474,300;5478,326;5482,310;5487,324;5491,328;5496,314;5500,324;5504,324;5509,322;5513,298;5517,326;5522,310;5526,322;5530,306;5535,334;5539,324;5543,322;5548,336;5552,306;5556,332;5561,308;5565,334;5570,304;5574,330;5578,302;5583,328;5587,332;5591,304;5596,330;5600,314;5604,328;5609,312;5613,318;5617,316;5622,328;5626,300;5630,326;5635,296;5639,316;5644,328;5648,312;5652,324;5657,308;5661,342;5665,298;5670,338;5674,310;5678,336;5683,306;5687,326;5691,338;5696,322;5700,322;5705,320;5709,320;5713,310;5718,336;5722,306;5726,334;5731,304;5735,310;5739,320;5744,320;5748,320;5752,316;5757,316;5761,306;5765,330;5770,316;5774,330;5779,300;5783,318;5787,332;5792,316;5796,328;5800,312;5805,326;5809,302;5813,328;5818,298;5822,324;5826,296;5831,338;5835,328;5839,312;5844,324;5848,308;5853,320;5857,298;5861,324;5866,308;5870,322;5874,306;5879,332;5883,322;5887,322;5892,334;5896,318;5900,318;5905,294;5909,320;5913,304;5918,332;5922,302;5927,330;5931,322;5935,320;5940,320;5944,318;5948,328;5953,314;5957,318;5961,304;5966,330;5970,314;5974,328;5979,312;5983,316;5987,330;5992,316;5996,328;6001,312;6005,316;6009,302;6014,328;6018,298;6022,326;6027,308;6031,314;6035,326;6040,312;6044,324;6048,308;6053,334;6057,312;6061,340;6066,310;6070,322;6075,306;6079,326;6083,338;6088,324;6092,322;6096,320;6101,332;6105,310;6109,322;6114,306;6118,320;6122,304;6127,330;6131,336;6135,320;6140,320;6144,318;6149,318;6153,308;6157,320;6162,306;6166,332;6170,316;6175,330;6179,320;6183,320;6188,332;6192,316;6196,330;6201,306;6205,318;6210,302;6214,316;6218,300;6223,328;6227,332;6231,316;6236,316;6240,314;6244,328;6249,310;6253,330;6257,300;6262,326;6266,298;6270,338;6275,308;6279,312;6284,324;6288,308;6292,322;6297,320;6301,326;6305,308;6310,322;6314,292;6318,320;6323,304;6327,322;6331,336;6336,320;6340,318;6345,316;6349,314;6353,320;6358,320;6362,304;6366,330;6371,314;6375,320;6379,332;6384,302;6388,328;6392,298;6397,326;6401,302;6405,316;6410,286;6414,312;6419,284;6423,302;6427,314;6432,300;6436,312;6440,296;6445,308;6449,300;6453,312;6458,282;6462,308;6466,280;6471,320;6475,312;6479,296;6484,308;6488,278;6493,306;6497,296;6501,310;6506,294;6510,308;6514,292;6519,304;6523,308;6527,308;6532,320;6536,302;6540,304;6545,294;6549,306;6553,304;6558,318;6562,302;6567,314;6571,306;6575,290;6580,302;6584,300;6588,314;6593,298;6597,302;6601,288;6606,300;6610,284;6614,312;6619,282;6623,302;6627,314;6632,284;6636,310;6641,296;6645,300;6649,284;6654,312;6658,282;6662,322;6667,292;6671,284;6675,310;6680,294;6684,308;6688,292;6693,298;6697,282;6701,308;6706,292;6710,306;6715,290;6719,296;6723,308;6728,292;6732,306;6736,290;6741,316;6745,278;6749,302;6754,290;6758,288;6762,272;6767,278;6771,292;6776,274;6780,288;6784,272;6789,298;6793,260;6797,274;6802,244;6806,270;6810,256;6815,260;6819,274;6823,244;6828,300;6832,284;6836,298;6841,260;6845,286;6850,256;6854,282;6858,266;6863,280;6867,286;6871,270;6876,282;6880,252;6884,292;6889,242;6893,284;6897,268;6902,280;6906,266;6911,278;6915,284;6919,282;6924,296;6928,266;6932,292;6937,254;6941,268;6945,238;6950,278;6954,264;6958,276;6963,278;6967,250;6971,278;6976,234;6980,276;6985,274;6989,278;6993,264;6998,276;7002,246;7006,274;7011,244;7015,264;7019,290;7024,260;7028,288;7032,244;7037,278;7041,248;7045,276;7050,260;7054,272;7059,244;7063,276;7067,276;7072,232;7076,286;7080,270;7085,284;7089,274;7093,272;7098,270;7102,284;7106,254;7111,274;7115,286;7119,256;7124,296;7128,282;7133,280;7137,256;7141,284;7146,254;7150,280;7154,264;7159,256;7163,282;7167,254;7172,278;7176,262;7180,290;7185,238;7189,266;7193,250;7198,276;) of size 460\r\nSTEPPER: Moving to mstep: 5200 with speed [msteps/sec]: 4000 in SpreadCycle.\r\n'), 14:08:27
bytearray(b'STEPPER: Moved 2000.00 msteps (ramp: 35%) in 699.760 ms -> average speed [msteps/sec]: 2858.12\r\nSTEPPER: Moving to mstep: 7200 with speed [msteps/sec]: 1000 in StealthChop.\r\n'), 14:08:28
bytearray(b'STEPPER: Estimate 2: [msteps] 6741\r\nSTEPPER: buffer (5200,282;5204,316;5208,300;5213,328;5217,304;5221,318;5226,302;5230,328;5234,300;5239,326;5243,316;5247,300;5252,314;5256,314;5260,338;5265,302;5269,328;5274,312;5278,326;5282,310;5287,322;5291,326;5295,312;5300,324;5304,322;5308,336;5313,320;5317,324;5321,294;5326,336;5330,306;5334,320;5339,316;5343,322;5348,334;5352,318;5356,318;5361,316;5365,322;5369,304;5374,318;5378,316;5382,328;5387,298;5391,318;5395,330;5400,314;5404,342;5408,312;5413,324;5417,302;5422,328;5426,312;5430,324;5435,296;5439,314;5443,328;5448,312;5452,324;5456,308;5461,322;5465,298;5469,326;5474,310;5478,322;5482,306;5487,320;5491,324;5496,310;5500,322;5504,320;5509,318;5513,308;5517,336;5522,306;5526,332;5530,316;5535,330;5539,320;5543,320;5548,332;5552,316;5557,328;5561,306;5565,318;5570,302;5574,328;5578,312;5583,326;5587,330;5591,314;5596,326;5600,326;5604,336;5609,298;5613,326;5617,310;5622,322;5626,306;5631,334;5635,324;5639,306;5644,322;5648,306;5652,320;5657,304;5661,336;5665,306;5670,318;5674,302;5678,328;5683,298;5687,318;5691,330;5696,314;5700,328;5705,326;5709,324;5713,300;5718,328;5722,298;5726,324;5731,308;5735,314;5739,312;5744,310;5748,324;5752,306;5757,320;5761,310;5765,324;5770,308;5774,318;5779,304;5783,324;5787,336;5792,306;5796,332;5800,316;5805,330;5809,306;5813,318;5818,304;5822,316;5826,300;5831,326;5835,330;5839,316;5844,328;5848,312;5853,326;5857,302;5861,330;5866,314;5870,340;5874,310;5879,322;5883,326;5887,312;5892,324;5896,322;5900,334;5905,298;5909,324;5913,308;5918,322;5922,306;5927,332;5931,322;5935,322;5940,320;5944,304;5948,316;5953,316;5957,334;5961,304;5966,332;5970,316;5974,328;5979,298;5983,316;5987,330;5992,314;5996,326;6001,324;6005,328;6009,300;6014,328;6018,296;6022,324;6027,308;6031,314;6035,324;6040,310;6044,322;6048,318;6053,318;6057,294;6062,334;6066,304;6070,332;6075,302;6079,322;6083,334;6088,320;6092,332;6096,316;6101,328;6105,306;6109,332;6114,302;6118,316;6122,300;6127,326;6131,332;6136,316;6140,328;6144,312;6149,326;6153,316;6157,328;6162,312;6166,324;6170,310;6175,336;6179,326;6183,326;6188,324;6192,308;6197,334;6201,310;6205,322;6210,308;6214,320;6218,304;6223,316;6227,336;6231,320;6236,330;6240,316;6244,316;6249,314;6253,332;6257,302;6262,328;6266,298;6271,326;6275,310;6279,314;6284,326;6288,312;6292,324;6297,322;6301,328;6305,312;6310,324;6314,294;6318,322;6323,304;6327,324;6331,322;6336,306;6340,320;6345,304;6349,316;6353,308;6358,332;6362,318;6366,330;6371,302;6375,320;6379,318;6384,316;6388,330;6392,314;6397,326;6401,288;6405,314;6410,296;6414,312;6419,282;6423,300;6427,314;6432,312;6436,310;6440,296;6445,306;6449,296;6453,308;6458,292;6462,318;6466,290;6471,280;6475,306;6479,292;6484,304;6488,302;6493,314;6497,292;6501,304;6506,288;6510,302;6514,300;6519,312;6523,316;6527,302;6532,314;6536,298;6540,310;6545,288;6549,314;6553,284;6558,310;6562,296;6567,308;6571,312;6575,296;6580,308;6584,294;6588,320;6593,292;6597,296;6601,294;6606,308;6610,290;6614,304;6619,308;6623,292;6628,304;6632,304;6636,316;6641,300;6645,304;6649,290;6654,316;6658,286;6662,312;6667,282;6671,302;6675,314;6680,298;6684,312;6688,296;6693,300;6697,284;6702,312;6706,296;6710,308;6715,294;6719,298;6723,310;6728,294;6732,308;6736,306;6741,304;6745,282;6749,294;6754,278;6758,290;6763,274;6767,278;6771,292;6776,276;6780,288;6784,260;6789,298;6793,262;6797,288;6802,272;6806,270;6810,254;6815,272;6819,300;6823,270;6828,282;6832,266;6837,294;6841,244;6845,282;6850,266;6854,280;6858,264;6863,276;6867,282;6871,252;6876,278;6880,262;6884,290;6889,266;6893,278;6897,248;6902,274;6906,260;6911,272;6915,290;6919,276;6924,288;6928,258;6932,284;6937,262;6941,274;6945,258;6950,284;6954,268;6958,268;6963,286;6967,256;6971,282;6976,252;6980,278;6985,248;6989,282;6993,252;6998,280;7002,248;7006,276;7011,260;7015,266;7019,292;7024,262;7028,276;7032,232;7037,278;7041,262;7046,276;7050,260;7054,286;7059,242;7063,262;7067,274;7072,258;7076,286;7080,270;7085,274;7089,258;7093,270;7098,254;7102,268;7106,252;7111,272;7115,284;7120,254;7124,280;7128,236;7133,278;7137,256;7141,268;7146,264;7150,278;7154,262;7159,254;7163,280;7167,236;7172,276;7176,274;7180,286;7185,264;7189,276;7194,246;7198,288;) of size 460\r\nSTEPPER: Moving to mstep: 5200 with speed [msteps/sec]: 4000 in SpreadCycle.\r\n'), 14:08:31
bytearray(b'STEPPER: Moved 2000.00 msteps (ramp: 35%) in 699.756 ms -> average speed [msteps/sec]: 2858.14\r\nSTEPPER: Moving to mstep: 7200 with speed [msteps/sec]: 1000 in StealthChop.\r\n'), 14:08:31
bytearray(b'STEPPER: Estimate 3: [msteps] 6754\r\nSTEPPER: buffer (5200,284;5204,312;5208,312;5213,324;5217,298;5221,326;5226,296;5230,338;5234,308;5239,334;5243,324;5247,310;5252,322;5256,306;5260,334;5265,310;5269,334;5274,306;5278,332;5282,302;5287,330;5291,320;5295,318;5300,332;5304,330;5308,328;5313,312;5317,332;5321,314;5326,328;5330,298;5334,324;5339,308;5343,312;5348,326;5352,310;5356,324;5361,308;5365,326;5369,310;5374,338;5378,308;5382,320;5387,306;5391,324;5395,336;5400,322;5404,334;5408,318;5413,332;5417,308;5422,322;5426,306;5430,332;5435,316;5439,322;5443,322;5448,306;5452,318;5456,316;5461,330;5465,320;5469,334;5474,304;5478,330;5482,300;5487,328;5491,318;5496,316;5500,330;5504,328;5509,326;5513,302;5517,330;5522,300;5526,328;5530,298;5535,324;5539,316;5543,314;5548,326;5552,312;5556,324;5561,316;5565,328;5570,312;5574,324;5578,310;5583,322;5587,340;5591,312;5596,338;5600,308;5604,322;5609,318;5613,324;5617,308;5622,320;5626,306;5630,332;5635,318;5639,322;5644,334;5648,318;5652,330;5657,316;5661,334;5665,304;5670,332;5674,302;5678,328;5683,312;5687,318;5691,330;5696,316;5700,328;5705,326;5709,326;5713,316;5718,328;5722,312;5726,326;5731,310;5735,316;5739,328;5744,314;5748,326;5752,310;5757,324;5761,300;5765,326;5770,312;5774,322;5779,308;5783,314;5787,328;5792,312;5796,324;5800,310;5805,322;5809,314;5813,326;5818,298;5822,324;5826,308;5831,322;5835,328;5839,312;5844,326;5848,310;5853,322;5857,314;5861,340;5866,298;5870,324;5874,308;5879,322;5883,326;5887,310;5892,322;5896,306;5900,320;5905,298;5909,324;5914,294;5918,320;5922,304;5927,332;5931,324;5935,322;5940,320;5944,318;5948,318;5953,318;5957,336;5961,306;5966,334;5970,318;5974,330;5979,300;5983,320;5988,330;5992,318;5996,330;6001,316;6005,320;6009,306;6014,332;6018,302;6022,328;6027,312;6031,318;6035,330;6040,314;6044,328;6048,298;6053,324;6057,316;6062,342;6066,298;6070,326;6075,310;6079,316;6083,326;6088,326;6092,324;6096,322;6101,322;6105,310;6109,326;6114,296;6118,334;6122,306;6127,332;6131,324;6136,308;6140,322;6144,306;6149,318;6153,324;6157,336;6162,306;6166,320;6170,304;6175,332;6179,322;6183,306;6188,332;6192,316;6196,330;6201,306;6205,320;6210,304;6214,330;6218,300;6223,314;6227,332;6231,316;6236,330;6240,314;6244,328;6249,312;6253,346;6257,316;6262,328;6266,312;6270,326;6275,310;6279,314;6284,328;6288,312;6292,324;6297,324;6301,328;6305,298;6310,326;6314,310;6318,338;6323,308;6327,312;6331,326;6336,296;6340,322;6344,322;6349,320;6353,310;6358,324;6362,308;6366,322;6371,306;6375,310;6379,324;6384,308;6388,320;6392,304;6397,332;6401,292;6405,306;6410,290;6414,318;6419,288;6423,294;6427,306;6432,290;6436,316;6440,302;6445,314;6449,290;6453,304;6458,288;6462,314;6466,286;6471,312;6475,318;6479,286;6484,314;6488,298;6493,310;6497,302;6501,314;6506,284;6510,312;6514,282;6519,310;6523,314;6527,284;6532,310;6536,296;6540,308;6545,300;6549,312;6553,298;6558,310;6562,294;6567,308;6571,312;6575,270;6580,310;6584,294;6588,308;6593,292;6597,312;6601,296;6606,310;6610,280;6614,306;6619,290;6623,282;6628,308;6632,306;6636,306;6641,304;6645,310;6649,292;6654,320;6658,290;6662,304;6667,288;6671,292;6675,306;6680,290;6684,318;6688,302;6693,314;6697,290;6702,318;6706,290;6710,302;6715,300;6719,292;6723,316;6728,300;6732,314;6736,300;6741,312;6745,288;6749,300;6754,286;6758,282;6762,268;6767,274;6771,286;6776,258;6780,284;6784,268;6789,280;6793,258;6797,284;6802,254;6806,280;6810,252;6815,256;6819,282;6823,266;6828,294;6832,264;6836,290;6841,254;6845,280;6850,250;6854,278;6858,248;6863,276;6867,294;6871,266;6876,278;6880,262;6884,290;6889,268;6893,280;6897,266;6902,276;6906,262;6910,274;6915,294;6919,278;6924,290;6928,260;6932,274;6937,250;6941,276;6945,260;6950,272;6954,272;6958,284;6963,276;6967,260;6971,272;6976,228;6980,284;6985,268;6989,274;6993,244;6998,270;7002,256;7006,268;7011,252;7015,272;7019,284;7024,254;7028,282;7032,266;7037,284;7041,254;7045,282;7050,252;7054,264;7059,236;7063,282;7067,280;7072,264;7076,278;7080,234;7085,290;7089,266;7093,278;7098,250;7102,276;7106,260;7111,266;7115,278;7119,234;7124,290;7128,274;7133,286;7137,264;7141,276;7146,246;7150,288;7154,258;7159,248;7163,274;7167,244;7172,286;7176,256;7180,284;7185,260;7189,272;7193,258;7198,284;) of size 460\r\nSTEPPER: Moving to mstep: 5200 with speed [msteps/sec]: 4000 in SpreadCycle.\r\n'), 14:08:34
bytearray(b'STEPPER: Moved 2000.00 msteps (ramp: 35%) in 699.756 ms -> average speed [msteps/sec]: 2858.14\r\nSTEPPER: Moving to mstep: 7200 with speed [msteps/sec]: 1000 in StealthChop.\r\n'), 14:08:35
bytearray(b'STEPPER: Estimate 4: [msteps] 6780\r\nSTEPPER: buffer (5200,284;5204,328;5208,300;5213,326;5217,302;5221,316;5226,300;5230,328;5234,298;5239,326;5243,330;5247,314;5252,326;5256,312;5260,324;5265,300;5269,314;5274,298;5278,326;5282,310;5287,336;5291,316;5295,314;5300,326;5304,310;5308,322;5313,320;5317,326;5321,296;5326,322;5330,306;5334,320;5339,304;5343,322;5348,322;5352,318;5356,318;5361,316;5365,336;5369,306;5374,320;5378,304;5382,330;5387,300;5391,320;5395,332;5400,316;5404,330;5408,314;5413,326;5417,318;5422,330;5426,300;5430,326;5435,312;5439,316;5443,330;5448,314;5452,326;5456,312;5461,324;5465,300;5469,326;5474,310;5478,324;5482,294;5487,314;5491,326;5496,324;5500,322;5504,320;5509,320;5513,310;5517,324;5522,292;5526,320;5530,304;5535,332;5539,322;5543,306;5548,318;5552,318;5557,316;5561,306;5565,332;5570,304;5574,330;5578,314;5583,328;5587,332;5591,316;5596,344;5600,314;5604,328;5609,310;5613,330;5617,300;5622,326;5626,298;5631,338;5635,308;5639,312;5644,326;5648,310;5652,322;5657,292;5661,326;5665,308;5670,322;5674,306;5678,334;5683,304;5687,322;5691,336;5696,320;5700,332;5705,316;5709,322;5713,292;5718,318;5722,302;5726,328;5731,314;5735,306;5739,318;5744,314;5748,328;5752,312;5757,326;5761,316;5765,328;5770,300;5774,326;5779,298;5783,316;5787,328;5792,312;5796,326;5800,310;5805,336;5809,298;5813,312;5818,298;5822,324;5826,308;5831,334;5835,326;5840,310;5844,322;5848,308;5853,320;5857,310;5861,338;5866,308;5870,336;5874,320;5879,332;5883,324;5887,322;5892,334;5896,320;5900,330;5905,308;5909,320;5914,302;5918,328;5922,298;5927,326;5931,330;5935,314;5940,326;5944,312;5948,324;5953,308;5957,326;5961,310;5966,322;5970,306;5974,320;5979,318;5983,308;5988,332;5992,306;5996,332;6001,314;6005,334;6009,290;6014,316;6018,302;6022,328;6027,312;6031,316;6035,328;6040,312;6044,324;6048,310;6053,336;6057,298;6062,324;6066,308;6070,320;6075,304;6079,324;6083,336;6088,320;6092,332;6096,318;6101,330;6105,306;6109,332;6114,302;6118,328;6122,312;6127,326;6131,330;6136,314;6140,326;6144,312;6149,324;6153,316;6157,328;6162,312;6166,324;6170,308;6175,322;6179,326;6183,312;6188,324;6192,308;6196,334;6201,294;6205,322;6210,306;6214,320;6218,304;6223,330;6227,334;6231,318;6236,332;6240,316;6244,328;6249,312;6253,332;6257,316;6262,344;6266,298;6271,326;6275,318;6279,316;6284,342;6288,326;6292,326;6297,324;6301,314;6305,298;6310,340;6314,310;6318,336;6323,306;6327,312;6331,338;6336,322;6340,320;6345,306;6349,332;6353,310;6358,322;6362,306;6366,332;6371,318;6375,322;6379,320;6384,318;6388,330;6392,316;6397,328;6401,304;6405,318;6410,302;6414,314;6419,284;6423,304;6427,316;6432,312;6436,312;6440,296;6445,310;6449,300;6453,312;6458,296;6462,308;6466,292;6471,298;6475,308;6480,294;6484,306;6488,306;6493,304;6497,294;6501,306;6506,290;6510,304;6514,288;6519,316;6523,320;6527,276;6532,316;6536,302;6540,314;6545,290;6549,304;6554,288;6558,300;6562,298;6567,310;6571,302;6575,300;6580,312;6584,284;6588,310;6593,280;6597,314;6601,298;6606,310;6610,280;6614,306;6619,292;6623,284;6628,308;6632,294;6636,308;6641,276;6645,310;6649,294;6654,322;6658,306;6662,318;6667,290;6671,280;6675,306;6680,292;6684,304;6688,302;6693,292;6697,292;6702,318;6706,288;6710,300;6715,286;6719,304;6723,304;6728,288;6732,314;6736,300;6741,312;6745,290;6749,302;6754,286;6758,298;6762,284;6767,274;6771,286;6776,286;6780,298;6784,268;6789,280;6793,272;6797,284;6802,254;6806,268;6810,252;6815,272;6819,284;6823,238;6828,294;6832,280;6837,292;6841,268;6845,280;6850,252;6854,278;6858,264;6863,290;6867,282;6871,280;6876,280;6880,264;6884,276;6889,254;6893,280;6897,252;6902,278;6906,262;6911,274;6915,294;6919,252;6924,264;6928,234;6932,290;6937,266;6941,280;6945,264;6950,276;6954,248;6958,274;6963,280;6967,264;6972,276;6976,260;6980,274;6985,230;6989,278;6993,262;6998,276;7002,246;7006,274;7011,244;7015,264;7019,290;7024,260;7028,272;7032,242;7037,276;7041,260;7046,274;7050,258;7054,286;7059,258;7063,262;7067,274;7072,258;7076,272;7080,270;7085,282;7089,260;7093,272;7098,256;7102,268;7106,268;7111,230;7115,286;7120,282;7124,294;7128,280;7133,278;7137,270;7141,282;7146,266;7150,292;7154,264;7159,254;7163,266;7167,266;7172,278;7176,262;7180,276;7185,266;7189,280;7194,264;7198,290;) of size 460\r\nSTEPPER: Moving to mstep: 5200 with speed [msteps/sec]: 4000 in SpreadCycle.\r\n'), 14:08:37
bytearray(b'STEPPER: Moved 2000.00 msteps (ramp: 35%) in 699.756 ms -> average speed [msteps/sec]: 2858.14\r\nSTEPPER: Moving to mstep: 7200 with speed [msteps/sec]: 1000 in StealthChop.\r\n'), 14:08:38
bytearray(b'STEPPER: Estimate 5: [msteps] 6758\r\nSTEPPER: buffer (5200,288;5204,328;5208,312;5213,326;5217,302;5221,330;5226,300;5230,314;5234,298;5239,324;5243,330;5247,314;5252,328;5256,326;5260,324;5265,302;5269,328;5274,314;5278,326;5282,310;5287,324;5291,328;5295,328;5300,328;5304,324;5308,324;5313,322;5317,328;5321,312;5326,324;5330,296;5334,322;5339,306;5343,312;5348,324;5352,324;5356,322;5361,308;5365,326;5369,310;5374,324;5378,308;5382,320;5387,306;5391,324;5395,338;5400,322;5404,336;5408,320;5413,332;5417,296;5422,322;5426,308;5430,334;5435,304;5439,322;5443,322;5448,308;5452,334;5456,304;5461,318;5465,308;5469,322;5474,304;5478,330;5482,302;5487,330;5491,320;5496,320;5500,332;5504,316;5509,330;5513,306;5517,320;5522,304;5526,330;5530,300;5535,314;5539,318;5543,318;5548,330;5552,316;5556,328;5561,306;5565,332;5570,316;5574,316;5578,314;5583,328;5587,332;5591,316;5596,330;5600,316;5604,328;5609,312;5613,330;5617,316;5622,330;5626,300;5630,328;5635,312;5639,318;5644,330;5648,316;5652,328;5657,312;5661,346;5665,316;5670,330;5674,300;5678,328;5683,312;5687,320;5691,332;5696,316;5700,330;5705,314;5709,326;5713,304;5718,330;5722,316;5726,328;5731,300;5735,318;5739,330;5744,316;5748,316;5752,314;5757,328;5761,304;5765,316;5770,314;5774,328;5779,312;5783,318;5787,330;5792,316;5796,342;5800,314;5805,326;5809,302;5813,314;5818,312;5822,340;5826,310;5831,324;5835,330;5839,312;5844,326;5848,310;5853,322;5857,314;5861,326;5866,310;5870,338;5874,308;5879,322;5883,326;5887,324;5892,324;5896,322;5900,320;5905,298;5909,324;5913,294;5918,320;5922,306;5927,318;5931,324;5935,308;5940,320;5944,306;5948,318;5953,316;5957,336;5961,306;5966,318;5970,304;5974,330;5979,314;5983,320;5987,332;5992,316;5996,328;6001,314;6005,318;6009,304;6014,316;6018,314;6022,328;6027,298;6031,318;6035,316;6040,314;6044,328;6048,312;6053,326;6057,316;6061,330;6066,300;6070,328;6075,312;6079,318;6083,330;6088,316;6092,328;6096,314;6101,326;6105,302;6109,330;6114,300;6118,312;6122,298;6127,324;6131,328;6136,312;6140,326;6144,324;6149,322;6153,314;6157,326;6162,312;6166,324;6170,308;6175,336;6179,326;6183,312;6188,338;6192,322;6196,334;6201,312;6205,326;6210,310;6214,324;6218,294;6223,320;6227,324;6231,310;6236,336;6240,322;6244,320;6249,316;6253,336;6257,306;6262,320;6266,304;6271,332;6275,302;6279,320;6284,320;6288,318;6292,332;6297,330;6301,320;6305,306;6310,318;6314,304;6318,330;6323,300;6327,320;6331,332;6336,318;6340,316;6345,314;6349,320;6353,318;6358,332;6362,316;6366,314;6371,314;6375,320;6379,330;6384,302;6388,328;6392,312;6397,326;6401,302;6405,316;6410,298;6414,312;6419,296;6423,302;6427,314;6432,314;6436,312;6440,296;6445,310;6449,300;6453,314;6458,286;6462,312;6466,296;6471,310;6475,314;6479,286;6484,312;6488,296;6493,310;6497,300;6501,314;6506,284;6510,310;6514,282;6519,308;6523,314;6527,284;6532,312;6536,282;6540,308;6545,294;6549,312;6553,298;6558,296;6562,282;6567,308;6571,314;6575,284;6580,312;6584,296;6588,322;6593,292;6597,298;6601,284;6606,308;6610,294;6614,308;6619,292;6623,298;6627,308;6632,294;6636,308;6641,278;6645,312;6649,296;6654,308;6658,294;6662,320;6667,290;6671,296;6675,308;6680,308;6684,320;6688,276;6693,304;6697,294;6702,308;6706,292;6710,306;6715,290;6719,294;6723,308;6728,306;6732,306;6736,290;6741,302;6745,292;6749,306;6754,290;6758,288;6762,272;6767,278;6771,290;6776,260;6780,288;6784,272;6789,284;6793,276;6797,288;6802,258;6806,272;6810,256;6815,276;6819,288;6823,246;6828,286;6832,270;6837,282;6841,260;6845,286;6850,270;6854,284;6858,266;6863,280;6867,286;6871,270;6876,282;6880,238;6884,280;6889,272;6893,284;6897,268;6902,280;6906,280;6911,278;6915,284;6919,282;6924,280;6928,252;6932,278;6937,254;6941,268;6945,252;6950,266;6954,262;6958,276;6963,282;6967,236;6971,278;6976,276;6980,288;6985,260;6989,278;6993,262;6998,274;7002,258;7006,272;7011,256;7015,232;7019,288;7024,274;7028,286;7032,270;7037,274;7041,246;7045,272;7050,256;7054,270;7059,268;7063,274;7067,286;7072,270;7076,270;7080,254;7085,282;7089,258;7093,270;7098,270;7102,268;7106,266;7111,244;7115,272;7119,256;7124,282;7128,240;7133,266;7137,258;7141,270;7146,256;7150,268;7154,266;7159,244;7163,272;7167,228;7172,282;7176,282;7180,280;7185,258;7189,270;7193,268;7198,282;) of size 460\r\nSTEPPER: Moving to mstep: 5200 with speed [msteps/sec]: 4000 in SpreadCycle.\r\n'), 14:08:40
bytearray(b'STEPPER: Moved 2000.00 msteps (ramp: 35%) in 699.756 ms -> average speed [msteps/sec]: 2858.14\r\nSTEPPER: Moving to mstep: 7200 with speed [msteps/sec]: 1000 in StealthChop.\r\n'), 14:08:41
bytearray(b'STEPPER: Estimate 6: [msteps] 6789\r\nSTEPPER: buffer (5200,280;5204,320;5208,318;5213,330;5217,306;5221,320;5226,304;5230,330;5234,316;5239,342;5243,318;5247,316;5252,330;5256,314;5260,328;5265,304;5269,330;5273,314;5278,328;5282,312;5287,324;5291,316;5295,314;5300,328;5304,312;5308,326;5313,310;5317,328;5321,314;5326,326;5330,312;5334,324;5339,308;5343,314;5348,326;5352,310;5356,324;5361,308;5365,326;5369,312;5374,324;5378,310;5382,322;5387,306;5391,310;5395,338;5400,322;5404,334;5408,318;5413,330;5417,322;5422,334;5426,318;5430,330;5435,300;5439,320;5443,332;5448,316;5452,330;5456,314;5461,328;5465,304;5469,344;5474,300;5478,326;5482,310;5487,336;5491,326;5496,312;5500,324;5504,310;5509,322;5513,310;5517,324;5522,308;5526,334;5530,320;5535,330;5539,322;5543,306;5548,318;5552,318;5556,328;5561,306;5565,332;5570,318;5574,330;5578,300;5583,314;5587,332;5591,318;5596,330;5600,316;5604,328;5609,312;5613,330;5617,302;5622,328;5626,298;5630,324;5635,310;5639,314;5644,328;5648,312;5652,324;5657,310;5661,342;5665,312;5670,324;5674,308;5678,322;5683,320;5687,312;5691,324;5696,308;5700,320;5705,320;5709,324;5713,308;5718,322;5722,306;5726,318;5731,318;5735,308;5739,320;5744,306;5748,318;5752,316;5757,330;5761,320;5765,320;5770,304;5774,330;5779,314;5783,306;5787,332;5792,316;5796,328;5800,314;5805,340;5809,316;5813,316;5818,300;5822,326;5826,310;5831,324;5835,328;5839,312;5844,326;5848,310;5853,322;5857,312;5861,326;5866,310;5870,322;5874,308;5879,334;5883,324;5887,310;5892,322;5896,320;5900,332;5905,318;5909,322;5913,306;5918,320;5922,318;5927,332;5931,322;5935,308;5940,320;5944,318;5948,330;5953,314;5957,334;5961,318;5966,332;5970,302;5974,314;5979,298;5983,318;5987,330;5992,314;5996,326;6001,312;6005,330;6009,300;6014,326;6018,298;6022,324;6027,308;6031,314;6035,326;6040,310;6044,324;6048,308;6053,322;6057,312;6062,338;6066,308;6070,322;6075,306;6079,326;6083,326;6088,324;6092,322;6096,320;6101,320;6105,310;6109,324;6114,308;6118,320;6122,304;6127,332;6131,324;6136,308;6140,320;6144,304;6149,318;6153,322;6157,336;6162,320;6166,320;6170,304;6175,330;6179,336;6183,306;6188,330;6192,316;6196,330;6201,306;6205,334;6210,304;6214,330;6218,316;6223,328;6227,320;6231,318;6236,330;6240,314;6244,326;6249,308;6253,330;6257,300;6262,326;6266,298;6271,324;6275,308;6279,314;6284,326;6288,310;6292,324;6297,322;6301,326;6305,310;6310,322;6314,294;6318,320;6323,304;6327,324;6331,322;6336,322;6340,320;6345,318;6349,324;6353,308;6358,320;6362,306;6366,332;6371,316;6375,308;6379,322;6384,306;6388,332;6392,302;6397,316;6401,306;6405,318;6410,302;6414,316;6419,300;6423,292;6427,318;6432,302;6436,316;6440,286;6445,298;6449,290;6453,316;6458,302;6462,328;6466,300;6471,290;6475,302;6479,300;6484,312;6488,296;6493,296;6497,286;6501,300;6506,298;6510,310;6514,280;6519,308;6523,312;6527,296;6532,308;6536,294;6540,306;6545,298;6549,310;6553,296;6558,308;6562,306;6567,304;6571,310;6575,294;6580,306;6584,290;6588,304;6593,288;6597,306;6601,278;6606,304;6610,288;6614,302;6619,286;6623,292;6627,304;6632,288;6636,302;6641,300;6645,320;6649,290;6654,316;6658,288;6662,314;6667,298;6671,288;6675,300;6680,286;6684,312;6688,298;6693,310;6697,302;6702,300;6706,284;6710,310;6715,296;6719,288;6723,300;6728,298;6732,312;6736,296;6741,310;6745,288;6749,300;6754,284;6758,296;6762,282;6767,258;6771,300;6776,284;6780,298;6784,282;6789,294;6793,256;6797,284;6802,268;6806,282;6810,266;6815,272;6819,298;6823,268;6828,282;6832,238;6837,294;6841,256;6845,284;6850,254;6854,266;6858,266;6863,278;6867,284;6871,282;6876,280;6880,252;6884,278;6889,256;6893,268;6897,252;6902,280;6906,264;6911,278;6915,284;6919,282;6924,280;6928,252;6932,278;6937,234;6941,282;6945,266;6950,280;6954,264;6958,276;6963,282;6967,254;6971,280;6976,266;6980,292;6985,276;6989,282;6993,252;6998,266;7002,248;7006,276;7011,260;7015,266;7019,292;7024,234;7028,288;7032,286;7037,278;7041,248;7045,274;7050,244;7054,272;7059,256;7063,276;7067,288;7072,258;7076,272;7080,256;7085,282;7089,260;7093,272;7098,242;7102,284;7106,268;7111,274;7115,272;7119,256;7124,270;7128,268;7133,280;7137,270;7141,270;7146,268;7150,282;7154,264;7159,278;7163,282;7167,252;7172,280;7176,264;7180,276;7185,268;7189,282;7193,266;7198,278;) of size 460\r\nSTEPPER: Moving to mstep: 5200 with speed [msteps/sec]: 4000 in SpreadCycle.\r\n'), 14:08:43
bytearray(b'STEPPER: Moved 2000.00 msteps (ramp: 35%) in 699.756 ms -> average speed [msteps/sec]: 2858.14\r\nSTEPPER: Moving to mstep: 7200 with speed [msteps/sec]: 1000 in StealthChop.\r\n'), 14:08:44
bytearray(b'STEPPER: Estimate 7: [msteps] 6741\r\nSTEPPER: buffer (5200,286;5204,322;5208,292;5213,332;5217,296;5221,322;5226,306;5230,320;5234,304;5239,332;5243,320;5247,304;5252,332;5256,314;5260,328;5265,304;5269,330;5274,316;5278,328;5282,298;5287,326;5291,316;5295,316;5300,328;5304,314;5308,324;5313,310;5317,328;5321,298;5326,326;5330,296;5334,322;5339,308;5343,314;5348,326;5352,310;5356,322;5361,308;5365,326;5369,312;5374,324;5378,308;5382,322;5387,306;5391,310;5395,338;5400,308;5404,334;5408,318;5413,332;5417,296;5422,320;5426,304;5430,332;5435,302;5439,320;5443,320;5448,318;5452,330;5456,314;5461,326;5465,316;5469,332;5474,316;5478,328;5482,298;5487,326;5491,330;5496,316;5500,328;5504,314;5509,326;5513,316;5517,330;5522,300;5526,326;5530,298;5535,324;5539,328;5543,314;5548,326;5552,312;5556,324;5561,308;5565,328;5570,298;5574,324;5578,308;5583,336;5587,326;5591,310;5596,324;5600,308;5604,334;5609,320;5613,324;5617,294;5622,320;5626,304;5630,332;5635,302;5639,308;5644,318;5648,316;5652,328;5657,314;5661,334;5665,302;5670,330;5674,300;5678,326;5683,310;5687,330;5691,328;5696,326;5700,324;5705,324;5709,322;5713,298;5718,326;5722,296;5726,322;5731,308;5735,314;5739,326;5744,324;5748,322;5752,322;5757,320;5761,310;5765,324;5770,308;5774,334;5779,306;5783,310;5787,324;5792,322;5796,334;5800,304;5805,330;5809,308;5813,334;5818,304;5822,330;5826,302;5831,342;5835,318;5839,316;5844,330;5848,314;5853,326;5857,304;5861,330;5866,302;5870,328;5874,298;5879,324;5883,316;5887,314;5892,340;5896,326;5900,324;5905,322;5909,326;5913,298;5918,324;5922,294;5927,320;5931,326;5935,310;5940,308;5944,306;5948,320;5953,318;5957,322;5961,308;5966,320;5970,304;5974,330;5979,300;5983,318;5987,332;5992,316;5996,328;6001,312;6005,332;6009,302;6014,328;6018,300;6022,324;6027,308;6031,314;6035,326;6040,310;6044,322;6048,308;6053,332;6057,310;6061,338;6066,306;6070,334;6075,304;6079,308;6083,320;6088,320;6092,332;6096,316;6101,330;6105,306;6109,318;6114,302;6118,330;6122,300;6127,326;6131,330;6136,314;6140,328;6144,312;6149,324;6153,316;6157,330;6162,314;6166,326;6170,310;6175,324;6179,330;6183,314;6188,326;6192,310;6196,324;6201,300;6205,326;6210,298;6214,324;6218,308;6223,322;6227,326;6231,324;6236,324;6240,308;6244,320;6249,306;6253,326;6257,308;6262,322;6266,306;6271,332;6275,304;6279,308;6284,320;6288,318;6292,318;6297,316;6301,320;6305,292;6310,332;6314,304;6318,330;6323,300;6327,320;6331,332;6336,316;6340,330;6345,314;6349,326;6353,316;6358,330;6362,302;6366,326;6371,298;6375,318;6379,330;6384,314;6388,328;6392,312;6397,324;6401,302;6405,314;6410,286;6414,312;6419,296;6423,302;6427,314;6432,298;6436,312;6440,296;6445,308;6449,284;6453,312;6458,282;6462,322;6466,280;6471,306;6475,310;6479,296;6484,306;6488,292;6493,318;6497,280;6501,306;6506,292;6510,304;6514,288;6519,300;6523,318;6527,304;6532,302;6536,288;6540,314;6545,298;6549,302;6553,286;6558,300;6562,284;6567,310;6571,314;6575,300;6580,312;6584,296;6588,308;6593,308;6597,298;6601,282;6606,308;6610,294;6614,306;6619,290;6623,294;6627,308;6632,292;6636,318;6641,302;6645,306;6649,276;6654,304;6658,288;6662,314;6667,284;6671,290;6675,316;6680,314;6684,314;6688,298;6693,324;6697,286;6701,314;6706,282;6710,296;6715,294;6719,300;6723,310;6728,296;6732,308;6736,292;6741,306;6745,282;6749,294;6754,278;6758,290;6762,276;6767,280;6771,292;6776,248;6780,290;6784,274;6789,288;6793,262;6797,274;6802,272;6806,286;6810,268;6815,260;6819,272;6823,242;6828,284;6832,282;6836,294;6841,270;6845,282;6850,254;6854,294;6858,264;6863,254;6867,282;6871,266;6876,278;6880,262;6884,290;6889,264;6893,278;6897,262;6902,276;6906,260;6911,272;6915,290;6919,274;6924,288;6928,272;6932,286;6937,262;6941,274;6945,244;6950,272;6954,256;6958,282;6963,288;6967,258;6971,284;6976,268;6980,282;6985,266;6989,272;6993,254;6998,282;7002,252;7006,280;7011,264;7015,270;7019,296;7024,280;7028,292;7032,250;7037,282;7041,252;7045,280;7050,250;7054,278;7059,248;7063,266;7067,280;7072,264;7076,276;7080,260;7085,274;7089,250;7093,278;7098,262;7102,274;7106,260;7111,292;7115,292;7119,262;7124,276;7128,244;7133,286;7137,262;7141,276;7146,260;7150,272;7154,256;7159,234;7163,276;7167,274;7172,286;7176,272;7180,284;7185,246;7189,274;7193,244;7198,270;) of size 460\r\nSTEPPER: Moving to mstep: 5200 with speed [msteps/sec]: 4000 in SpreadCycle.\r\n'), 14:08:47
bytearray(b'STEPPER: Moved 2000.00 msteps (ramp: 35%) in 699.756 ms -> average speed [msteps/sec]: 2858.14\r\nSTEPPER: Moving to mstep: 7200 with speed [msteps/sec]: 1000 in StealthChop.\r\n'), 14:08:47
bytearray(b'STEPPER: Estimate 8: [msteps] 6754\r\nSTEPPER: buffer (5200,292;5204,308;5208,308;5213,320;5217,298;5221,324;5226,308;5230,334;5234,306;5239,332;5243,324;5247,308;5252,320;5256,304;5260,318;5265,302;5269,334;5274,304;5278,318;5282,302;5287,328;5291,320;5295,318;5300,318;5304,316;5308,328;5313,314;5317,318;5321,304;5326,330;5330,300;5334,314;5339,312;5343,316;5348,330;5352,314;5356,326;5361,310;5365,330;5369,300;5374,328;5378,310;5382,324;5387,310;5391,314;5395,326;5400,310;5404,338;5408,322;5413,334;5417,298;5422,324;5426,308;5430,336;5435,304;5439,310;5443,322;5448,306;5452,318;5456,304;5461,330;5465,306;5469,332;5474,318;5478,330;5482,314;5487,326;5491,330;5496,316;5500,328;5504,312;5509,322;5513,300;5517,326;5522,312;5526,324;5530,308;5535,334;5539,324;5543,308;5548,320;5552,320;5556,318;5561,316;5565,322;5570,306;5574,332;5578,318;5583,330;5587,322;5591,306;5596,332;5600,316;5604,330;5609,314;5613,320;5617,304;5622,332;5626,302;5630,328;5635,298;5639,318;5644,330;5648,316;5652,328;5657,312;5661,332;5665,316;5670,328;5674,300;5678,326;5683,296;5687,330;5691,328;5696,328;5700,326;5705,324;5709,324;5713,300;5718,326;5722,296;5726,324;5731,308;5735,314;5739,324;5744,310;5748,322;5752,318;5757,318;5761,308;5765,322;5770,304;5774,332;5779,302;5783,306;5787,334;5792,318;5796,330;5800,314;5805,340;5809,302;5813,316;5818,300;5822,326;5826,310;5831,324;5835,328;5839,312;5844,324;5848,308;5853,336;5857,310;5861,338;5866,308;5870,336;5874,304;5879,318;5883,322;5887,322;5892,334;5896,318;5900,330;5905,294;5909,320;5913,304;5918,318;5922,302;5927,328;5931,298;5935,318;5940,330;5944,314;5948,328;5953,312;5957,330;5961,302;5966,328;5970,312;5974,324;5979,308;5983,314;5987,326;5992,310;5996,338;6001,322;6005,314;6009,298;6014,324;6018,310;6022,322;6027,306;6031,310;6035,324;6040,308;6044,336;6048,306;6053,318;6057,310;6061,322;6066,308;6070,334;6075,304;6079,308;6083,320;6088,306;6092,332;6096,330;6101,330;6105,304;6109,318;6114,302;6118,328;6122,300;6127,328;6131,332;6135,316;6140,328;6144,312;6149,324;6153,316;6157,330;6162,314;6166,326;6170,312;6175,322;6179,328;6183,312;6188,324;6192,308;6196,336;6201,320;6205,324;6210,308;6214,322;6218,306;6223,332;6227,324;6231,322;6236,320;6240,318;6244,332;6249,316;6253,334;6257,306;6262,332;6266,304;6271,330;6275,300;6279,318;6284,330;6288,316;6292,328;6297,326;6301,330;6305,302;6310,328;6314,298;6318,324;6323,308;6327,314;6331,326;6336,326;6340,322;6345,320;6349,320;6353,312;6358,324;6362,308;6366,334;6371,304;6375,310;6379,336;6384,320;6388,320;6392,316;6397,328;6401,294;6405,318;6410,288;6414,314;6419,284;6423,304;6427,316;6432,302;6436,314;6440,312;6445,312;6449,288;6453,314;6458,298;6462,312;6466,282;6471,308;6475,312;6479,298;6484,310;6488,294;6493,308;6497,298;6501,310;6506,282;6510,308;6514,276;6519,318;6523,308;6527,292;6532,306;6536,304;6540,316;6545,294;6549,304;6553,290;6558,302;6562,286;6567,298;6571,318;6575,302;6580,314;6584,298;6588,312;6593,294;6597,314;6601,284;6606,310;6610,296;6614,308;6619,292;6623,296;6627,308;6632,294;6636,320;6641,304;6645,308;6649,278;6654,320;6658,290;6662,316;6667,286;6671,290;6675,302;6680,302;6684,300;6688,298;6693,310;6697,286;6701,312;6706,284;6710,310;6715,294;6719,300;6723,310;6728,296;6732,308;6736,294;6741,306;6745,282;6749,294;6754,280;6758,292;6762,262;6767,282;6771,294;6776,278;6780,290;6784,260;6789,288;6793,250;6797,290;6802,260;6806,286;6810,258;6815,262;6819,274;6823,244;6828,284;6832,270;6836,296;6841,258;6845,270;6850,268;6854,282;6858,266;6863,256;6867,268;6871,238;6876,280;6880,278;6884,292;6889,266;6893,268;6897,252;6902,278;6906,248;6910,276;6915,280;6919,266;6924,278;6928,232;6932,288;6937,274;6941,276;6945,262;6950,274;6954,258;6958,286;6963,256;6967,260;6971,286;6976,258;6980,284;6984,254;6989,286;6993,256;6998,270;7002,240;7006,266;7011,250;7015,268;7019,282;7024,252;7028,280;7032,264;7037,268;7041,238;7045,292;7050,264;7054,276;7059,274;7063,236;7067,278;7072,276;7076,290;7080,258;7085,270;7089,262;7093,274;7098,258;7102,272;7106,270;7111,274;7115,288;7119,272;7124,284;7128,254;7133,280;7137,256;7141,270;7146,254;7150,280;7154,262;7159,254;7163,280;7167,250;7172,278;7176,262;7180,288;7185,250;7189,276;7193,246;7198,288;) of size 460\r\nSTEPPER: Moving to mstep: 5200 with speed [msteps/sec]: 4000 in SpreadCycle.\r\n'), 14:08:50
bytearray(b'STEPPER: Moved 2000.00 msteps (ramp: 35%) in 699.756 ms -> average speed [msteps/sec]: 2858.14\r\nSTEPPER: Moving to mstep: 7200 with speed [msteps/sec]: 1000 in StealthChop.\r\n'), 14:08:51
bytearray(b'STEPPER: Estimate 9: [msteps] 6771\r\nSTEPPER: buffer (5200,286;5204,322;5208,320;5213,318;5217,310;5221,322;5226,306;5230,320;5234,304;5239,330;5243,322;5247,320;5252,332;5256,316;5260,330;5265,314;5269,334;5274,304;5278,318;5282,302;5287,328;5291,318;5295,316;5300,330;5304,314;5308,326;5313,326;5317,330;5321,300;5326,314;5330,298;5334,324;5339,322;5343,314;5348,326;5352,310;5356,324;5361,310;5365,328;5369,298;5374,326;5378,310;5382,322;5387,308;5391,314;5395,326;5400,324;5404,338;5408,322;5413,334;5417,298;5422,324;5426,308;5430,322;5435,306;5439,324;5443,324;5448,322;5452,320;5456,318;5461,318;5465,306;5469,334;5474,304;5478,332;5482,302;5487,328;5491,318;5496,318;5500,330;5504,314;5509,326;5513,302;5517,330;5522,300;5526,326;5530,310;5535,338;5539,314;5543,312;5548,326;5552,324;5556,322;5561,314;5565,340;5570,308;5574,322;5578,306;5583,332;5587,338;5591,308;5596,334;5600,318;5604,332;5609,316;5613,334;5617,318;5622,332;5626,302;5631,328;5635,298;5639,318;5644,330;5648,316;5652,328;5657,312;5661,332;5665,302;5670,328;5674,300;5678,326;5683,310;5687,316;5691,328;5696,312;5700,326;5705,324;5709,336;5713,298;5718,326;5722,296;5726,322;5731,308;5735,312;5739,326;5744,310;5748,322;5752,306;5757,318;5761,324;5765,324;5770,306;5774,318;5779,304;5783,308;5787,334;5792,318;5796,332;5800,316;5805,330;5809,304;5813,318;5818,300;5822,314;5826,298;5831,324;5835,330;5839,312;5844,326;5848,310;5853,324;5857,300;5861,326;5866,310;5870,324;5874,308;5879,320;5883,326;5887,310;5892,336;5896,336;5900,334;5905,298;5909,322;5913,294;5918,322;5922,306;5927,332;5931,322;5935,308;5940,320;5944,318;5948,330;5953,316;5957,320;5961,306;5966,332;5970,318;5974,330;5979,302;5983,320;5987,318;5992,316;5996,330;6001,314;6005,320;6009,304;6014,318;6018,302;6022,330;6027,300;6031,320;6035,318;6040,316;6044,330;6048,314;6053,326;6057,302;6062,330;6066,314;6070,328;6075,312;6079,316;6083,330;6088,314;6092,326;6096,312;6101,324;6105,314;6109,328;6114,298;6118,326;6122,296;6127,324;6131,342;6136,314;6140,326;6144,312;6149,324;6153,314;6157,328;6162,312;6166,324;6170,310;6175,324;6179,328;6183,312;6188,326;6192,312;6196,324;6201,300;6205,326;6210,298;6214,312;6218,298;6223,324;6227,328;6231,314;6236,326;6240,312;6244,324;6249,310;6253,342;6257,312;6262,326;6266,310;6271,324;6275,308;6279,314;6284,326;6288,324;6292,322;6297,322;6301,326;6305,296;6310,324;6314,294;6318,334;6323,304;6327,324;6331,324;6336,322;6340,322;6345,320;6349,318;6353,308;6358,322;6362,306;6366,320;6371,316;6375,308;6379,334;6384,304;6388,318;6392,302;6397,330;6401,290;6405,304;6410,288;6414,314;6419,300;6423,304;6427,316;6432,300;6436,314;6440,298;6445,310;6449,286;6453,314;6458,282;6462,310;6466,292;6471,284;6475,310;6479,308;6484,308;6488,292;6493,304;6497,282;6501,308;6506,292;6510,304;6514,288;6519,314;6523,306;6527,304;6532,316;6536,302;6540,314;6545,290;6549,304;6553,288;6558,300;6562,284;6567,312;6571,304;6575,288;6580,314;6584,298;6588,310;6593,296;6597,300;6601,284;6606,310;6610,282;6614,308;6619,278;6623,298;6628,310;6632,296;6636,308;6641,294;6645,312;6649,282;6654,310;6658,292;6662,306;6667,290;6671,310;6675,308;6680,292;6684,304;6688,304;6693,316;6697,280;6702,304;6706,290;6710,316;6715,286;6719,306;6723,318;6728,302;6732,316;6736,300;6741,312;6745,274;6749,288;6754,286;6758,298;6762,280;6767,272;6771,300;6776,270;6780,294;6784,280;6789,292;6793,268;6797,280;6802,266;6806,280;6810,262;6815,280;6819,294;6823,264;6828,290;6832,260;6837,288;6841,250;6845,276;6850,260;6854,286;6858,258;6863,284;6867,276;6871,258;6876,284;6880,270;6884,282;6889,258;6893,272;6897,256;6902,282;6906,252;6911,278;6915,284;6919,268;6924,280;6928,264;6932,292;6937,254;6941,280;6945,236;6950,278;6954,276;6958,276;6963,280;6967,248;6971,290;6976,274;6980,288;6985,272;6989,276;6993,246;6998,288;7002,258;7006,270;7011,268;7015,260;7019,286;7024,256;7028,284;7032,268;7037,272;7041,256;7045,282;7050,252;7054,294;7059,264;7063,240;7067,282;7072,266;7076,292;7080,264;7085,276;7089,266;7093,278;7098,264;7102,290;7106,260;7111,236;7115,292;7119,276;7124,288;7128,258;7133,272;7137,262;7141,274;7146,258;7150,284;7154,256;7159,260;7163,272;7167,242;7172,282;7176,268;7180,280;7185,270;7189,280;7193,266;7198,278;) of size 460\r\nSTEPPER: Moving to mstep: 5200 with speed [msteps/sec]: 4000 in SpreadCycle.\r\n'), 14:08:53
bytearray(b'STEPPER: Moved 2000.00 msteps (ramp: 35%) in 699.756 ms -> average speed [msteps/sec]: 2858.14\r\nSTEPPER: Moving to mstep: 7200 with speed [msteps/sec]: 1000 in StealthChop.\r\n'), 14:08:54
bytearray(b'STEPPER: Estimate 10: [msteps] 6745\r\nSTEPPER: buffer (5200,286;5204,318;5208,318;5213,316;5217,306;5221,318;5226,316;5230,330;5234,314;5239,342;5243,318;5247,316;5252,330;5256,314;5260,326;5265,302;5269,330;5274,300;5278,326;5282,298;5287,322;5291,328;5295,326;5300,326;5304,324;5308,324;5313,320;5317,324;5321,308;5326,324;5330,292;5334,320;5339,302;5343,322;5348,334;5352,318;5356,330;5361,314;5365,320;5369,304;5374,316;5378,314;5382,326;5387,312;5391,316;5395,328;5400,312;5404,324;5408,324;5413,336;5417,298;5422,326;5426,310;5430,336;5435,306;5439,312;5443,324;5448,308;5452,320;5456,306;5461,318;5465,308;5469,334;5474,304;5478,332;5482,314;5487,328;5491,332;5496,316;5500,328;5504,314;5509,324;5513,300;5517,326;5522,312;5526,324;5530,308;5535,336;5539,326;5543,310;5548,322;5552,322;5556,334;5561,310;5565,324;5570,308;5574,320;5578,304;5583,318;5587,336;5591,320;5596,334;5600,318;5604,330;5609,314;5613,320;5617,318;5622,332;5626,302;5630,328;5635,312;5639,318;5644,330;5648,314;5652,328;5657,312;5661,330;5665,314;5670,328;5674,312;5678,338;5683,310;5687,328;5691,326;5696,312;5700,324;5705,322;5709,334;5713,296;5718,324;5722,294;5726,320;5731,304;5735,324;5739,322;5744,306;5748,318;5752,318;5757,330;5761,320;5765,334;5770,302;5774,328;5779,300;5783,320;5787,332;5792,304;5796,330;5800,314;5805,326;5809,304;5813,330;5818,298;5822,326;5826,296;5831,322;5835,326;5839,312;5844,324;5848,308;5853,320;5857,312;5861,338;5866,308;5870,322;5874,306;5879,332;5883,324;5887,320;5892,334;5896,318;5900,330;5905,316;5909,334;5913,304;5918,330;5922,314;5927,328;5931,318;5935,316;5940,316;5944,314;5948,326;5953,310;5957,316;5961,312;5966,326;5970,312;5974,324;5979,294;5983,314;5987,340;5992,312;5996,324;6001,322;6005,326;6009,312;6014,324;6018,308;6022,320;6027,306;6031,310;6035,322;6040,320;6044,320;6048,304;6053,316;6057,308;6061,334;6066,304;6070,330;6075,302;6079,320;6083,318;6088,318;6092,330;6096,314;6101,328;6105,304;6109,330;6114,300;6118,328;6122,312;6127,324;6131,330;6135,314;6140,326;6144,310;6149,324;6153,314;6157,326;6162,312;6166,324;6170,308;6175,322;6179,328;6183,312;6188,324;6192,310;6196,336;6201,320;6205,326;6210,310;6214,338;6218,306;6223,332;6227,324;6231,308;6236,320;6240,306;6244,318;6249,316;6253,336;6257,306;6262,334;6266,302;6271,330;6275,314;6279,292;6284,318;6288,318;6292,330;6297,314;6301,334;6305,304;6310,318;6314,300;6318,328;6323,298;6327,318;6331,330;6336,316;6340,328;6345,312;6349,324;6353,316;6358,330;6362,312;6366,326;6371,310;6375,300;6379,326;6384,312;6388,324;6392,308;6397,336;6401,284;6405,312;6410,296;6414,308;6419,292;6423,298;6427,312;6432,310;6436,308;6440,294;6445,306;6449,282;6453,324;6458,294;6462,306;6466,292;6471,304;6475,310;6479,280;6484,308;6488,306;6493,306;6497,296;6501,308;6506,294;6510,292;6514,290;6519,302;6523,308;6527,292;6532,304;6536,290;6540,302;6545,292;6549,306;6553,304;6558,302;6562,288;6567,300;6571,306;6575,304;6580,316;6584,288;6588,300;6593,298;6597,304;6601,302;6606,314;6610,298;6614,312;6619,282;6623,302;6627,314;6632,300;6636,312;6641,296;6645,316;6649,300;6654,314;6658,284;6662,312;6667,296;6671,300;6675,312;6680,284;6684,310;6688,296;6693,308;6697,298;6702,310;6706,294;6710,308;6715,278;6719,312;6723,310;6728,310;6732,322;6736,278;6741,304;6745,282;6749,294;6754,278;6758,304;6762,276;6767,280;6771,294;6776,278;6780,290;6784,246;6789,288;6793,264;6797,292;6802,276;6806,288;6810,272;6815,278;6819,290;6823,276;6828,288;6832,258;6837,286;6841,262;6845,290;6850,260;6854,286;6858,256;6863,284;6867,288;6871,274;6876,272;6880,256;6884,270;6889,272;6893,286;6897,270;6902,270;6906,268;6911,280;6915,272;6919,242;6924,284;6928,282;6932,294;6937,256;6941,284;6945,254;6950,268;6954,266;6958,278;6963,284;6967,268;6971,280;6976,266;6980,278;6985,234;6989,282;6993,266;6998,292;7002,264;7006,276;7011,260;7015,236;7019,292;7024,276;7028,290;7032,274;7037,280;7041,250;7045,276;7050,260;7054,288;7059,258;7063,276;7067,276;7072,260;7076,272;7080,270;7085,282;7089,260;7093,272;7098,272;7102,284;7106,254;7111,274;7115,272;7119,258;7124,270;7128,268;7133,280;7137,270;7141,284;7146,254;7150,266;7154,252;7159,278;7163,282;7167,238;7172,280;7176,264;7180,290;7185,268;7189,280;7193,264;7198,276;) of size 460\r\nSTEPPER: Final estimate: [mstep] 6757\r\nFound dispense position: [\xc2\xb5m] 33765\r\nreturn;find;6753\r\n'), 14:08:56
